image_id,site,label,root_key,relative_path,image_sha256,alias_released_ids
gdph_sysucc/benign(0),SYSUCC,0,auxiliary,SYSUCC/benign(0).png,5514881b4f3f762825e3497e59ebc52e65e6a73bfe26bead85de496020057e24,benign(0)
gdph_sysucc/benign(1),SYSUCC,0,auxiliary,SYSUCC/benign(1).png,d634184cfe4e5a230381207112576ffdc7bc5c4ab3fb264c00dccb1c8b0c55cb,benign(1)
gdph_sysucc/benign(10),SYSUCC,0,auxiliary,SYSUCC/benign(10).png,f859449f78494deba23f898b1067f787ad78fb37d6db4a3a871719a2307b3384,benign(10)
gdph_sysucc/benign(100),SYSUCC,0,auxiliary,SYSUCC/benign(100).png,1e32067e3393397016012cbfdc2144dd5060e39c990da1935fb0b35206f9d256,benign(100)
gdph_sysucc/benign(101),SYSUCC,0,auxiliary,SYSUCC/benign(101).png,7051a05e570a4fce003f385f2aa94ce7801ac9566cbe3cc4333dc5b3bc86e04b,benign(101)
gdph_sysucc/benign(102),SYSUCC,0,auxiliary,SYSUCC/benign(102).png,8425729ed4a4697fd1f878459f663f4eae95c38264150afc2e26d75c1b61592f,benign(102)
gdph_sysucc/benign(103),SYSUCC,0,auxiliary,SYSUCC/benign(103).png,20c52430238fa23a28acbdd8ba5c1c584938494c39199cb84e4f4d9592c5235c,benign(103)
gdph_sysucc/benign(104),SYSUCC,0,auxiliary,SYSUCC/benign(104).png,29a043c622ba23cdd0fe647724060c0c01a8c6268a1236a59a4cfea9e373285f,benign(104)
gdph_sysucc/benign(105),SYSUCC,0,auxiliary,SYSUCC/benign(105).png,ce0bc69f507db09412cc79954d881e994969700e4c4d42bf82751f4ba9bbabf7,benign(105)
gdph_sysucc/benign(106),SYSUCC,0,auxiliary,SYSUCC/benign(106).png,0f303aeac386f76e53ef47ffa7d99ad182a422ca4f46d181af91e7ff5234afc6,benign(106)
gdph_sysucc/benign(107),SYSUCC,0,auxiliary,SYSUCC/benign(107).png,551ee4dbe5194cdc5af57a3d7fa0a00117b65b306cef20c66ffc6ca9b7ca4d44,benign(107)
gdph_sysucc/benign(108),SYSUCC,0,auxiliary,SYSUCC/benign(108).png,2b0d034345920ed4d4d2c16bd9b106a41e527f7fba0b77f2341dc49ed3814243,benign(108)
gdph_sysucc/benign(109),SYSUCC,0,auxiliary,SYSUCC/benign(109).png,8ea3d65eda099ac67d42fad5c39779128b05a054e72fd7808971924db1ddcfbd,benign(109)
gdph_sysucc/benign(11),SYSUCC,0,auxiliary,SYSUCC/benign(11).png,7ee656d6579d3126f5e3bc40e25dd33bc6a534a0aa80546538dca8d8398e9ef6,benign(11)
gdph_sysucc/benign(110),SYSUCC,0,auxiliary,SYSUCC/benign(110).png,84b6dcad5bfe9df5f0537034d32a7e69e5ff08bf9871e8ec14e9547f386a7edb,benign(110)
gdph_sysucc/benign(111),SYSUCC,0,auxiliary,SYSUCC/benign(111).png,cf03de4a999c6fcfbdb2ecd8ea0b57a67a4e8e2b159fac1230ffb02721b4abef,benign(111)
gdph_sysucc/benign(112),SYSUCC,0,auxiliary,SYSUCC/benign(112).png,7fca1f4718c62b6502c690de2a436d8453de6520ce89085a700c83a4c1876792,benign(112)
gdph_sysucc/benign(113),SYSUCC,0,auxiliary,SYSUCC/benign(113).png,67d09cb7a0cc015f13af662ec6c7b0fcd3d95d52edba38d97da1b71bb9c2eaed,benign(113)
gdph_sysucc/benign(114),SYSUCC,0,auxiliary,SYSUCC/benign(114).png,bc1bb944f9d268d864a16c9dc89184dd2f5e7dc516b6be5b40db4eeed4a742fc,benign(114)
gdph_sysucc/benign(115),SYSUCC,0,auxiliary,SYSUCC/benign(115).png,430f11fc6fccfe27ab3a522a59b05168113e4d146f00c96e65f219f6e0e7867a,benign(115)
gdph_sysucc/benign(116),SYSUCC,0,auxiliary,SYSUCC/benign(116).png,b23a1bfeff8cd62a01be733ac090ba2f00debb1a21f59325ba3dd575ea351bc7,benign(116)|benign(147)
gdph_sysucc/benign(117),SYSUCC,0,auxiliary,SYSUCC/benign(117).png,6b9802da03ce67f6ac329e8ace768994bca5ef15c7143f80d5150a2e5f418b13,benign(117)|benign(148)
gdph_sysucc/benign(118),SYSUCC,0,auxiliary,SYSUCC/benign(118).png,187ae26dc1031eb0afd277b6c518c31ca427314efb2e1168b5dc60310247fb12,benign(118)
gdph_sysucc/benign(119),SYSUCC,0,auxiliary,SYSUCC/benign(119).png,1a5f98f0a1463768a740779d40591125fc3f4d3b07744a6776db6cafaa793243,benign(119)
gdph_sysucc/benign(12),SYSUCC,0,auxiliary,SYSUCC/benign(12).png,08fde9e57ed70c96367f24bee99f8d081250c9a6e49f5d91e264943738b7bb22,benign(12)
gdph_sysucc/benign(120),SYSUCC,0,auxiliary,SYSUCC/benign(120).png,86b38afa53b99fab358c00df1326b5e797ae1d2af4df51d6542f2de895aaf626,benign(120)
gdph_sysucc/benign(121),SYSUCC,0,auxiliary,SYSUCC/benign(121).png,9781ac72ceb9303c6517dbb3389f9385be16fb9cdbc5292c8cd790f8b008770d,benign(121)
gdph_sysucc/benign(122),SYSUCC,0,auxiliary,SYSUCC/benign(122).png,9e59d7bd0457e90d7324a37cb9b8d0becfb8e1efad513abdd4d253832d248016,benign(122)
gdph_sysucc/benign(123),SYSUCC,0,auxiliary,SYSUCC/benign(123).png,73d04b322c93fe4369ede634f10b29992566cbfdf2f7a91e6a1b9d121070ca51,benign(123)
gdph_sysucc/benign(124),SYSUCC,0,auxiliary,SYSUCC/benign(124).png,09d90d3330d8a4b3e5c6b4b1112f104bca8631e83db16804661565b84c7dd71d,benign(124)
gdph_sysucc/benign(125),SYSUCC,0,auxiliary,SYSUCC/benign(125).png,4203967f34e937ddef932db12546edd486403e953cce953e02d5b2406992a9a2,benign(125)
gdph_sysucc/benign(126),SYSUCC,0,auxiliary,SYSUCC/benign(126).png,7de7a74070f4f8c1fe719c982316ffa307d038d098e994d38cd96e920ffa6095,benign(126)
gdph_sysucc/benign(127),SYSUCC,0,auxiliary,SYSUCC/benign(127).png,da8e223d353b0a7e821e48c49a18d58a89ed688984808ac26054ec7f62265138,benign(127)
gdph_sysucc/benign(128),SYSUCC,0,auxiliary,SYSUCC/benign(128).png,f646079fb748a86b2300507cef84418142f65690fd27a1d71fe0b80e6daf7407,benign(128)
gdph_sysucc/benign(129),SYSUCC,0,auxiliary,SYSUCC/benign(129).png,7da2f7ad3acd8468451be7b83e2460bd690d308c5951e232f12ae039bfd8e3d1,benign(129)
gdph_sysucc/benign(13),SYSUCC,0,auxiliary,SYSUCC/benign(13).png,7e9d5908f7e5c715914943bfb4a2b5bf5df5261e20e2004579b952a75906f983,benign(13)
gdph_sysucc/benign(130),SYSUCC,0,auxiliary,SYSUCC/benign(130).png,0d9e72db55ffae39999e420dadab9e6255265283da3e140d0e634e852c6218ec,benign(130)
gdph_sysucc/benign(131),SYSUCC,0,auxiliary,SYSUCC/benign(131).png,da4018d4cd26c131bcbc125e7a09f88bac8c362ce3036b1b2d1ee5ba0866fe16,benign(131)
gdph_sysucc/benign(132),SYSUCC,0,auxiliary,SYSUCC/benign(132).png,684477d5531a1a35e271875d827844d3a5d6ab29b6cbe8b67750dbf279d0d7e9,benign(132)
gdph_sysucc/benign(133),SYSUCC,0,auxiliary,SYSUCC/benign(133).png,b8eb6eea03de45c35f21f41a51503e47dc929b41b67ee2f60f2c93e42821b3e8,benign(133)
gdph_sysucc/benign(134),SYSUCC,0,auxiliary,SYSUCC/benign(134).png,c3224b12aef15c3009ddc34aa5cd19d3afd857bf0d3e9488f831c86f50132d0e,benign(134)
gdph_sysucc/benign(135),SYSUCC,0,auxiliary,SYSUCC/benign(135).png,045c82755433da3152c27191fd118c95c1e70f0cf5f7b93a989b9efa73b519b7,benign(135)
gdph_sysucc/benign(136),SYSUCC,0,auxiliary,SYSUCC/benign(136).png,ef9de7353f390ba581e76af6648b72a3a3804186b6fdea5951cf48b973942cca,benign(136)
gdph_sysucc/benign(137),SYSUCC,0,auxiliary,SYSUCC/benign(137).png,0fef8d0669ab7b9eb00718d5b96368003621b231abaa248802263d147d120c96,benign(137)
gdph_sysucc/benign(138),SYSUCC,0,auxiliary,SYSUCC/benign(138).png,52e8e7a12a955b85462a2081d7261bcba46d6eafc0d10cdded27f64f3e1e4858,benign(138)
gdph_sysucc/benign(139),SYSUCC,0,auxiliary,SYSUCC/benign(139).png,c7d1ef8bf3ba42b733f7cf1472660e318617000bbc8593bd8a400330b9967483,benign(139)
gdph_sysucc/benign(14),SYSUCC,0,auxiliary,SYSUCC/benign(14).png,90d9ae424a9e2766922ce246b047709a877840e125ec664215869f466d910ed7,benign(14)
gdph_sysucc/benign(140),SYSUCC,0,auxiliary,SYSUCC/benign(140).png,4c10a84c57167e6ff13beeb3e0b61bfcfb1e1e43e3488d80a96aeec95ea4ba18,benign(140)
gdph_sysucc/benign(141),SYSUCC,0,auxiliary,SYSUCC/benign(141).png,65f2bcf0501a4464974aeb16e5ecb97bd63ad71aaeb5b83e6bb0441a21ab97d8,benign(141)
gdph_sysucc/benign(142),SYSUCC,0,auxiliary,SYSUCC/benign(142).png,35c7d707bdab5c1380d351d73388aa706aef1b1d75833774cd44f11729925579,benign(142)
gdph_sysucc/benign(143),SYSUCC,0,auxiliary,SYSUCC/benign(143).png,23aea90e207c09a073f1d4d0950e0d32559eecd16f14fbabf63d3a50472b7bb2,benign(143)
gdph_sysucc/benign(144),SYSUCC,0,auxiliary,SYSUCC/benign(144).png,55d8b0c07e0aaff1c3f6cea67de70e0e9389e6760b25cbdfe180d436aeeb712a,benign(144)
gdph_sysucc/benign(15),SYSUCC,0,auxiliary,SYSUCC/benign(15).png,abc5f2c48538cb16782e9a9eb91269f47129e435e25bc51d448288f77de50e1e,benign(15)
gdph_sysucc/benign(150),SYSUCC,0,auxiliary,SYSUCC/benign(150).png,529f0bda96087fe1e2a1e06cf45bf4a256fe0e7c8bb1ce85bcc696660df83b23,benign(150)
gdph_sysucc/benign(151),SYSUCC,0,auxiliary,SYSUCC/benign(151).png,61e793737cf6b60828fb25f792c822a4a829e601ace78664a5b60043d8b595c7,benign(151)
gdph_sysucc/benign(152),SYSUCC,0,auxiliary,SYSUCC/benign(152).png,a1ac937d4a299d6a2dc7285df50c12910e81d5bda3cdb2eeb5b3221c4fed2ecc,benign(152)
gdph_sysucc/benign(153),SYSUCC,0,auxiliary,SYSUCC/benign(153).png,d2e2fdd8b2385c8de5f96c14ba76ffb6785a210688943645d9376e5efca616d4,benign(153)
gdph_sysucc/benign(154),SYSUCC,0,auxiliary,SYSUCC/benign(154).png,bf15e651f75964aced02d4611b05661f87b9b5c672c4e231edcc6f673c315ccb,benign(154)
gdph_sysucc/benign(155),SYSUCC,0,auxiliary,SYSUCC/benign(155).png,fd2578cfcd997ae29eb63d14e2848b50d80b3722bbffd049068546b074adaff9,benign(155)
gdph_sysucc/benign(156),SYSUCC,0,auxiliary,SYSUCC/benign(156).png,cf48e5795672faa47d5fad8b00c178e06744293c8385a01ca2ca8f6b021005fd,benign(156)
gdph_sysucc/benign(157),SYSUCC,0,auxiliary,SYSUCC/benign(157).png,9849ae0f536fc55492aa0a791a9905527fd8be05fbab00363be2eaba32386072,benign(157)
gdph_sysucc/benign(158),SYSUCC,0,auxiliary,SYSUCC/benign(158).png,56b6b721b4ae20f12e133c1acb7ec92a2471ef6185048de8b6d5166b65c8d16d,benign(158)
gdph_sysucc/benign(159),SYSUCC,0,auxiliary,SYSUCC/benign(159).png,510309001e6d75dc805fe380c567ad6b8b867a5c13cac394fa972b301a1e9181,benign(159)
gdph_sysucc/benign(16),SYSUCC,0,auxiliary,SYSUCC/benign(16).png,ee64f62af276f9e426db17f6d15f6a184e4796ad785d1ed89b4e7341812ebcdd,benign(16)
gdph_sysucc/benign(160),SYSUCC,0,auxiliary,SYSUCC/benign(160).png,c28930f1e5e7aca1b6bff848e7ed9fd043f1a8c57aa707a86eceb9c5f3c058d5,benign(160)
gdph_sysucc/benign(161),SYSUCC,0,auxiliary,SYSUCC/benign(161).png,2c25a86fbe6ab20b55eecd206a6f6ba982f309997d181f091fa7a162ef9ebc74,benign(161)
gdph_sysucc/benign(162),SYSUCC,0,auxiliary,SYSUCC/benign(162).png,c693e3bf26a702668c0d66b990199e8d504b806e68bb1b8a493b6505883f599a,benign(162)
gdph_sysucc/benign(163),SYSUCC,0,auxiliary,SYSUCC/benign(163).png,4b6d1934c3bc3c0df8a7be4c621c3976e99c33cca151eb0a5eb86bdc7f0855a0,benign(163)
gdph_sysucc/benign(164),SYSUCC,0,auxiliary,SYSUCC/benign(164).png,008ede7317a300e9e47fb74d712ee9c99794cdfeb8307479357f5a2adff932be,benign(164)
gdph_sysucc/benign(165),SYSUCC,0,auxiliary,SYSUCC/benign(165).png,66e0e3a5cf9acd72017dd88e03f69e95c61918c9ad6fbe13d2156b88c6380edb,benign(165)
gdph_sysucc/benign(166),SYSUCC,0,auxiliary,SYSUCC/benign(166).png,4d11a2c4861d82365129a5a48692d22449ea26cc07159fb091c88e12e134f356,benign(166)
gdph_sysucc/benign(167),SYSUCC,0,auxiliary,SYSUCC/benign(167).png,577571654d4cf2c5380d9993c88dd904719a640fb2b2b7c3af8a1e763410bdbd,benign(167)
gdph_sysucc/benign(168),SYSUCC,0,auxiliary,SYSUCC/benign(168).png,db63472ff4485b4a9b89cadd85d0ced8c904c9da2adad2b920b59ae843559d3e,benign(168)
gdph_sysucc/benign(169),SYSUCC,0,auxiliary,SYSUCC/benign(169).png,d39f06f2810eec7d29e5aa58a76ff7439d7163199abab699c7f0069e4d5f7fc7,benign(169)
gdph_sysucc/benign(17),SYSUCC,0,auxiliary,SYSUCC/benign(17).png,ae67ca04b806c6b98bedcf7c32432f07e627536ed3e8233e8ae19bcddadf5eba,benign(17)
gdph_sysucc/benign(170),SYSUCC,0,auxiliary,SYSUCC/benign(170).png,6cc48bf82f62bb2ada5aa64eca420c25ff3f58feddbbd7195e0e669571e004bc,benign(170)
gdph_sysucc/benign(171),SYSUCC,0,auxiliary,SYSUCC/benign(171).png,f10edbf7fe180f0868dafd419a20418fb2e6d4fb20d57d40e32bccafad9ce90d,benign(171)
gdph_sysucc/benign(173),SYSUCC,0,auxiliary,SYSUCC/benign(173).png,9d856a191dd30fc0b973c70664731e942e54612d7f7cad1bc79ca89d158f1b9a,benign(173)
gdph_sysucc/benign(174),SYSUCC,0,auxiliary,SYSUCC/benign(174).png,d2961a9dc10ff65550f0e31cfcd0269da901bc639ec087e23c85e24d7278ebd3,benign(174)
gdph_sysucc/benign(175),SYSUCC,0,auxiliary,SYSUCC/benign(175).png,4e34931eee23d2e09c75527023db9ea0f02e4cbb3b5d2f94064dd3e660af4239,benign(175)
gdph_sysucc/benign(176),SYSUCC,0,auxiliary,SYSUCC/benign(176).png,98ec42b59bd2ceb158457b35281cc4c18a76daa93e17e70dab56135fb5c4a943,benign(176)
gdph_sysucc/benign(177),SYSUCC,0,auxiliary,SYSUCC/benign(177).png,79d73b2350fb5021cf0a22c5947938e075fc269fec46f81f3637bdf8d4aa844d,benign(177)
gdph_sysucc/benign(178),SYSUCC,0,auxiliary,SYSUCC/benign(178).png,d94f5a8aa406d6d4086e5fa4a719ee8a87d9754f089188abf62c8a226a27f7b4,benign(178)
gdph_sysucc/benign(179),SYSUCC,0,auxiliary,SYSUCC/benign(179).png,61c0e60f0499e70b23eb431a1724c5f10404b470154d17dbb2eee86d455ccb1a,benign(179)
gdph_sysucc/benign(18),SYSUCC,0,auxiliary,SYSUCC/benign(18).png,1b082b668e2c62ca9103e1597546ec68f4ad207adbfee07dc835cd43c09f0890,benign(18)
gdph_sysucc/benign(180),SYSUCC,0,auxiliary,SYSUCC/benign(180).png,f33496312643363f0e3cf620203f26b0a338e43b409b0c8fe1a80559c2ec8f7d,benign(180)
gdph_sysucc/benign(181),SYSUCC,0,auxiliary,SYSUCC/benign(181).png,9b76598422c40a4fd8a926098a32664822df6fa8482e22178a280e231c0d4162,benign(181)
gdph_sysucc/benign(182),SYSUCC,0,auxiliary,SYSUCC/benign(182).png,a097c32aa7fb2690dd714a04dae8bcb823f802b38d51f179d3c55a7e9c459999,benign(182)
gdph_sysucc/benign(183),SYSUCC,0,auxiliary,SYSUCC/benign(183).png,ef9f5b18e126eee871854ca069fa85bd162a9789b4fdfa8601ded1835a0844ad,benign(183)
gdph_sysucc/benign(184),SYSUCC,0,auxiliary,SYSUCC/benign(184).png,e01fde24258f31a19f92afb1280739d1f8be08f7eda0cc85be0445c409a47ac9,benign(184)
gdph_sysucc/benign(185),SYSUCC,0,auxiliary,SYSUCC/benign(185).png,8d76de1923c260733afbf9dfb3ea94a753ac89f5df5930d8fe2c0a052c1baeae,benign(185)
gdph_sysucc/benign(186),SYSUCC,0,auxiliary,SYSUCC/benign(186).png,847752abfb9b4d87b74f70ea0c85a8f54cca4993ffd9685337084de64ec6d98b,benign(186)
gdph_sysucc/benign(187),SYSUCC,0,auxiliary,SYSUCC/benign(187).png,6588b66009a34ee898e6c4d855c4c047c55a8abccb0f47ebb342393c36bb65d1,benign(187)
gdph_sysucc/benign(188),SYSUCC,0,auxiliary,SYSUCC/benign(188).png,ddf4c7e48e6c6d713ce525fcb588aa564e16d782628cd0737e5a57436c644773,benign(188)
gdph_sysucc/benign(189),SYSUCC,0,auxiliary,SYSUCC/benign(189).png,6b0aa1b25e464a9cfe5128e7ec08de4a7c2329ac007eaba42d42a3d167b8f54f,benign(189)
gdph_sysucc/benign(19),SYSUCC,0,auxiliary,SYSUCC/benign(19).png,e373ba5abbe21a1f9cfec029601a99a9841bdd0ca7863b4c1ed3ba216e6f04bf,benign(19)
gdph_sysucc/benign(190),SYSUCC,0,auxiliary,SYSUCC/benign(190).png,04eab048510d5d21b94afb208b915bc611c27e1f55d3e316a199602003a5684e,benign(190)
gdph_sysucc/benign(191),SYSUCC,0,auxiliary,SYSUCC/benign(191).png,bb0bcf9512c5dca57fd7037474954bffbb61b260e5b63924e1ed0bc6c3a11f1d,benign(191)
gdph_sysucc/benign(192),SYSUCC,0,auxiliary,SYSUCC/benign(192).png,dfdd9dda1eb1030a57fdbc7f84ca213f8ee1be483e986984aba0c1b7a36a303e,benign(192)
gdph_sysucc/benign(193),SYSUCC,0,auxiliary,SYSUCC/benign(193).png,00d7bbeee00148a7f1c070ffefb2c1a32eb21d638345f2c35f7245fc3087dc5e,benign(193)
gdph_sysucc/benign(194),SYSUCC,0,auxiliary,SYSUCC/benign(194).png,0a8ea9163fe7facf73f9febdd3322e111461de08be43342eda3b6dd88a269681,benign(194)
gdph_sysucc/benign(195),SYSUCC,0,auxiliary,SYSUCC/benign(195).png,57d01c20800ee2460a0eb6dd3a65d155f5fa5ba82b2bb2a87b7907622766f677,benign(195)
gdph_sysucc/benign(196),SYSUCC,0,auxiliary,SYSUCC/benign(196).png,419e1841ea74402bfa7a691f0ecfe7b62b0b9c26e9b5ec8f45d4b597271a37b1,benign(196)
gdph_sysucc/benign(197),SYSUCC,0,auxiliary,SYSUCC/benign(197).png,d2ab3150fc5685274021db8698da2f612dee9989d33df727a6afa50b2739dcd1,benign(197)
gdph_sysucc/benign(198),SYSUCC,0,auxiliary,SYSUCC/benign(198).png,91896951dd5a64c06529d3e49aeb0d738bd10dfecc61e99e0352016da7e36ccb,benign(198)
gdph_sysucc/benign(199),SYSUCC,0,auxiliary,SYSUCC/benign(199).png,d9eb3522e472fed2459baed0d1ff062828ffc218fd26f3ecb27db59749bdf0b5,benign(199)
gdph_sysucc/benign(2),SYSUCC,0,auxiliary,SYSUCC/benign(2).png,b1d09477dea68141b439c6e112742058bebe260b1110e6526a3d198e6f8f3dd7,benign(2)
gdph_sysucc/benign(20),SYSUCC,0,auxiliary,SYSUCC/benign(20).png,52fa51099c1a3c46491588f9a0ae4d0aa1d72dd79020ecf73cf5a38317fca33d,benign(20)
gdph_sysucc/benign(200),SYSUCC,0,auxiliary,SYSUCC/benign(200).png,6ad1f9d00cc8ff2172437a34bc0149e5345ec1eb2d0382f4595f55d47893379f,benign(200)
gdph_sysucc/benign(201),SYSUCC,0,auxiliary,SYSUCC/benign(201).png,85dabadbb4979a87a70ce6a5048889c158d991179ad74452d64823bc0097dc83,benign(201)
gdph_sysucc/benign(202),SYSUCC,0,auxiliary,SYSUCC/benign(202).png,b6ecaa4d65644d54ee5cae94ec87ea11549080769e122297889376e9e8b0a4e5,benign(202)
gdph_sysucc/benign(203),SYSUCC,0,auxiliary,SYSUCC/benign(203).png,a73c830b0ce4bae6f9d2c10313b1513cb941549b6184ce45b96d491895340563,benign(203)
gdph_sysucc/benign(204),SYSUCC,0,auxiliary,SYSUCC/benign(204).png,2d948aec311d38e591a619509ea15dce3016a465a5b9415c55ed8da4ec862380,benign(204)
gdph_sysucc/benign(205),SYSUCC,0,auxiliary,SYSUCC/benign(205).png,013cfab924071d65613e29a1453ba2fe7e6d6db1e7bc155fd42b739eda6fdd08,benign(205)
gdph_sysucc/benign(206),SYSUCC,0,auxiliary,SYSUCC/benign(206).png,07569a863828f5505671a721c5248c0a7baf82240af0c707595cc2f9b7a15c26,benign(206)
gdph_sysucc/benign(207),SYSUCC,0,auxiliary,SYSUCC/benign(207).png,73368c40d26074e0a3d53254039f009bf8c55985b5b56ce97478391e399b6dc3,benign(207)
gdph_sysucc/benign(208),SYSUCC,0,auxiliary,SYSUCC/benign(208).png,84fa55ba6aa8ef46a33495cdf882bba29e76c62317b29e242388c39ae5add149,benign(208)
gdph_sysucc/benign(209),SYSUCC,0,auxiliary,SYSUCC/benign(209).png,d9ae802846f798c8c8f944e19bbec6334756320a7ead8cf7d5518f38ae54974e,benign(209)
gdph_sysucc/benign(21),SYSUCC,0,auxiliary,SYSUCC/benign(21).png,d478bfaf8cdda7aa121211add5bd93236984ff674f8e805bfdeed21324c7b61a,benign(21)
gdph_sysucc/benign(210),SYSUCC,0,auxiliary,SYSUCC/benign(210).png,51429afde6f499dd67d0f6fc8cfd7711ee1c032ff1bbecd9797cdf58ba796ab8,benign(210)
gdph_sysucc/benign(211),SYSUCC,0,auxiliary,SYSUCC/benign(211).png,21c2bcbda8a3a28ab2966b6d58c3a548d75d0c11787881d896160817b6906288,benign(211)
gdph_sysucc/benign(212),SYSUCC,0,auxiliary,SYSUCC/benign(212).png,f1b3e4ede16f49d63fefd91d82530b848388f6a6625b7ee429ab4ecad21bae76,benign(212)
gdph_sysucc/benign(213),SYSUCC,0,auxiliary,SYSUCC/benign(213).png,017b96e310dc762ab5f4fd71ba550e9f2643bd9628f2ac01e666b2fd5762ba5b,benign(213)
gdph_sysucc/benign(214),SYSUCC,0,auxiliary,SYSUCC/benign(214).png,e663b63ad0c6c7eb3ca12cd917354eddf36858c7e3db35134808dc8103dc4557,benign(214)
gdph_sysucc/benign(215),SYSUCC,0,auxiliary,SYSUCC/benign(215).png,cbd78c82d5ac47b50b1a02d80d3972b05024dfbf4d43954f6d65be27eb1727e8,benign(215)
gdph_sysucc/benign(216),SYSUCC,0,auxiliary,SYSUCC/benign(216).png,1183c64dfeb6ab99b1b8824f9b8585654210eed3a0f9b3c92e93a8ed474a4c0b,benign(216)
gdph_sysucc/benign(217),SYSUCC,0,auxiliary,SYSUCC/benign(217).png,335ac0978d010e53fbce15f856ba4a19495fdec57c211ed1b86d08d92ce99bdb,benign(217)
gdph_sysucc/benign(218),SYSUCC,0,auxiliary,SYSUCC/benign(218).png,6764f8f1552b4567a990bf53b445b78f1314645e3088d08b2ed134035cb6d479,benign(218)
gdph_sysucc/benign(219),SYSUCC,0,auxiliary,SYSUCC/benign(219).png,6be34244eec78e556d5aa7d6159c21e530270eb88f8828ad4b78278985ae8ede,benign(219)
gdph_sysucc/benign(22),SYSUCC,0,auxiliary,SYSUCC/benign(22).png,9146a96bbc19d401f7c83880bca3b6d136055306920145ddbb3726a1a84e1a73,benign(22)
gdph_sysucc/benign(220),SYSUCC,0,auxiliary,SYSUCC/benign(220).png,0a5dcaa13906f2ecad2b69921057040d7706f8b8f5f4010d36aaeb60da6b2520,benign(220)
gdph_sysucc/benign(221),SYSUCC,0,auxiliary,SYSUCC/benign(221).png,173bd6479f6606561d9461e1fc6349c7e866cb83c3a3ddb8d7f417224b0ccc3d,benign(221)
gdph_sysucc/benign(222),SYSUCC,0,auxiliary,SYSUCC/benign(222).png,b2d82fad413869956c5b0ef36b640856b04675a480d9bb12c6cf864bc3041db4,benign(222)
gdph_sysucc/benign(223),SYSUCC,0,auxiliary,SYSUCC/benign(223).png,c99ffa59dff22cb1ad0d59312fc0cda864460e558ac7388622ee7dfef699a076,benign(223)
gdph_sysucc/benign(224),SYSUCC,0,auxiliary,SYSUCC/benign(224).png,16e51fe95f3f1b9052c2d697f358940de78781d69de98dee95f4281772e7a278,benign(224)
gdph_sysucc/benign(225),SYSUCC,0,auxiliary,SYSUCC/benign(225).png,e793464ec2f9b696316e792bb346cbf3948a5e4643f18db965e9e7cf57fff4a4,benign(225)
gdph_sysucc/benign(226),SYSUCC,0,auxiliary,SYSUCC/benign(226).png,5dc15624083ae09eaada42d827e3b52e60bb161c6aca18377c788f91ffdac223,benign(226)
gdph_sysucc/benign(227),SYSUCC,0,auxiliary,SYSUCC/benign(227).png,974a74e574e9e0a6b1c1af8647ab6e6ba47e4b22e54c37da12538d213bab466a,benign(227)
gdph_sysucc/benign(228),SYSUCC,0,auxiliary,SYSUCC/benign(228).png,ccd37a39934e425e452a22ff43cbccd9f770092ac2cd4cf3f2f00653e6d7042f,benign(228)
gdph_sysucc/benign(229),SYSUCC,0,auxiliary,SYSUCC/benign(229).png,7f2ef5853e0847539ff0e2cf0d448c22e77323c0784c18343ac68e0247b8ddca,benign(229)
gdph_sysucc/benign(23),SYSUCC,0,auxiliary,SYSUCC/benign(23).png,e9b92cc1b53ca1ffd73b491e81244200e2dd6a1b48a2cae93124e68f7e36973b,benign(23)
gdph_sysucc/benign(230),SYSUCC,0,auxiliary,SYSUCC/benign(230).png,19ef73f59d90899f76162eb32208d377912de5b2e0b3cde6f363f84f0cad1709,benign(230)
gdph_sysucc/benign(231),SYSUCC,0,auxiliary,SYSUCC/benign(231).png,b6a1416f806cd6153419da280363fbaa36bebcfa62b6b243370f551e9c6a052e,benign(231)
gdph_sysucc/benign(232),SYSUCC,0,auxiliary,SYSUCC/benign(232).png,00f17a222df40262ce48fb5f0f8c4e90342a60766c90b04e9e8695af22c77d61,benign(232)
gdph_sysucc/benign(233),SYSUCC,0,auxiliary,SYSUCC/benign(233).png,a57a3b55c8c680a00bbd59e9f8447e7c6d2fc5983a8a38d363d9f4910f2681eb,benign(233)
gdph_sysucc/benign(234),SYSUCC,0,auxiliary,SYSUCC/benign(234).png,2cd4296922a91ec73d967ef9b9633abf6a8934d4ba3ea0ce4c73a51f28d0f9e6,benign(234)
gdph_sysucc/benign(235),SYSUCC,0,auxiliary,SYSUCC/benign(235).png,9ead2fdfc5ebd3a40d483c14da6260ac92727b87f909bee5138d19436f4e3739,benign(235)
gdph_sysucc/benign(236),SYSUCC,0,auxiliary,SYSUCC/benign(236).png,688a2bf2ff632314496d0d940cdaaad873a65fb3683fd94efab26b450bbf40b6,benign(236)
gdph_sysucc/benign(237),SYSUCC,0,auxiliary,SYSUCC/benign(237).png,7fcfce6add783c1edd154b3695e07a15be019282c9dc540f49a41c7515732d7b,benign(237)
gdph_sysucc/benign(238),SYSUCC,0,auxiliary,SYSUCC/benign(238).png,0849662d756351a3fcd5470a262b5a75d041065d7ca600b5066fb2428a69599a,benign(238)
gdph_sysucc/benign(239),SYSUCC,0,auxiliary,SYSUCC/benign(239).png,2ab12721538fbde99cb0d40243fea6a74e14df107c63bcda7345b0bb9431c6a3,benign(239)
gdph_sysucc/benign(24),SYSUCC,0,auxiliary,SYSUCC/benign(24).png,15949960dffc351b5e7b20106701c2d6f745dd858feeb55c170801a741689738,benign(24)
gdph_sysucc/benign(240),SYSUCC,0,auxiliary,SYSUCC/benign(240).png,6da40ca47f0fed4e328439d082e54470f853f646e8f5c2107ee03e7944b45019,benign(240)
gdph_sysucc/benign(241),SYSUCC,0,auxiliary,SYSUCC/benign(241).png,c1f21e7a98a1893be6084dfe69b1386c301ca6cabbf389c6b1321e5749460c29,benign(241)
gdph_sysucc/benign(242),SYSUCC,0,auxiliary,SYSUCC/benign(242).png,882d515b374a047d430a5e2c576011751ab4d98ea53c1b9508fd1adc40007602,benign(242)
gdph_sysucc/benign(243),SYSUCC,0,auxiliary,SYSUCC/benign(243).png,1f306ac574c87932551fddb8dc112993f9ecb0c29b5094713692ff3b4cd67a3a,benign(243)
gdph_sysucc/benign(244),SYSUCC,0,auxiliary,SYSUCC/benign(244).png,6afa728235da5544819637dd0b69a72fc5de62c4d19796844796ace38a4b9a46,benign(244)
gdph_sysucc/benign(245),SYSUCC,0,auxiliary,SYSUCC/benign(245).png,dfce93bcc837aaafbafa2769711d2923bd408ba2f4078ae7639e88e107efa011,benign(245)
gdph_sysucc/benign(246),SYSUCC,0,auxiliary,SYSUCC/benign(246).png,97752d44fa4a63515921f557eb24c1be00d884687e8792acc049444524c97532,benign(246)
gdph_sysucc/benign(247),SYSUCC,0,auxiliary,SYSUCC/benign(247).png,472ac6936ad82b695dfe856ccf0e77a0ef6c06c8e25326d7a4be7ed422893a76,benign(247)
gdph_sysucc/benign(248),SYSUCC,0,auxiliary,SYSUCC/benign(248).png,d82cbd5bc92a54b022d3a568cac27f506a860b20c7e15bb1b322f15d9e195966,benign(248)
gdph_sysucc/benign(249),SYSUCC,0,auxiliary,SYSUCC/benign(249).png,53efcc1efbe592155b5bbce7c06ce75a7183774df977ac08ad05ca92d0c854f5,benign(249)
gdph_sysucc/benign(25),SYSUCC,0,auxiliary,SYSUCC/benign(25).png,178606eeaa3c67a4f6d9c62b6702362629303c8e5913931fa357756c0af0bb7c,benign(25)
gdph_sysucc/benign(250),SYSUCC,0,auxiliary,SYSUCC/benign(250).png,ef2894e271343605906ce7a42dc3e73567a47a182846e4b5d11065ec6bbaa699,benign(250)
gdph_sysucc/benign(251),SYSUCC,0,auxiliary,SYSUCC/benign(251).png,b8e016516a4c8ab76a90e20a8743041e19d19ac78e9b8b50e0ab53064ab19a96,benign(251)
gdph_sysucc/benign(252),SYSUCC,0,auxiliary,SYSUCC/benign(252).png,6a08da963eb8a1a25830d6c6a951ee7b359a2b9b3a14eeec41794c204ba1338c,benign(252)
gdph_sysucc/benign(253),SYSUCC,0,auxiliary,SYSUCC/benign(253).png,f23c5f67c785aa9b649b276e6a220116714e3cb6134e58138a9bff0c06bc38d1,benign(253)
gdph_sysucc/benign(254),SYSUCC,0,auxiliary,SYSUCC/benign(254).png,3c705b5ae09342e341a52ba90ce0f84bc26984a56997dbb66d6a9a3a28c21504,benign(254)
gdph_sysucc/benign(255),SYSUCC,0,auxiliary,SYSUCC/benign(255).png,32976acf1b9585d537141b81daaae84858211f98663bd488b9078926abbd6b95,benign(255)
gdph_sysucc/benign(256),SYSUCC,0,auxiliary,SYSUCC/benign(256).png,9577f302cd83039725dc3abccfb1a07858df1975533f9bafa43cc302edb4993b,benign(256)
gdph_sysucc/benign(257),SYSUCC,0,auxiliary,SYSUCC/benign(257).png,3f45539a25a9db25e5de7da4d0e643c411dd276182388bc8300cb350b2257bb4,benign(257)
gdph_sysucc/benign(258),SYSUCC,0,auxiliary,SYSUCC/benign(258).png,569b448d043cdbfac02da1dffca0fed2508f71b4db1895e70e4fe6ecf9214ef0,benign(258)
gdph_sysucc/benign(259),SYSUCC,0,auxiliary,SYSUCC/benign(259).png,7075e0cfe018976a1b8808f86530f82bda0cf34b6cc63e0342ebc2d6529b637f,benign(259)
gdph_sysucc/benign(26),SYSUCC,0,auxiliary,SYSUCC/benign(26).png,6042b3fa3ae4594256d643527641c08b2a290454862d918803e855cbf027f6d0,benign(26)
gdph_sysucc/benign(260),SYSUCC,0,auxiliary,SYSUCC/benign(260).png,5d34636018fde4fa4becd4bcd108ed2069ac79bf4f8a816b3ff12e79c6a7ac8c,benign(260)
gdph_sysucc/benign(261),SYSUCC,0,auxiliary,SYSUCC/benign(261).png,a8db7e1a27944ffdd85372621f69eb9270aa165a90db477ab56e32ecba16ff29,benign(261)
gdph_sysucc/benign(262),SYSUCC,0,auxiliary,SYSUCC/benign(262).png,7e93082ea2842918a0386aa6f5840165675b47caa387babac37dc63d045f4c52,benign(262)
gdph_sysucc/benign(263),SYSUCC,0,auxiliary,SYSUCC/benign(263).png,abfde32945452c8d9c54b0346854f7e0ddc93eb3db1ea5d385ed6c205b6d8dae,benign(263)
gdph_sysucc/benign(264),SYSUCC,0,auxiliary,SYSUCC/benign(264).png,46721e0fe577487d3d53d069f0188ef8e75f8f377ff932fba9b7415222bf1c45,benign(264)
gdph_sysucc/benign(265),SYSUCC,0,auxiliary,SYSUCC/benign(265).png,ac8ec595cf783f1214a1405fca63d4aaa575e535eb01556c5027e8932eacfd4f,benign(265)
gdph_sysucc/benign(266),SYSUCC,0,auxiliary,SYSUCC/benign(266).png,c77aaf15462296c712b047788ca02596fc0e9c41ed7a7a501fb96bf335eb7bf6,benign(266)
gdph_sysucc/benign(267),SYSUCC,0,auxiliary,SYSUCC/benign(267).png,db28f5349a2a526b67a26ba2d1d876bca5eb51ad3c7ece78bcbc68f15b568c80,benign(267)
gdph_sysucc/benign(268),SYSUCC,0,auxiliary,SYSUCC/benign(268).png,bf6240126d8e852507839dcfe66779a554f721647239de19ceee634b37cd0ff6,benign(268)
gdph_sysucc/benign(269),SYSUCC,0,auxiliary,SYSUCC/benign(269).png,a16be8c915e0ebe85aaea479569210d19af09c33b81ed8c9a80de22a60706b31,benign(269)
gdph_sysucc/benign(27),SYSUCC,0,auxiliary,SYSUCC/benign(27).png,3e46c63cd32017576806a6de8a1f4038d2f3a3a414d069867788d623be6ab0b2,benign(27)
gdph_sysucc/benign(270),SYSUCC,0,auxiliary,SYSUCC/benign(270).png,7478e5840defbe77e9c6f0c220e49fe3ab70e605064e957fa3f66f5a646d4e21,benign(270)
gdph_sysucc/benign(271),SYSUCC,0,auxiliary,SYSUCC/benign(271).png,10fca8d8f09eb5173691f8303f5436ea0051cc880ae6ba4c3cacda67be5a337e,benign(271)
gdph_sysucc/benign(272),SYSUCC,0,auxiliary,SYSUCC/benign(272).png,eb80c15103b3a1bcac937051af25d53c9b2931eeb609c7aa5fbeaafd6ab4a2e4,benign(272)
gdph_sysucc/benign(273),SYSUCC,0,auxiliary,SYSUCC/benign(273).png,67805524eba3f378fb8d8544f837efcbfebb79f6dc0ce0c6e32450b33cbe301c,benign(273)
gdph_sysucc/benign(275),SYSUCC,0,auxiliary,SYSUCC/benign(275).png,bd0e9e770ae2cb1682d412cb8508828b780fe55c2c060f4a6c12ade581a600c8,benign(275)
gdph_sysucc/benign(276),SYSUCC,0,auxiliary,SYSUCC/benign(276).png,5a73f2ac90a51d898f01aee320bf4a1bbb6f6a4211a5c53658845af0f9f83bb0,benign(276)
gdph_sysucc/benign(277),SYSUCC,0,auxiliary,SYSUCC/benign(277).png,a4883e139ea640e16a600c0c1a54935563f577d4054dcb8e158aaf6a985cf598,benign(277)
gdph_sysucc/benign(278),SYSUCC,0,auxiliary,SYSUCC/benign(278).png,5573e4a90a74b27f1443ba5faf510844c496cea9ed9b9fd3dc29cd1c5be939e1,benign(278)
gdph_sysucc/benign(279),SYSUCC,0,auxiliary,SYSUCC/benign(279).png,5fa00e96953e214ba01f12129663394e89c03309f2f7d063117df83d6adc2796,benign(279)
gdph_sysucc/benign(28),SYSUCC,0,auxiliary,SYSUCC/benign(28).png,f139a9cb8ef53c81d95f0c661e43024e8ab1c4ecd72dd1084735362651367f60,benign(28)
gdph_sysucc/benign(280),SYSUCC,0,auxiliary,SYSUCC/benign(280).png,8c8b4ef0f4771bc26ef4e10cd42f117ac0836533c9460aca5d59408a8c431e89,benign(280)
gdph_sysucc/benign(281),SYSUCC,0,auxiliary,SYSUCC/benign(281).png,b553c051b5095e75bf28d535ca393a9d6206bfafc7e15a2b2374d17acca5feb3,benign(281)
gdph_sysucc/benign(282),SYSUCC,0,auxiliary,SYSUCC/benign(282).png,225761e3ef3e10a10e1261b3297a200e8004f40b529bb24d65bebe9189a07023,benign(282)
gdph_sysucc/benign(29),SYSUCC,0,auxiliary,SYSUCC/benign(29).png,8549a15e525ebd5fac9cef520304c32e6973df4ec64c37f15635f356633dff34,benign(29)
gdph_sysucc/benign(291),SYSUCC,0,auxiliary,SYSUCC/benign(291).png,8725c46166815bcc7ac3e942f464f4a7fa0e13dce136410fc4e267bbd48e5df0,benign(291)
gdph_sysucc/benign(292),SYSUCC,0,auxiliary,SYSUCC/benign(292).png,7029e259938959836a0ae10c0285ff04d185722e21cc08ce7972c34f18f006a6,benign(292)
gdph_sysucc/benign(293),SYSUCC,0,auxiliary,SYSUCC/benign(293).png,c6820987485e545f3e091586633bb7f910c87b39c7fb7db870bd70ea4a94b3f9,benign(293)
gdph_sysucc/benign(294),SYSUCC,0,auxiliary,SYSUCC/benign(294).png,543c85bb1623bcf9eb11927ef482336b1f0fa064c8e36f98db03384dcbe8d0cd,benign(294)
gdph_sysucc/benign(295),SYSUCC,0,auxiliary,SYSUCC/benign(295).png,4ea49a5ee05a769a27674d0ef2dab641b125327bfd0a046031e3f43a799da115,benign(295)
gdph_sysucc/benign(296),SYSUCC,0,auxiliary,SYSUCC/benign(296).png,c00a88dea72bd392bc1854ac7e084cf824f56ad1c6dc06801873e90d043b8f44,benign(296)
gdph_sysucc/benign(297),SYSUCC,0,auxiliary,SYSUCC/benign(297).png,ac538c1b0525a302ad051bec1e45b0042bfd8cc9375e2dffe407e63f21910432,benign(297)
gdph_sysucc/benign(298),SYSUCC,0,auxiliary,SYSUCC/benign(298).png,5eddbe1fd6d1d1f46d5dcf39823807a1c1ef4095dfce089fa1622b17002a19c4,benign(298)
gdph_sysucc/benign(299),SYSUCC,0,auxiliary,SYSUCC/benign(299).png,9c8b96e2bedf11b5ac1601244ddf1ca7ddf2d385aec742ab304026b2ada02149,benign(299)
gdph_sysucc/benign(3),SYSUCC,0,auxiliary,SYSUCC/benign(3).png,d24d2ff3d81a01bb83474321d0a09511f7ff0c2ee9fc420b88ccd2bbb65d8e8e,benign(3)
gdph_sysucc/benign(30),SYSUCC,0,auxiliary,SYSUCC/benign(30).png,c88af9b31a7e19c86ca8ec7ee0b5d1b0f5eb27ed8e61e2d5ecdc3db0c7d32126,benign(30)
gdph_sysucc/benign(300),SYSUCC,0,auxiliary,SYSUCC/benign(300).png,e37765b681d87e1fe1d0861cd75a39d3b30a60cd76cd33e12090e51599f8036f,benign(300)
gdph_sysucc/benign(301),SYSUCC,0,auxiliary,SYSUCC/benign(301).png,01b271402d88be173ca21cfc7b34d2f81d658578599fbe571fe27af5694c199f,benign(301)
gdph_sysucc/benign(302),SYSUCC,0,auxiliary,SYSUCC/benign(302).png,591d8cd151b3f0548e85b63491e52739e38da26cc6c8d20bd958b4ac83d13d89,benign(302)
gdph_sysucc/benign(303),SYSUCC,0,auxiliary,SYSUCC/benign(303).png,73b961a5363b4f3ba9ff9f1425ae29768b03e381b1718ff89c50b7809822f573,benign(303)
gdph_sysucc/benign(304),SYSUCC,0,auxiliary,SYSUCC/benign(304).png,31f122b6b16a62e166fc3184fa91417b9830370b1ff5747ae91e6a0d798963d6,benign(304)
gdph_sysucc/benign(305),SYSUCC,0,auxiliary,SYSUCC/benign(305).png,19b5ed901920fc895dea870340df4e69c1e22f71132605c7cca5d5ccbc0fb745,benign(305)
gdph_sysucc/benign(306),SYSUCC,0,auxiliary,SYSUCC/benign(306).png,f07e7166f4093037c84a01fc536a6e324818cfb96ae9b01537fc027c0fb36808,benign(306)
gdph_sysucc/benign(307),SYSUCC,0,auxiliary,SYSUCC/benign(307).png,aae5b2231d8b1ffdaa8fffeb18c6e4a438ec022343f31926adb9bea9f44a2796,benign(307)
gdph_sysucc/benign(308),SYSUCC,0,auxiliary,SYSUCC/benign(308).png,b56584da4a97da4ff0aff2da25c3a1fb8072284abe7b6262e81740e9754fa3f4,benign(308)
gdph_sysucc/benign(309),SYSUCC,0,auxiliary,SYSUCC/benign(309).png,4d9e5cd33b0d4aa984835093f113487437e3b1ae5bb04332df116135bb2814b9,benign(309)
gdph_sysucc/benign(31),SYSUCC,0,auxiliary,SYSUCC/benign(31).png,2b840d1d6469d259fd646ceaa069de49d3d50a697f03456f88e6271ca6516c05,benign(31)
gdph_sysucc/benign(310),SYSUCC,0,auxiliary,SYSUCC/benign(310).png,758b41749120ff9336d51c9808e5d38b080d292c2f3d45ad58ed2cd81615e66c,benign(310)|benign(382)
gdph_sysucc/benign(311),SYSUCC,0,auxiliary,SYSUCC/benign(311).png,48487424a59762f10f321a5ae42112bd3ef9f82a70abf9ea26861c9b916fb316,benign(311)
gdph_sysucc/benign(312),SYSUCC,0,auxiliary,SYSUCC/benign(312).png,ebff6f83e158a810a8a9a2c64c38b734f467d787cb67275416027c37fd44ce3c,benign(312)
gdph_sysucc/benign(313),SYSUCC,0,auxiliary,SYSUCC/benign(313).png,2ad5893a35e921a8c959997106b19652675fa5053cc5f19f4392344c8e15591c,benign(313)
gdph_sysucc/benign(314),SYSUCC,0,auxiliary,SYSUCC/benign(314).png,780162d03554ffd3dd69c9c24803cdbd317f6bfa3f63855262541346348dad81,benign(314)
gdph_sysucc/benign(315),SYSUCC,0,auxiliary,SYSUCC/benign(315).png,52c5ae45f35049cce9a15af3e7a895daf1c1380abfc639be71104b4271bd7e49,benign(315)
gdph_sysucc/benign(316),SYSUCC,0,auxiliary,SYSUCC/benign(316).png,4d36e52b5dd993def1fdbac25aa6cf1f67b50129491bd1f84c701d3dddf6380f,benign(316)
gdph_sysucc/benign(317),SYSUCC,0,auxiliary,SYSUCC/benign(317).png,b27e7b16195fa4dda23027dc109599c58768132bbe63373337a74ac45b90f7f8,benign(317)
gdph_sysucc/benign(318),SYSUCC,0,auxiliary,SYSUCC/benign(318).png,89689972f5b33351c6497b383342be17456634c505326af1dda4f1a6c9d6f4aa,benign(318)
gdph_sysucc/benign(319),SYSUCC,0,auxiliary,SYSUCC/benign(319).png,913dc76f2e82c94b0602400963c76ecf6c80d4d05a7277d1a624de1794961d32,benign(319)
gdph_sysucc/benign(32),SYSUCC,0,auxiliary,SYSUCC/benign(32).png,86078754126dacaf3924b570b53db7efebbd9aa399851f9a6a9f5791ea95c3fa,benign(32)
gdph_sysucc/benign(320),SYSUCC,0,auxiliary,SYSUCC/benign(320).png,0f6a31cc952577ab2118e4bd1e681e25a18b27e5c286c715bd27b41911c4f7de,benign(320)
gdph_sysucc/benign(321),SYSUCC,0,auxiliary,SYSUCC/benign(321).png,6707d503abef5b9c05bafe3711f64f11ec52df816cb3994d528ed2be7676ad37,benign(321)
gdph_sysucc/benign(322),SYSUCC,0,auxiliary,SYSUCC/benign(322).png,4bcce2ad616e6b3db8779c5249e6d82a76b9e289dcd634b3a2a61568e4c5a927,benign(322)
gdph_sysucc/benign(323),SYSUCC,0,auxiliary,SYSUCC/benign(323).png,36c8fef250749c65e779d7acbc9bd557c1b04d9dcc7d40ea64d40b123928a1de,benign(323)
gdph_sysucc/benign(324),SYSUCC,0,auxiliary,SYSUCC/benign(324).png,85269cd56ea35a4d7d10e57994148a7b8e834a8a9511b8f4d77c0760fb62ca90,benign(324)
gdph_sysucc/benign(325),SYSUCC,0,auxiliary,SYSUCC/benign(325).png,15f6a530896d7f2301786c8397eefdbf33816cbad34a4a0e70a41a7c0a0995e5,benign(325)
gdph_sysucc/benign(326),SYSUCC,0,auxiliary,SYSUCC/benign(326).png,11428caeece1055227f1836fdaa895406b6874e8b9ea466d562075dc76d76b68,benign(326)
gdph_sysucc/benign(327),SYSUCC,0,auxiliary,SYSUCC/benign(327).png,11eaa7fea693693ad0655fc052db4e2688151bad3083e30a78f47cb3bf3359fb,benign(327)
gdph_sysucc/benign(328),SYSUCC,0,auxiliary,SYSUCC/benign(328).png,efd9863ba05efd906cca6eff273f490db6a7e34ac5bcc84a04e87e481323cc79,benign(328)
gdph_sysucc/benign(329),SYSUCC,0,auxiliary,SYSUCC/benign(329).png,f7e04ae15f75947e98a60a0bef9bf4da50af33dfc0eafc18bc9ba51947fa8379,benign(329)
gdph_sysucc/benign(33),SYSUCC,0,auxiliary,SYSUCC/benign(33).png,14d134fc98f9746114495e126b5b117b1d27ea2e2f1750d36e649e48f1fdec50,benign(33)
gdph_sysucc/benign(330),SYSUCC,0,auxiliary,SYSUCC/benign(330).png,b13b86bbcc800a0e717c3189d6426d61b71db2fd8dfacdb1f13bd21aa5a472e0,benign(330)
gdph_sysucc/benign(331),SYSUCC,0,auxiliary,SYSUCC/benign(331).png,1a35ca5244593714f1e278ce38d1a27c411f8c38efcb2e10eeb813c1fc008bfa,benign(331)
gdph_sysucc/benign(332),SYSUCC,0,auxiliary,SYSUCC/benign(332).png,d9c795a5f3ff2b977bb77b966e06dd5f1cc0cb4ff9bd6145002ddd82dde72f3a,benign(332)
gdph_sysucc/benign(333),SYSUCC,0,auxiliary,SYSUCC/benign(333).png,fdd7034373a0f8ac35fde8d2ea76ddc8cee5a6b2192f306a37630958950cfcdf,benign(333)
gdph_sysucc/benign(334),SYSUCC,0,auxiliary,SYSUCC/benign(334).png,734d1b05503b0cdd0e0498826358b7e540d0afbe0586e2699f4f29a7f6e580b0,benign(334)
gdph_sysucc/benign(335),SYSUCC,0,auxiliary,SYSUCC/benign(335).png,e8c4f932f6f91058e99456e1cf5588b0017690313446641ec21152fa60c59d50,benign(335)
gdph_sysucc/benign(336),SYSUCC,0,auxiliary,SYSUCC/benign(336).png,bee4ca663f73770cdd4f523262a8724172f27eab8d9e4d4ee42be497a7f21fa8,benign(336)
gdph_sysucc/benign(337),SYSUCC,0,auxiliary,SYSUCC/benign(337).png,5c06d0cf42a9b97003d95de29c977ea216782cdaa6a0406a48984e78f0d964cd,benign(337)
gdph_sysucc/benign(338),SYSUCC,0,auxiliary,SYSUCC/benign(338).png,bb6b4b768f35e49f118f75e5fd39005d58a268ea2f8f82f59898f49bf7befa84,benign(338)
gdph_sysucc/benign(339),SYSUCC,0,auxiliary,SYSUCC/benign(339).png,44ba5a8700e3f88b5c9c82461b9792fbea3ff1c4f417cf674fabe134391bc7bd,benign(339)
gdph_sysucc/benign(34),SYSUCC,0,auxiliary,SYSUCC/benign(34).png,1b1d1041a4b8847c0b5f805367e0ab58a00e7a6ff9759ff4ad962b753917a628,benign(34)|benign(37)
gdph_sysucc/benign(340),SYSUCC,0,auxiliary,SYSUCC/benign(340).png,2441ca63d82ab77f9b2cdefb73fd2d8783363d7769d459ac25923b0b92b02479,benign(340)
gdph_sysucc/benign(341),SYSUCC,0,auxiliary,SYSUCC/benign(341).png,131767ab31890b34bfda701496f68dc8d4fdb6f94bba1bd61224fcc643f3c109,benign(341)
gdph_sysucc/benign(342),SYSUCC,0,auxiliary,SYSUCC/benign(342).png,4c8671860db5db32ee891b7af2e961eb41315981c0c16763affc2d3ce337cd91,benign(342)
gdph_sysucc/benign(343),SYSUCC,0,auxiliary,SYSUCC/benign(343).png,66fb43a4b344dcd445e9500fc22492b3627be88c73700f7347b9ba6b20275e17,benign(343)
gdph_sysucc/benign(344),SYSUCC,0,auxiliary,SYSUCC/benign(344).png,75e5467cff4337d0b3db26dd17c563a2259ead12f339a418e5428bf878848184,benign(344)
gdph_sysucc/benign(345),SYSUCC,0,auxiliary,SYSUCC/benign(345).png,5187aac040c2e38858dc7817c1f07893c019d4189bb0eea74e904e29ff5ea80e,benign(345)
gdph_sysucc/benign(346),SYSUCC,0,auxiliary,SYSUCC/benign(346).png,3e19c5f9a8503ce7fe864a12084f62676f25c38bd56dba7fab0ca9f9a7ff8177,benign(346)
gdph_sysucc/benign(347),SYSUCC,0,auxiliary,SYSUCC/benign(347).png,56e6d50e36e2b3d3ad7e45557b634107d83408bf06b307b6ad0bde37551fe13b,benign(347)
gdph_sysucc/benign(348),SYSUCC,0,auxiliary,SYSUCC/benign(348).png,5b3692286f5e17fef3761d7ac631d9ee9eb478d1f465789ee4277ea041f6f34d,benign(348)
gdph_sysucc/benign(349),SYSUCC,0,auxiliary,SYSUCC/benign(349).png,5cb39e6de6df9e0d09cc4ba6f8ef850964b76c7287a5a5d4e2e12cffd8023002,benign(349)
gdph_sysucc/benign(35),SYSUCC,0,auxiliary,SYSUCC/benign(35).png,bc8219d26094b16e1663b6c5999d1a18a3cbdb558c27a84033e41611703d0d21,benign(35)|benign(36)
gdph_sysucc/benign(350),SYSUCC,0,auxiliary,SYSUCC/benign(350).png,a53bfafbe4cb2dddccfae342c181473e9806b3d74028efd2c29c88f288b6fdbd,benign(350)|benign(352)
gdph_sysucc/benign(351),SYSUCC,0,auxiliary,SYSUCC/benign(351).png,111ff8bf9f2fcefc7bad5af9d93fa30db808fe358a813fed66e055469d8381fd,benign(351)
gdph_sysucc/benign(353),SYSUCC,0,auxiliary,SYSUCC/benign(353).png,55721bcfab2e2c3a80c391f22b017c12f88408a245a22754fcfe22d4ad85ef16,benign(353)
gdph_sysucc/benign(354),SYSUCC,0,auxiliary,SYSUCC/benign(354).png,55d57f28971d6ea32b0879f5f77fae1b458a639b10b19bcc1f07c8e04de1f2bb,benign(354)
gdph_sysucc/benign(355),SYSUCC,0,auxiliary,SYSUCC/benign(355).png,a9368eb14e5cbe1e86f41161d1a1dca847c61e97062e1ae08322168ec9cbecb7,benign(355)
gdph_sysucc/benign(356),SYSUCC,0,auxiliary,SYSUCC/benign(356).png,be8fefa1419e98f599e053050f3b208b16b27ce4efd98a2374cd660949ef52a7,benign(356)
gdph_sysucc/benign(357),SYSUCC,0,auxiliary,SYSUCC/benign(357).png,ce78f8723d0f4006a445f0f4856ec554987b0e04691214268a044ca590df130d,benign(357)
gdph_sysucc/benign(358),SYSUCC,0,auxiliary,SYSUCC/benign(358).png,f2c69982524716044871fe5cf90a757c6396973cac75129e7bc4df79c2395e6e,benign(358)
gdph_sysucc/benign(359),SYSUCC,0,auxiliary,SYSUCC/benign(359).png,d84f2759496a884a73e76d4b8620882679c0d2e0a845c663b08c5d138abb2bd8,benign(359)
gdph_sysucc/benign(360),SYSUCC,0,auxiliary,SYSUCC/benign(360).png,7f35a7013fe0e66b780cfc22d7fbaf66f87f0596b7ffeb7bd0c02dbe62030bc1,benign(360)
gdph_sysucc/benign(361),SYSUCC,0,auxiliary,SYSUCC/benign(361).png,bafbb425f80768a600c3679690185e837e4070a0c03bde74fb03abc3a16e9134,benign(361)
gdph_sysucc/benign(362),SYSUCC,0,auxiliary,SYSUCC/benign(362).png,f1b9d3c0daeb34c00eb6f9da51059917270ee1bafa1f64caa7b6ca6684e0c55e,benign(362)
gdph_sysucc/benign(363),SYSUCC,0,auxiliary,SYSUCC/benign(363).png,c905c57e96dc9432782e5183d2892c2ea18d61a26fa386038c90cc6bb73a9859,benign(363)
gdph_sysucc/benign(364),SYSUCC,0,auxiliary,SYSUCC/benign(364).png,c7ccdcbb539885fee475224ae96f42c48c68711090ed7c9239d99720f25ced4e,benign(364)
gdph_sysucc/benign(365),SYSUCC,0,auxiliary,SYSUCC/benign(365).png,eab98d9400789740d29fd208c552f9322021f9caa7327a4c2cf82407c598dacf,benign(365)
gdph_sysucc/benign(366),SYSUCC,0,auxiliary,SYSUCC/benign(366).png,495d21710f230d8f7b1e4dc93b7485f1acabe48b8036dcc9442800313f86110a,benign(366)
gdph_sysucc/benign(367),SYSUCC,0,auxiliary,SYSUCC/benign(367).png,558cadc7822f1e67106d1d308926f48d78c4f9a14a1e30e7eabf6bd311349742,benign(367)
gdph_sysucc/benign(368),SYSUCC,0,auxiliary,SYSUCC/benign(368).png,03a3c3913a9ca8b8618d30413a2c14f180e87a6725f43619d71e74d9d6492cc9,benign(368)
gdph_sysucc/benign(369),SYSUCC,0,auxiliary,SYSUCC/benign(369).png,42fd88d3f3c6cfed95ef21e3e6845edf024901970d03e45d00f8b6fa1dac416c,benign(369)
gdph_sysucc/benign(370),SYSUCC,0,auxiliary,SYSUCC/benign(370).png,ecee026922ad8629605ad9a2f0e3dc1f39e9227b6c6e66421fa95b50bd3cca62,benign(370)
gdph_sysucc/benign(371),SYSUCC,0,auxiliary,SYSUCC/benign(371).png,f8aeeaae6e456475089227ce2811d052b864acb8a5d2e97a7a506e1194c9b686,benign(371)
gdph_sysucc/benign(372),SYSUCC,0,auxiliary,SYSUCC/benign(372).png,c349eb3ab94cf33ebe697265a4ac6ae470315358bc02943717d9b6de63fdfd1a,benign(372)
gdph_sysucc/benign(373),SYSUCC,0,auxiliary,SYSUCC/benign(373).png,6fb1b115ca5107d5bbb55108888bef285dcd7b07bcc3a96a57a890a718d86339,benign(373)
gdph_sysucc/benign(374),SYSUCC,0,auxiliary,SYSUCC/benign(374).png,abd5452da200a62ba90362cc648697307e20c0531659c0af12239d26aa151418,benign(374)
gdph_sysucc/benign(375),SYSUCC,0,auxiliary,SYSUCC/benign(375).png,3001407aee85bd0b16f79627999fd8dca466fabeddca991de6673801791d3001,benign(375)
gdph_sysucc/benign(376),SYSUCC,0,auxiliary,SYSUCC/benign(376).png,e0bc4083c015890186dd890bc0e8fd2ebd08d53ebb25394499d20bc3333358b0,benign(376)
gdph_sysucc/benign(377),SYSUCC,0,auxiliary,SYSUCC/benign(377).png,76a162327839e05b389261b746d1ad22d6ed2b3b017cfb4aaaf9663f17abf56c,benign(377)
gdph_sysucc/benign(378),SYSUCC,0,auxiliary,SYSUCC/benign(378).png,243cad397dfd87fb2606aaa2237b39d5f36d1542373949450c1649dcfb16c817,benign(378)|benign(380)
gdph_sysucc/benign(379),SYSUCC,0,auxiliary,SYSUCC/benign(379).png,857f4f2a8dee9878e247fcaa60acdfda7bbce91bb7f541caf2eefad9c061581a,benign(379)
gdph_sysucc/benign(38),SYSUCC,0,auxiliary,SYSUCC/benign(38).png,1de8d821e358d175800e91e91c5a70ea1d6f4f132e94b5056d90e9cb777604bf,benign(38)
gdph_sysucc/benign(381),SYSUCC,0,auxiliary,SYSUCC/benign(381).png,94c979340c20535aeaa575fe1caf04bf37b22aaba83093c830afb9473e103f8f,benign(381)
gdph_sysucc/benign(383),SYSUCC,0,auxiliary,SYSUCC/benign(383).png,884e0bb2d1a58d2ab02a18bfd74c14e4392b530c0eed5360b0d49708aa8dfcb9,benign(383)
gdph_sysucc/benign(384),SYSUCC,0,auxiliary,SYSUCC/benign(384).png,3f09118821e4cfa2880825a8253c2c7b1f5888dae82b81e7bc1a91d239badd8c,benign(384)
gdph_sysucc/benign(385),SYSUCC,0,auxiliary,SYSUCC/benign(385).png,28562e5cbee71243fdf09f7a3d8b7c3d02424172bae8355a3b6e7bfb403def65,benign(385)
gdph_sysucc/benign(386),SYSUCC,0,auxiliary,SYSUCC/benign(386).png,c6dd636740db20ae40e162f12b9f18d635ebfc3ff2a68202b424bbacb2967aa9,benign(386)
gdph_sysucc/benign(387),SYSUCC,0,auxiliary,SYSUCC/benign(387).png,ac35305060838b7c0f0c06b1ed7e3964aa9296f7347a00266f3e4e71c522615c,benign(387)
gdph_sysucc/benign(388),SYSUCC,0,auxiliary,SYSUCC/benign(388).png,e45f0715337998f2a849491c9154b1ba8f03997f6333b64d8ef0f0d7af9ef131,benign(388)
gdph_sysucc/benign(389),SYSUCC,0,auxiliary,SYSUCC/benign(389).png,eb156c9d9712a029d33b05bfe8525a9ea6ba0bf2cbc2c6f5e84d2ead241ec3d4,benign(389)
gdph_sysucc/benign(39),SYSUCC,0,auxiliary,SYSUCC/benign(39).png,4ec11230edc403ff8265681fc8718e45d6d2687c48cd269420aeea42e52b41b5,benign(39)
gdph_sysucc/benign(390),SYSUCC,0,auxiliary,SYSUCC/benign(390).png,94374af3acd0b1a84aadb651919bf44ed0487a3fbd85a4f16a5dfa7cbde48ebd,benign(390)
gdph_sysucc/benign(392),SYSUCC,0,auxiliary,SYSUCC/benign(392).png,f554dd0019224ec9307c41cc13d3cdf1fdf8f8eacb952b94d7383935d95bc231,benign(392)
gdph_sysucc/benign(393),SYSUCC,0,auxiliary,SYSUCC/benign(393).png,2c6b2016ba9dbfdd6e381f4f080e0780950ac68f445ce587b0298a5807dbcbb2,benign(393)
gdph_sysucc/benign(394),SYSUCC,0,auxiliary,SYSUCC/benign(394).png,1b5d98e71a42576bca0391d5b1abd0fcfe5ef1c768b5369d6496544d193b042f,benign(394)
gdph_sysucc/benign(395),SYSUCC,0,auxiliary,SYSUCC/benign(395).png,9a639021dbe9340628a49fac5be4ddc038318fd6e0abdc0e9fb527bf2f2007f6,benign(395)
gdph_sysucc/benign(396),SYSUCC,0,auxiliary,SYSUCC/benign(396).png,90c556e714b131fd70768b1ac38739b82282c024ef76435cb81dfda77868ad74,benign(396)
gdph_sysucc/benign(397),SYSUCC,0,auxiliary,SYSUCC/benign(397).png,ba542a9b877c1cb22da88b511285607b42cb10c690546c1b2025769270795b99,benign(397)
gdph_sysucc/benign(398),SYSUCC,0,auxiliary,SYSUCC/benign(398).png,bb5ad10a951ffa819e7d888c850c2930fda8c909cd23d61cccd0321086377a08,benign(398)
gdph_sysucc/benign(399),SYSUCC,0,auxiliary,SYSUCC/benign(399).png,ea2810f785901711214ab651f68db089f30ff548e640b739dc1f9c83082ecd42,benign(399)
gdph_sysucc/benign(4),SYSUCC,0,auxiliary,SYSUCC/benign(4).png,2254591080ee805959fe26eb39a04d73c7996bf4fe994440b08ddfc4478da291,benign(4)
gdph_sysucc/benign(40),SYSUCC,0,auxiliary,SYSUCC/benign(40).png,12be40aa746c0d09b699ffe040806dab0ce622b83dac78a531303a3cae6cdf81,benign(40)
gdph_sysucc/benign(400),SYSUCC,0,auxiliary,SYSUCC/benign(400).png,4354e49a69cdb685c2f89f234971195ea12c3af7abb6d6cdec641f12ec2fe4d9,benign(400)
gdph_sysucc/benign(401),SYSUCC,0,auxiliary,SYSUCC/benign(401).png,b45bb1b981f5e90eae13b53a528949fedc45740584ab8ee3049937d65733889e,benign(401)
gdph_sysucc/benign(402),SYSUCC,0,auxiliary,SYSUCC/benign(402).png,1b081f362123ac7d8ae7c4dc61be37faf62a1f49c04506f4e8137b75adbdc8cd,benign(402)
gdph_sysucc/benign(403),SYSUCC,0,auxiliary,SYSUCC/benign(403).png,d04655b09aa42807a49648e8c838299782424009b874f989e9bc2a3d1c773b84,benign(403)
gdph_sysucc/benign(404),SYSUCC,0,auxiliary,SYSUCC/benign(404).png,60e7c0dba33188ba9eb111f3fa425a0b00821d7166d24fa84923bbcddaf6b4a0,benign(404)
gdph_sysucc/benign(405),SYSUCC,0,auxiliary,SYSUCC/benign(405).png,5158680a14386199bbf2a4480a4e9b60c4bfcccb3a4c6ccb45a6f618b9c7b132,benign(405)
gdph_sysucc/benign(406),SYSUCC,0,auxiliary,SYSUCC/benign(406).png,a1247869a52f7dc9ed5a3244907e788d2109cbe506ea5e665c9aa40a9f1dce6c,benign(406)
gdph_sysucc/benign(407),SYSUCC,0,auxiliary,SYSUCC/benign(407).png,c96bf65fd82824a0ff0ca312c8097867e9936dae890ae02e4eb031e79ad744e9,benign(407)
gdph_sysucc/benign(408),SYSUCC,0,auxiliary,SYSUCC/benign(408).png,aff06f9f4fa37f7f7e43670111f3db607759c142c3c158d71b4369d10a5c28bb,benign(408)
gdph_sysucc/benign(409),SYSUCC,0,auxiliary,SYSUCC/benign(409).png,675fe27f53387cc049b0bb555306a2976882a54838aa25ed6712fb525d127d17,benign(409)
gdph_sysucc/benign(41),SYSUCC,0,auxiliary,SYSUCC/benign(41).png,d27c36e87f3c518f550b9efb2a901ae1c125f906313b1fa66bd94cda5060b487,benign(41)
gdph_sysucc/benign(410),SYSUCC,0,auxiliary,SYSUCC/benign(410).png,bae91f34d1faa8c5fcd3c94a5cde9ecfdc33c7150e46464c107378e2802abd20,benign(410)
gdph_sysucc/benign(411),SYSUCC,0,auxiliary,SYSUCC/benign(411).png,c4c2964af2bd26f3ea0654fee24b4b1c3bcf5721086f514e5b906c80e7bfe3ba,benign(411)
gdph_sysucc/benign(412),SYSUCC,0,auxiliary,SYSUCC/benign(412).png,a4271c47e1812e5b427df8500aee3341ab089a44ae7f2b5de6d12d708e4add94,benign(412)
gdph_sysucc/benign(413),SYSUCC,0,auxiliary,SYSUCC/benign(413).png,93aaa9ff9cdd49d4b05d80f707b2cef525d0c766f6dbb8f8649ba6943b669975,benign(413)
gdph_sysucc/benign(414),SYSUCC,0,auxiliary,SYSUCC/benign(414).png,d77566487123cadc13f79dfda6aaddf2bb4d90d63d76d06fc17cb2abec737d26,benign(414)
gdph_sysucc/benign(415),SYSUCC,0,auxiliary,SYSUCC/benign(415).png,8c912ca1176bb6addeb64c3aece9c3aace90147d58de88c404efa370ad6e320e,benign(415)
gdph_sysucc/benign(416),SYSUCC,0,auxiliary,SYSUCC/benign(416).png,19a190502297a1c1d25619016969a7c6f2557df37a4db568321ee3276dea5e6e,benign(416)
gdph_sysucc/benign(417),SYSUCC,0,auxiliary,SYSUCC/benign(417).png,a41dbc947b704e88872284b0cdde7f4ef5f24022f01cb67fcdbd5c4b07abbee5,benign(417)
gdph_sysucc/benign(418),SYSUCC,0,auxiliary,SYSUCC/benign(418).png,d4b227506693ca1e21882d0018f7ef1cfe94ce12508eb4f1edf0bdcafbeff48c,benign(418)
gdph_sysucc/benign(419),SYSUCC,0,auxiliary,SYSUCC/benign(419).png,8a0b0e897dfea376f509ba5af50ddf95e0dc4e9bd1fa0678058bf74523c8faa1,benign(419)
gdph_sysucc/benign(42),SYSUCC,0,auxiliary,SYSUCC/benign(42).png,9f1d2e895a82614ce33a1f55710cce068fdb175de6f86567635299d61723fc81,benign(42)
gdph_sysucc/benign(420),SYSUCC,0,auxiliary,SYSUCC/benign(420).png,448b4e4ae00d0d2cf31aed2440c5a5345732838de534bb8d4c1382178cb58e23,benign(420)
gdph_sysucc/benign(421),SYSUCC,0,auxiliary,SYSUCC/benign(421).png,5515cbbd7183576d26f0c5a1aa74ea469f9970bd1e8f922131865ab01ee7c46c,benign(421)
gdph_sysucc/benign(422),SYSUCC,0,auxiliary,SYSUCC/benign(422).png,4483e935760729139b102a644d67ef82b189a2ac50fbe04bb891e33474d2bc7c,benign(422)
gdph_sysucc/benign(423),SYSUCC,0,auxiliary,SYSUCC/benign(423).png,ca9faa9291319b90f29a849e8ce367536cc9572c335889c9695899377c167b7a,benign(423)
gdph_sysucc/benign(424),SYSUCC,0,auxiliary,SYSUCC/benign(424).png,00c4616cf725f7889ccab5239c82f86c5c9392027057a4aa419426f1a3b7dd89,benign(424)
gdph_sysucc/benign(425),SYSUCC,0,auxiliary,SYSUCC/benign(425).png,3e1214e8469f938c21d487e8d5db41ad1a24243244011a348a3bdda88ae6acbd,benign(425)
gdph_sysucc/benign(426),SYSUCC,0,auxiliary,SYSUCC/benign(426).png,694413aec029c39b10cdc570e8d4512380f571ea5a4330c212196e42983ee933,benign(426)
gdph_sysucc/benign(427),SYSUCC,0,auxiliary,SYSUCC/benign(427).png,5aeb3a0e82d241c791bfb0c15bdb0084f79739a14001a525bc022682aac19556,benign(427)
gdph_sysucc/benign(428),SYSUCC,0,auxiliary,SYSUCC/benign(428).png,6c1fe879528f2915cb0ea8cb6693662b020415744db13beb0710b40b8e2443a9,benign(428)
gdph_sysucc/benign(429),SYSUCC,0,auxiliary,SYSUCC/benign(429).png,1af17cc99eea6674109e174cda7dc073d0cc595bd3090a07fbd687640a86ad57,benign(429)
gdph_sysucc/benign(43),SYSUCC,0,auxiliary,SYSUCC/benign(43).png,d31949078354a3923b816a0b0fbd825b4359b13f9585cb91b726df7cbb02ff37,benign(43)
gdph_sysucc/benign(430),SYSUCC,0,auxiliary,SYSUCC/benign(430).png,3b3b5a88db8054ac188c0317b857f9cb982ed882284a1325bf6628c891870eee,benign(430)
gdph_sysucc/benign(431),SYSUCC,0,auxiliary,SYSUCC/benign(431).png,32d41691174eccfc9a12c2d627a48308ddee5efd6647c501b000086ba7fe09b6,benign(431)
gdph_sysucc/benign(432),SYSUCC,0,auxiliary,SYSUCC/benign(432).png,e2e442811edf53c0daff0482aa5e30887aaa2bdc9a95732ea1e9692bc04fca9b,benign(432)
gdph_sysucc/benign(433),SYSUCC,0,auxiliary,SYSUCC/benign(433).png,90cf61be082350a6e353a41e0b5e5c7209e622b2f8b9226ea9acbcb88a100028,benign(433)
gdph_sysucc/benign(434),SYSUCC,0,auxiliary,SYSUCC/benign(434).png,42bed266e731083911d8e0814ad94eb8dcea51cc2b89db203cae3e01cad71a9d,benign(434)
gdph_sysucc/benign(435),SYSUCC,0,auxiliary,SYSUCC/benign(435).png,bf9dc5c9faf9e913c7385b779f108fc330f7f4b742d1a83987bb92226d3ad1de,benign(435)
gdph_sysucc/benign(436),SYSUCC,0,auxiliary,SYSUCC/benign(436).png,6fe1dad4935cccb8bc2e25aa284e588bf289b5af1b20a7b44058155b671d0815,benign(436)
gdph_sysucc/benign(44),SYSUCC,0,auxiliary,SYSUCC/benign(44).png,699a4d4adbcabc21845b78abed156dc355fac07ede6fe47872d42b124166bb22,benign(44)
gdph_sysucc/benign(443),GDPH,0,auxiliary,GDPH/benign(443).png,ca439bdad4791fcf37e58e25cbdc53b2679f897471f70b8471f7f27931791fb0,benign(443)
gdph_sysucc/benign(444),GDPH,0,auxiliary,GDPH/benign(444).png,d4684859b2cf1a02fbebb82aa918f69dbffbb87255fa7723bdc21f7c4541f98d,benign(444)
gdph_sysucc/benign(445),GDPH,0,auxiliary,GDPH/benign(445).png,3863dcec5509325ab4a858064f2f1e22acb7a89d98456cff8b16551bb6c09c03,benign(445)
gdph_sysucc/benign(446),GDPH,0,auxiliary,GDPH/benign(446).png,e9f109998abccc605af1d029df8f05f9945bb26df86e4570c83f936ec96a94da,benign(446)
gdph_sysucc/benign(447),GDPH,0,auxiliary,GDPH/benign(447).png,9dcc15bd15146aeac500de896d39151ac1ab121a7257319c705f7a7aaa810058,benign(447)
gdph_sysucc/benign(448),GDPH,0,auxiliary,GDPH/benign(448).png,1029cf3aa6115e22d2d6bd4c65cb99a26abb520bd023ecfbadfacf9676f51bd5,benign(448)
gdph_sysucc/benign(449),GDPH,0,auxiliary,GDPH/benign(449).png,ccd458502f0b92f34998dbf77aeea9158f189b4c57dc3e5a1c1fb9894b9a3efa,benign(449)
gdph_sysucc/benign(45),SYSUCC,0,auxiliary,SYSUCC/benign(45).png,87aa737d5ddc27ff53deddbbff38ce8bb3b2d07c8dc51a43fe8109706456af04,benign(45)
gdph_sysucc/benign(450),GDPH,0,auxiliary,GDPH/benign(450).png,6398131e3fb41f8762812db4f5f3316b19c2afc89e0279b9768d4d85d216fa93,benign(450)
gdph_sysucc/benign(451),GDPH,0,auxiliary,GDPH/benign(451).png,6f7460ea651c8148afa70377ad2dc37f15dde292807d2310cb73c479e5e82dc8,benign(451)
gdph_sysucc/benign(452),GDPH,0,auxiliary,GDPH/benign(452).png,9a4f8adaa9feab5c58367d0afd5e6eeb7b599670dbe6a19de51448556bb638c1,benign(452)
gdph_sysucc/benign(453),GDPH,0,auxiliary,GDPH/benign(453).png,12200395a9385e40abf0e8addf35b470895fb6d2733d0c591a7d99311c749f0a,benign(453)
gdph_sysucc/benign(454),GDPH,0,auxiliary,GDPH/benign(454).png,94dfaa87f8b68b803115926192167d3cd6f1fa184f4a0b6a112e1aa4e773827a,benign(454)|benign(496)
gdph_sysucc/benign(455),GDPH,0,auxiliary,GDPH/benign(455).png,87bdfee60cd8b50be390fe1565c14b85d31788b0097dcc6862b0a4e43f56de44,benign(455)
gdph_sysucc/benign(456),GDPH,0,auxiliary,GDPH/benign(456).png,8e6390f9d3f5844c74a6c71607c08431495e4dd97cb911609e91d5217601fd41,benign(456)
gdph_sysucc/benign(458),GDPH,0,auxiliary,GDPH/benign(458).png,f9b60c4519ce8a05599c88ef85b7715ff54c4fa874f165e57c22c388ae3b40fc,benign(458)
gdph_sysucc/benign(459),GDPH,0,auxiliary,GDPH/benign(459).png,098e240069ec48ef8963f7c41bb5e4416466ef7f6a273e2dd6911bda1ae2769d,benign(459)
gdph_sysucc/benign(46),SYSUCC,0,auxiliary,SYSUCC/benign(46).png,41c470975b04ab0fd8b3c372c79bfed58e9d53e8a44901f4d8c188b3f2982f45,benign(46)
gdph_sysucc/benign(460),GDPH,0,auxiliary,GDPH/benign(460).png,0366ac10ef96a00e16eeffc30cfbe4e64f09fafab90b8e54bddb81ce344fecc4,benign(460)
gdph_sysucc/benign(461),GDPH,0,auxiliary,GDPH/benign(461).png,93b37876f312c4a4c588df693b45d8ababce3b3b5e44071d9c3cb7941f573d66,benign(461)
gdph_sysucc/benign(462),GDPH,0,auxiliary,GDPH/benign(462).png,b8585683cfff46b7d748f07446fa4d4f0cbad1390ba32fd7d0914d6ede7f119a,benign(462)
gdph_sysucc/benign(463),GDPH,0,auxiliary,GDPH/benign(463).png,f2f623e270cf78886f6c61f4f3c7a1ee0cb76856926f0538e4dd3071af070b20,benign(463)
gdph_sysucc/benign(464),GDPH,0,auxiliary,GDPH/benign(464).png,ae7e68a53f4c9f5f571c1fb1789b8779bd98d1a2da1241883daaca469b79379b,benign(464)
gdph_sysucc/benign(465),GDPH,0,auxiliary,GDPH/benign(465).png,4e8e89670c1fe5dbb85c497278a5dde2e0b5b3a2e76262a3c873f62ed17d0c54,benign(465)
gdph_sysucc/benign(466),GDPH,0,auxiliary,GDPH/benign(466).png,242f3a630d850434c20e881b05d952b32b3cbf9f493ef6700141fcc86ac72128,benign(466)
gdph_sysucc/benign(467),GDPH,0,auxiliary,GDPH/benign(467).png,c49583b2230d555183ced49d7d6e0b06c7f37cb2450cdd4105df7ef21be7ad79,benign(467)
gdph_sysucc/benign(468),GDPH,0,auxiliary,GDPH/benign(468).png,4942e620c0636b3f335a03e9d8d1ffd0323e5eb837c11d002aca1e69bad3181b,benign(468)
gdph_sysucc/benign(469),GDPH,0,auxiliary,GDPH/benign(469).png,346e59d9d426a2ed57f308f729393a50837348f64632b72d06569a7c06bd2cb5,benign(469)
gdph_sysucc/benign(47),SYSUCC,0,auxiliary,SYSUCC/benign(47).png,98057f54fbc8282c5006da195489b6cb0d90516fc73c1d95628705987b950b63,benign(47)
gdph_sysucc/benign(470),GDPH,0,auxiliary,GDPH/benign(470).png,0a2d84d9db273ba60776112c1e411b6f02cbda35b0b66a936c3377c5ef5ee7be,benign(470)
gdph_sysucc/benign(471),GDPH,0,auxiliary,GDPH/benign(471).png,d658cc2feeecd90f4e333ca25275fd2cf0696f5dc673fc5f9025421a81dc86a6,benign(471)
gdph_sysucc/benign(472),GDPH,0,auxiliary,GDPH/benign(472).png,245fd17a987be410ef31fc7f75e399d8eca7bb2df7690255b1599abfe9713422,benign(472)
gdph_sysucc/benign(473),GDPH,0,auxiliary,GDPH/benign(473).png,060db560ea09096eaed423df78ce672e023bf7dcb364c8e78a2987b98ecb9c30,benign(473)
gdph_sysucc/benign(474),GDPH,0,auxiliary,GDPH/benign(474).png,2db583184d6ecf9c0ef3006ed31a18886f2eed1dc2d58653c8e66bb590c226c8,benign(474)
gdph_sysucc/benign(475),GDPH,0,auxiliary,GDPH/benign(475).png,2e03014c02738d592b48aecc962da540d8689ed082edb87ec12ecf8f1b11ef6b,benign(475)
gdph_sysucc/benign(476),GDPH,0,auxiliary,GDPH/benign(476).png,0cb1eb7ab9620dd31f2dc87945cf8b30b4674d3f267e841a905c4edf2e56d2ca,benign(476)
gdph_sysucc/benign(477),GDPH,0,auxiliary,GDPH/benign(477).png,4729f2571e72923b24fc2497ebcc48c3cffceae1b1ef5b0cd82112e0e886f4f9,benign(477)
gdph_sysucc/benign(478),GDPH,0,auxiliary,GDPH/benign(478).png,642c65dd26b37620fa5797d8ed932c0194c2b4df23dc76e461150afdae5f0611,benign(478)
gdph_sysucc/benign(479),GDPH,0,auxiliary,GDPH/benign(479).png,0b579d40d39d0db1222e27d4f145e5c52e367b175ed5320c887066dcf5a0c734,benign(479)
gdph_sysucc/benign(48),SYSUCC,0,auxiliary,SYSUCC/benign(48).png,50df9076779c42c13eeaee051b9193fcf68f3fe8458ef23d33f62cd7e2ef30de,benign(48)
gdph_sysucc/benign(480),GDPH,0,auxiliary,GDPH/benign(480).png,854e51db02003de9fdd5046e17cfd97e8ef7fd0c462aa7cfbfb088e5307979fb,benign(480)
gdph_sysucc/benign(481),GDPH,0,auxiliary,GDPH/benign(481).png,d1dc49b14bded9a68e39ea5d78ef33f0b09d1fa70c58217dcc75501dd9d91a77,benign(481)
gdph_sysucc/benign(482),GDPH,0,auxiliary,GDPH/benign(482).png,6ea591b8f579f33afede5e7ced83f7f9da5ec43414a15131e89126585f25e4d8,benign(482)
gdph_sysucc/benign(483),GDPH,0,auxiliary,GDPH/benign(483).png,a6cfd8885ffcde916aa1e4781711fa517208e1ea56d5d00e2deb4462dcd8f6ea,benign(483)
gdph_sysucc/benign(484),GDPH,0,auxiliary,GDPH/benign(484).png,85651ab4d705361b239f2b4d53a9646072a36d6e8fc3b079dcd18ad3b15c7185,benign(484)
gdph_sysucc/benign(485),GDPH,0,auxiliary,GDPH/benign(485).png,c9c075d852a7764f97040f09c4b54bb7cbb0fbbea7858b43067da9c373a086d4,benign(485)
gdph_sysucc/benign(486),GDPH,0,auxiliary,GDPH/benign(486).png,dbaa8d0a63331d468836d4fda56daa83dea42f92d59f7bc465f6bde6c0a8fa82,benign(486)
gdph_sysucc/benign(487),GDPH,0,auxiliary,GDPH/benign(487).png,475a4bcdb49d99b6e1c59b126253bcfc8e949d9a0ea3a6bc678fc396b9d3fb91,benign(487)
gdph_sysucc/benign(488),GDPH,0,auxiliary,GDPH/benign(488).png,294466906bbf48343dbc636fbe1915fb9a8f23e325864bc8755ff6b09dd5b090,benign(488)
gdph_sysucc/benign(489),GDPH,0,auxiliary,GDPH/benign(489).png,a515684c580b487c2c62eaadc1668d93a1aefd2dfc5e58870133955369e1619e,benign(489)
gdph_sysucc/benign(49),SYSUCC,0,auxiliary,SYSUCC/benign(49).png,e89fd62b2f80a3cee89f510f4d8fab96a26ea7770655a925f7ad72c63d35a928,benign(49)
gdph_sysucc/benign(490),GDPH,0,auxiliary,GDPH/benign(490).png,b6b4c7fb3fa58f153a2f83382ef0da82223d6cdce0b2040da009ad45db355486,benign(490)
gdph_sysucc/benign(491),GDPH,0,auxiliary,GDPH/benign(491).png,5ccbc4e74c9b0c9a68605f41876866934d1c20cbe861947a836d7dc879abf279,benign(491)
gdph_sysucc/benign(492),GDPH,0,auxiliary,GDPH/benign(492).png,44437d99c79f234559fcf4870b2a6a888aa81dfef10e5a5dff8c7f9d5f1e7fe0,benign(492)
gdph_sysucc/benign(493),GDPH,0,auxiliary,GDPH/benign(493).png,fa1ebfd7a1ba1c5069c0cc88072d9b69c005b0fc0da8a37273baa9c240236ae1,benign(493)
gdph_sysucc/benign(494),GDPH,0,auxiliary,GDPH/benign(494).png,d3ac84966697dda24768afae9f4bdf8681ad08429f1c04600452c44805ad664a,benign(494)
gdph_sysucc/benign(495),GDPH,0,auxiliary,GDPH/benign(495).png,a931a12713e747d67d2d0b8ea22640d1e6fa5ed14b3e28c9df03ea3b55c4550b,benign(495)
gdph_sysucc/benign(497),GDPH,0,auxiliary,GDPH/benign(497).png,156c1902502e8f67618da45da5044008d8326f410507181699f16022e016427e,benign(497)
gdph_sysucc/benign(498),GDPH,0,auxiliary,GDPH/benign(498).png,556b0690befcc0785a7295f3e743ebfaf434b6abec47fc352729ba93005e57dd,benign(498)
gdph_sysucc/benign(499),GDPH,0,auxiliary,GDPH/benign(499).png,943406c3366ab784448bc2aa344b64ea7d91c47450310410e3985dd7b9429708,benign(499)
gdph_sysucc/benign(5),SYSUCC,0,auxiliary,SYSUCC/benign(5).png,480b630021b3813447865da25aa994b60184d50669b9ba0f9055f99c1bbcfa71,benign(5)
gdph_sysucc/benign(50),SYSUCC,0,auxiliary,SYSUCC/benign(50).png,6167aef69e25088d5c3a3c52919fcfd67338b62169c6ecfd5b47043b1a9f59ef,benign(50)
gdph_sysucc/benign(500),GDPH,0,auxiliary,GDPH/benign(500).png,66d55963345ff11396b0f29ec11c4787256c762190cd0be4e3b7fb85c375602e,benign(500)
gdph_sysucc/benign(501),GDPH,0,auxiliary,GDPH/benign(501).png,aa23c27ea4024175eeebab6a3894318254efe36a6c33464e935bc7ffd17641b9,benign(501)
gdph_sysucc/benign(502),GDPH,0,auxiliary,GDPH/benign(502).png,0b4699a48081602d072e497498652233826c1967956406e3c6bed8c8cf610a90,benign(502)
gdph_sysucc/benign(503),GDPH,0,auxiliary,GDPH/benign(503).png,298c8526cb5bd2c83e93b0166406f87417e36f848293f95e34e659ec2e3d9c1e,benign(503)
gdph_sysucc/benign(504),GDPH,0,auxiliary,GDPH/benign(504).png,4942b701d64c1f474005ab9708b5776dea4c3b6d4b6587f0260979f87ee142eb,benign(504)
gdph_sysucc/benign(505),GDPH,0,auxiliary,GDPH/benign(505).png,61aa381e1b09453993531ac98b71f3edc439d6aed32b0ec805560b138030aaad,benign(505)
gdph_sysucc/benign(506),GDPH,0,auxiliary,GDPH/benign(506).png,7f12f47727c1896742c7ae72137d43c8ea08ac45025e29b4f9a9fffe7cd253fd,benign(506)
gdph_sysucc/benign(507),GDPH,0,auxiliary,GDPH/benign(507).png,f35008d86e2157973d16918bf5d52ce67db457cca42a3a6e2a7f561a688f124e,benign(507)
gdph_sysucc/benign(508),GDPH,0,auxiliary,GDPH/benign(508).png,91ee3a0b89ac72780823335e2fec99857c2f49c02413314374fc2abf2a16dfdb,benign(508)
gdph_sysucc/benign(509),GDPH,0,auxiliary,GDPH/benign(509).png,a8d5746e45d723f783ba33f81feb1ba51778efefdfd41ee707862e2ab39f864c,benign(509)
gdph_sysucc/benign(51),SYSUCC,0,auxiliary,SYSUCC/benign(51).png,7ae14d9369d10f7a2757f2d7dd28dcaa7492ee4dcaed1e8462439dc84b5021cc,benign(51)
gdph_sysucc/benign(510),GDPH,0,auxiliary,GDPH/benign(510).png,6129f3697c0fbed5b29dd00894062546a88475fd18e049df8009afe17ca48c4b,benign(510)
gdph_sysucc/benign(511),GDPH,0,auxiliary,GDPH/benign(511).png,e18deb1e856c24cdebaaa8ac74dfdf8b1d4462f2bd87db7a2331c5c8f061c000,benign(511)
gdph_sysucc/benign(512),GDPH,0,auxiliary,GDPH/benign(512).png,c107b4a9db9e94d969539eff16af7db6e923ffd1757be1592d3e845d005e2f21,benign(512)
gdph_sysucc/benign(513),GDPH,0,auxiliary,GDPH/benign(513).png,72ab0612f6f7996a2000036266ef334e64d36704e663f63ecc63da112a4f0175,benign(513)
gdph_sysucc/benign(514),GDPH,0,auxiliary,GDPH/benign(514).png,97392b46712e436c02ae07dc0ce1166b7089a8e1cd38aa4c6010ab4abed42598,benign(514)
gdph_sysucc/benign(515),GDPH,0,auxiliary,GDPH/benign(515).png,dab7229c42e6491dee16f285ffac788bd94d0752c1f0cf37500cbd8ded3bb6b8,benign(515)
gdph_sysucc/benign(516),GDPH,0,auxiliary,GDPH/benign(516).png,39304d0e3ef118a1713479526ddc68fec1e433ab4c2283cd50cb62cb4952e125,benign(516)
gdph_sysucc/benign(517),GDPH,0,auxiliary,GDPH/benign(517).png,e3d0dc49cabb4427447d368dac74054b21c21863bfacf412e00d98a2349a373b,benign(517)
gdph_sysucc/benign(518),GDPH,0,auxiliary,GDPH/benign(518).png,e02823720cef4774c58d49b64253e95e75e72af2c14fba61ea540d070c3deafc,benign(518)
gdph_sysucc/benign(519),GDPH,0,auxiliary,GDPH/benign(519).png,3c62b0b1e24e845f0e5e15b9d490454c0fdb40d6545852dc0361a1be0457abb8,benign(519)
gdph_sysucc/benign(52),SYSUCC,0,auxiliary,SYSUCC/benign(52).png,ec7da8db42c20353727d5f06f42d3d523017c3bdc33a1eabbfa12f632f911e41,benign(52)
gdph_sysucc/benign(520),GDPH,0,auxiliary,GDPH/benign(520).png,b4a9d0ba514fdc4fe80118f062dd1f7a6c4b3bca504dc87272e116ed91829d7d,benign(520)
gdph_sysucc/benign(521),GDPH,0,auxiliary,GDPH/benign(521).png,d28a2b5782a022893c59d5bc53359ce041619446cbfdc7f26223a5f71d682029,benign(521)
gdph_sysucc/benign(522),GDPH,0,auxiliary,GDPH/benign(522).png,373d67d134a919152d50e778a01afbda3e2b2728fb4466259cbd13b5527fd618,benign(522)
gdph_sysucc/benign(523),GDPH,0,auxiliary,GDPH/benign(523).png,1e367a1c5321b20861a764edeed4fe73356c675cee30dd8a45fba422f6674afb,benign(523)
gdph_sysucc/benign(524),GDPH,0,auxiliary,GDPH/benign(524).png,c311c87e7e8e2f5d183367f7e5866378bd859b49a4fc50d2182ea5deabec3755,benign(524)
gdph_sysucc/benign(525),GDPH,0,auxiliary,GDPH/benign(525).png,2967eb4c256ef5072a378e2b37dc6bb377f9063668a1a864182fcf7087618cb0,benign(525)|benign(652)
gdph_sysucc/benign(526),GDPH,0,auxiliary,GDPH/benign(526).png,5ef5c44cb43f35358c49db33aa2fd4934ed199ed21b0c5180e2bc3596694a278,benign(526)
gdph_sysucc/benign(527),GDPH,0,auxiliary,GDPH/benign(527).png,eb0c643f760db43b10e8a9006827876cb20b13090408a579dd608d658c9ad1e7,benign(527)|benign(650)
gdph_sysucc/benign(528),GDPH,0,auxiliary,GDPH/benign(528).png,c0a3d14970fa207e3d955591dd56789b092533ef6e3e21106f5e961919da001c,benign(528)|benign(648)
gdph_sysucc/benign(529),GDPH,0,auxiliary,GDPH/benign(529).png,ca8b48157ddb752bfd0cd5077932499f79ef09a71d4b30e667c9e8d6f12d3533,benign(529)
gdph_sysucc/benign(53),SYSUCC,0,auxiliary,SYSUCC/benign(53).png,91bd0649418beccda270b51aceb7edf79525b745ffed64994d4631d9c65c0207,benign(53)
gdph_sysucc/benign(530),GDPH,0,auxiliary,GDPH/benign(530).png,86a14507281fd2896aaa4abdcedac13412a1e91edac672e6a7824ae7ce635a7b,benign(530)
gdph_sysucc/benign(531),GDPH,0,auxiliary,GDPH/benign(531).png,9edd98560c95ef6c9d6b4caf374a6ad562f2a00be7a17b5eab352d12de51e5a0,benign(531)
gdph_sysucc/benign(532),GDPH,0,auxiliary,GDPH/benign(532).png,5d5493a540578f0c6a376d14c47a5b042aafe675423c3fdf4fb5a417d362b473,benign(532)
gdph_sysucc/benign(533),GDPH,0,auxiliary,GDPH/benign(533).png,585a135bc45bc636519638808704a230c4026d7c007ac1730ec3f4cbe78490b3,benign(533)
gdph_sysucc/benign(534),GDPH,0,auxiliary,GDPH/benign(534).png,b5c9214ec3aff649345fa9d70ea1cc6d779b07de96e54f1b42000ce8f5098038,benign(534)
gdph_sysucc/benign(535),GDPH,0,auxiliary,GDPH/benign(535).png,01d470f270a93a5f35b3ab4a85f818fb06eb341b077c1ec48dc924d451b97538,benign(535)
gdph_sysucc/benign(536),GDPH,0,auxiliary,GDPH/benign(536).png,647621dd03f13d9b28db1a389221800aa0ed3d707ef83eda65dee5008b840cef,benign(536)
gdph_sysucc/benign(537),GDPH,0,auxiliary,GDPH/benign(537).png,cb20c68e3c14817ae384687182ef2dfa906a21c98b645b24924b662d9143a2ed,benign(537)
gdph_sysucc/benign(538),GDPH,0,auxiliary,GDPH/benign(538).png,d03de2afe6f2e8d7d703fb0144798b0793ee323577a94013bb4dc148691454f3,benign(538)
gdph_sysucc/benign(539),GDPH,0,auxiliary,GDPH/benign(539).png,0d43ca5a313c7bfdf6bae4466cb843d4f8116d634b345080ab7c57b49cb1c000,benign(539)
gdph_sysucc/benign(54),SYSUCC,0,auxiliary,SYSUCC/benign(54).png,9b7864cfedef02122b7d7146319ec32bd8ddc57ae9cc934521111f816a5c955a,benign(54)
gdph_sysucc/benign(540),GDPH,0,auxiliary,GDPH/benign(540).png,18ac5a2e674ab97d27a5ec6ac88204e1dee85927c1e1820d146f1976242eb4a9,benign(540)
gdph_sysucc/benign(541),GDPH,0,auxiliary,GDPH/benign(541).png,95c346d6dc3b88fc397d043067cbf9b4937f8d1c439bf9a6152c957012462631,benign(541)
gdph_sysucc/benign(542),GDPH,0,auxiliary,GDPH/benign(542).png,8f069cffffb628bb11586841aca1276bebed9cf823cc7cd978ffe9f7d1e38a68,benign(542)
gdph_sysucc/benign(543),GDPH,0,auxiliary,GDPH/benign(543).png,f6ffdda849d93e08d65014852c95afd540528103b8b68414fffa349ce58c7872,benign(543)
gdph_sysucc/benign(544),GDPH,0,auxiliary,GDPH/benign(544).png,cff00fd91588b063e15672ccfeeaabcfe5a4bb0f474830b6c640b90e44bf51f2,benign(544)
gdph_sysucc/benign(545),GDPH,0,auxiliary,GDPH/benign(545).png,23c0cf5c67ec5bc55d321f6e623909cd5ecb87fd22db37b394dc6202e72e39c7,benign(545)
gdph_sysucc/benign(546),GDPH,0,auxiliary,GDPH/benign(546).png,0e32d97567f5d9ce901f9213957d144f2438044e37cfe705f406d42604699a37,benign(546)
gdph_sysucc/benign(547),GDPH,0,auxiliary,GDPH/benign(547).png,d0fa74863b55185449b990f895d6d95e6f91b1287c200b1f0236048bb3856b72,benign(547)
gdph_sysucc/benign(548),GDPH,0,auxiliary,GDPH/benign(548).png,2dbbd6cb92a3cc961fc376540afa71a009e84cadf9e75f948ca1f60bbe16eed0,benign(548)
gdph_sysucc/benign(549),GDPH,0,auxiliary,GDPH/benign(549).png,d833354d519ceb2279af7c5d7ed2289c2d38f3ea815c5f764fdb508ebc910a62,benign(549)
gdph_sysucc/benign(55),SYSUCC,0,auxiliary,SYSUCC/benign(55).png,45fe88f5cee874b647f44197915f711732a210d69831e95c4f46781ad562e26c,benign(55)
gdph_sysucc/benign(550),GDPH,0,auxiliary,GDPH/benign(550).png,1dc3657177401137377869b8a3d47419d6f8543e2fb6c9bd37ec4c1607b4520f,benign(550)
gdph_sysucc/benign(551),GDPH,0,auxiliary,GDPH/benign(551).png,03b18e3fe1b8fdeb4de236670d7edd98e900bad681367e3fb9b2cb2a7e341dcd,benign(551)
gdph_sysucc/benign(552),GDPH,0,auxiliary,GDPH/benign(552).png,45249425bf5165cf59df681bbeb0797126357ae5e874c9b960de267aa07cf882,benign(552)
gdph_sysucc/benign(553),GDPH,0,auxiliary,GDPH/benign(553).png,cc5e4f3e67c54e6a33abfeb46705147dedeabe8e53de1f654be53c9262056881,benign(553)
gdph_sysucc/benign(554),GDPH,0,auxiliary,GDPH/benign(554).png,2d1c0b59f336fdd1b23000114932729f235ca31f699861eb08e783f1a338344a,benign(554)
gdph_sysucc/benign(555),GDPH,0,auxiliary,GDPH/benign(555).png,01015cfabcb2f35f7dd53076d064dca9a5b146599444e1e99c8566c5e566e01d,benign(555)
gdph_sysucc/benign(556),GDPH,0,auxiliary,GDPH/benign(556).png,0897a5bbfe7b582058c68f2d896176b5fbb8f55d8709e32b1f27df907de44468,benign(556)
gdph_sysucc/benign(557),GDPH,0,auxiliary,GDPH/benign(557).png,2aa17e712ea82403ae7873c88297bf6f8d5c0634935225a9e91f01722ab57059,benign(557)
gdph_sysucc/benign(558),GDPH,0,auxiliary,GDPH/benign(558).png,4c3cfbc0537629301239b3d8c2bff39b979225e91189c897b4c756bc1c1cdead,benign(558)
gdph_sysucc/benign(559),GDPH,0,auxiliary,GDPH/benign(559).png,d4ba09b82b117c18cc01632b7b53aff9cb02290ac5fdcb06060212e6952a0a02,benign(559)
gdph_sysucc/benign(56),SYSUCC,0,auxiliary,SYSUCC/benign(56).png,ecfdcae521fc4d91e9c0d70e4458aa074ebea4cb143923144ab236482cbbdc0f,benign(56)
gdph_sysucc/benign(560),GDPH,0,auxiliary,GDPH/benign(560).png,f90ec509288ee9fdeb4c8f9e628b7e1d8e80a447bf53d0b95c547e87993bd83d,benign(560)
gdph_sysucc/benign(561),GDPH,0,auxiliary,GDPH/benign(561).png,e0436546dbe62ceae931409155f1bc8778a754483cda3c169da1d59162f671b5,benign(561)
gdph_sysucc/benign(562),GDPH,0,auxiliary,GDPH/benign(562).png,d3ba16aa804c90e481982bddbb82fdb561d012d727a125d4054d1c577f1caed0,benign(562)
gdph_sysucc/benign(563),GDPH,0,auxiliary,GDPH/benign(563).png,d0f53ef04e76098487446da3a618202308bc5b8d11e659b941fe462934b459d9,benign(563)
gdph_sysucc/benign(564),GDPH,0,auxiliary,GDPH/benign(564).png,a604551330bc992647911e141acd3c7dcb0bbaba5e41ec7d8dca4fbfcd616c6a,benign(564)
gdph_sysucc/benign(565),GDPH,0,auxiliary,GDPH/benign(565).png,8d57d213f59196a7967c3838b5f1a3820e00c715907ea2345a84644949c75b4d,benign(565)
gdph_sysucc/benign(566),GDPH,0,auxiliary,GDPH/benign(566).png,b34fc1ec4c36891144a304c914da6be10150c230f9ad439403ec540f8055db91,benign(566)
gdph_sysucc/benign(567),GDPH,0,auxiliary,GDPH/benign(567).png,12670a042821960193368b6f61643f7c63ad844d19eb4ebd603796b9ff4dc6a5,benign(567)
gdph_sysucc/benign(568),GDPH,0,auxiliary,GDPH/benign(568).png,9a7fd014804dade441f9a67b1deff323dc0950a203d5b9e4fb78f620c46c9864,benign(568)
gdph_sysucc/benign(569),GDPH,0,auxiliary,GDPH/benign(569).png,2eb0f55851a93c02c4b4bb6da59473efe92574f7ff201d8d2268c2e1298a102b,benign(569)
gdph_sysucc/benign(57),SYSUCC,0,auxiliary,SYSUCC/benign(57).png,5d50b2336752d26dc9d5fd5d6a7d42820d1e8f79e4312f2ab993696219205d63,benign(57)
gdph_sysucc/benign(570),GDPH,0,auxiliary,GDPH/benign(570).png,fc7cb2e75ca8eeb06589e0ad63d2d2822f4e1f430465b813ad453b9a9454f01e,benign(570)
gdph_sysucc/benign(571),GDPH,0,auxiliary,GDPH/benign(571).png,7c6e4416ca0682edc145b51d734918f92851ade068f40e2576c017d93ecdce1b,benign(571)
gdph_sysucc/benign(572),GDPH,0,auxiliary,GDPH/benign(572).png,356084d09214e82519e7b4e1add979fed4e8cd908525613db8a0e167fe66becf,benign(572)
gdph_sysucc/benign(573),GDPH,0,auxiliary,GDPH/benign(573).png,572105cb8812ff9b45eb1d7b1a4d39c7f5e01372a168ddd17e74c5e1fdb29c70,benign(573)
gdph_sysucc/benign(574),GDPH,0,auxiliary,GDPH/benign(574).png,54141f76b09536924f93f03da2c7c1c93647fac0f485b34b4617d0287395104f,benign(574)
gdph_sysucc/benign(575),GDPH,0,auxiliary,GDPH/benign(575).png,5d16f7000016c6d6174f3371694e8b3d79de82f74fffc321376000aac030dfa3,benign(575)
gdph_sysucc/benign(576),GDPH,0,auxiliary,GDPH/benign(576).png,7ed86b3ca7de6f6b86edfaa75b0a448575ad2b40b8947257e557aba61b1c6203,benign(576)
gdph_sysucc/benign(577),GDPH,0,auxiliary,GDPH/benign(577).png,ec4144728cc04a745ca5b470a3bd8988702c09fbc62aff31597c6cfedec73222,benign(577)
gdph_sysucc/benign(578),GDPH,0,auxiliary,GDPH/benign(578).png,fe42afaadbd52a9c1f4dc8dae9899114a2a240caa5f50744668a11d0b72efbc0,benign(578)
gdph_sysucc/benign(579),GDPH,0,auxiliary,GDPH/benign(579).png,3b4c0b7f1d72f4780622519090b6a0c778323932fe487df1746d6181abe4d0e9,benign(579)
gdph_sysucc/benign(58),SYSUCC,0,auxiliary,SYSUCC/benign(58).png,8247f7dfcdb5e22d4496c99ba32b0149f700c33adfba38e1a2671e354eff3da9,benign(58)
gdph_sysucc/benign(580),GDPH,0,auxiliary,GDPH/benign(580).png,660bbaa9cd73d612932b7dac49c6e6e95b8e588492ae43e9bab5c4e0979cc55e,benign(580)
gdph_sysucc/benign(581),GDPH,0,auxiliary,GDPH/benign(581).png,48cb3dbd130eb942d829c8876d0e1d09a4ef8a018d5c079b19afcbba8cbbf2a8,benign(581)
gdph_sysucc/benign(582),GDPH,0,auxiliary,GDPH/benign(582).png,5b901927f23801580239217934573e1113edd4679a21a6d813dc6a35d0a0d0f9,benign(582)
gdph_sysucc/benign(583),GDPH,0,auxiliary,GDPH/benign(583).png,dd0ba01a86668a173ca24e22c08e02fbb9094f1e4191c2d4e6a81664891a39b2,benign(583)
gdph_sysucc/benign(584),GDPH,0,auxiliary,GDPH/benign(584).png,d90987a5ec7867d6af121418545da7e612c620c2a831fa9c46800e2ef372054e,benign(584)
gdph_sysucc/benign(585),GDPH,0,auxiliary,GDPH/benign(585).png,27043ed12e639387ce2b54292e6dd326197e54e042590669d5099c1807975f7c,benign(585)
gdph_sysucc/benign(586),GDPH,0,auxiliary,GDPH/benign(586).png,cb4c8b51f357983c614f3bbb2a798ccd644dbe8946097889ab8763b8a5730cea,benign(586)
gdph_sysucc/benign(587),GDPH,0,auxiliary,GDPH/benign(587).png,cf336e1ba394d0b04571f78b47da89e5b4a2f26f7f967677e49a3e014579fd89,benign(587)
gdph_sysucc/benign(588),GDPH,0,auxiliary,GDPH/benign(588).png,ca3085651e5597509ede3bb4addf774ab84b900a0264cd9887d7918e9143f9e5,benign(588)
gdph_sysucc/benign(589),GDPH,0,auxiliary,GDPH/benign(589).png,903e82be1706dfb18371cd9641677cc2909091c54e4d7591be8e11f7a79fe871,benign(589)
gdph_sysucc/benign(59),SYSUCC,0,auxiliary,SYSUCC/benign(59).png,ab93a2c4efecb664936b19d660026688c4314a081a1e90aa054ab5ab2ba606ef,benign(59)
gdph_sysucc/benign(590),GDPH,0,auxiliary,GDPH/benign(590).png,80dafb3c6521e0daff41b9de4c60dc87cd70d1456ebd39beb59f45646fb7fd5b,benign(590)|benign(594)
gdph_sysucc/benign(591),GDPH,0,auxiliary,GDPH/benign(591).png,a6dde62c9885b6e76662564bc6190bd7b51049d71bfe75c91afba52e75079407,benign(591)|benign(595)
gdph_sysucc/benign(592),GDPH,0,auxiliary,GDPH/benign(592).png,b01e65ffe928513650e1da75725418456d5a95946a59bb064b6281c97d837644,benign(592)|benign(593)
gdph_sysucc/benign(596),GDPH,0,auxiliary,GDPH/benign(596).png,cc0f0669c781546adb4e7e88622a048fc50e11dfc5614beb24b9c706017050f3,benign(596)
gdph_sysucc/benign(597),GDPH,0,auxiliary,GDPH/benign(597).png,62bbf3f3e7610e89c6588c168afbf0d0626925d94fb98921131ea7ba72f3d1b2,benign(597)
gdph_sysucc/benign(598),GDPH,0,auxiliary,GDPH/benign(598).png,e65890b087211ce8ba74aa62d9342b7e2a536150d539a6a37533927c6a478dae,benign(598)
gdph_sysucc/benign(599),GDPH,0,auxiliary,GDPH/benign(599).png,bc6e094a54a663eb14c3a77a5ead8f2eca8079334661e8277786cd55c7c08b0b,benign(599)
gdph_sysucc/benign(6),SYSUCC,0,auxiliary,SYSUCC/benign(6).png,2feb1801c7ebd32a12fce10c0d71238a432e6e5656da33bf49d83f16c9f8c7f1,benign(6)
gdph_sysucc/benign(60),SYSUCC,0,auxiliary,SYSUCC/benign(60).png,0170314070e79ad1e83437d33dc5db1d35798baa45c645f47ba8674349816368,benign(60)
gdph_sysucc/benign(600),GDPH,0,auxiliary,GDPH/benign(600).png,e73add2685b1e47be333ac43506cd0572d3ab3a80e215baf04d47291364c4657,benign(600)
gdph_sysucc/benign(601),GDPH,0,auxiliary,GDPH/benign(601).png,a7614f5772bde37e4e8425643064f7e165ea388c5ad9e9328379072bde54a59d,benign(601)
gdph_sysucc/benign(602),GDPH,0,auxiliary,GDPH/benign(602).png,95d4c1e9ca3f5fe20b80d5ae9a625e2ad0ee5bf096c7cd1586d7e759dbcd9ed5,benign(602)
gdph_sysucc/benign(603),GDPH,0,auxiliary,GDPH/benign(603).png,bb30e42fb1f7384191cfa6457f250d9e3f42dc46c7d986195df8fee6c2fac5e5,benign(603)
gdph_sysucc/benign(604),GDPH,0,auxiliary,GDPH/benign(604).png,b3c78c7a4d50e6c10be359d8bee09649052bf93f771b55fa0b7778405f638280,benign(604)
gdph_sysucc/benign(605),GDPH,0,auxiliary,GDPH/benign(605).png,5e7712cbf372e3319bdee6f57160774c597f33c2ffbb602c6e75d2b402edb478,benign(605)
gdph_sysucc/benign(606),GDPH,0,auxiliary,GDPH/benign(606).png,87153bcc06c7fc4e0af78fe0146f90656dd18c10c107ec4c27f687fa1354cd16,benign(606)
gdph_sysucc/benign(607),GDPH,0,auxiliary,GDPH/benign(607).png,5b6b253b1bebece6d221fba402cd822b9c792ac676f5563b8394c81f3fd944ae,benign(607)
gdph_sysucc/benign(608),GDPH,0,auxiliary,GDPH/benign(608).png,e6df0dee7521dbc4b856547e1887831839afd34c74550c87c228a3b8df6c614f,benign(608)
gdph_sysucc/benign(609),GDPH,0,auxiliary,GDPH/benign(609).png,e6b60cfc06787a6826d03964cf72a6e04f78c85c3f82c97822369abce221990c,benign(609)
gdph_sysucc/benign(61),SYSUCC,0,auxiliary,SYSUCC/benign(61).png,1295be71c621d7c2326202a20796cdda2f731cdf95bec670102c97bd3975de90,benign(61)
gdph_sysucc/benign(610),GDPH,0,auxiliary,GDPH/benign(610).png,364aa0ed6bcc5b41bbe23c7026e080ef21e45e6adb0c01a37acfc39876e74d77,benign(610)
gdph_sysucc/benign(611),GDPH,0,auxiliary,GDPH/benign(611).png,a4b64a3f42c47088d28aef6e951a3db7440d6a3c3e850e2eac32a22a9d8e2036,benign(611)
gdph_sysucc/benign(612),GDPH,0,auxiliary,GDPH/benign(612).png,747f853bf5992a95f87ed63a198f8b5270b74d5c47dd3a21afd8bfc3919264e6,benign(612)
gdph_sysucc/benign(613),GDPH,0,auxiliary,GDPH/benign(613).png,e3f4f29a8e32aaa66d89d9f07d5b86dc245a435f8d30ae0eae09848fd2dba2d5,benign(613)
gdph_sysucc/benign(614),GDPH,0,auxiliary,GDPH/benign(614).png,fbaed1dc1a1fa31ae84ea20b831d04903fb3c6d708a859da31989c9e1d7c37b8,benign(614)
gdph_sysucc/benign(615),GDPH,0,auxiliary,GDPH/benign(615).png,b8c32b7818c688d01a6cf315c5acff5323993bfa7cea92ca680c4afbdb67e016,benign(615)
gdph_sysucc/benign(616),GDPH,0,auxiliary,GDPH/benign(616).png,414395bcef9ec3aad8c00de531d01392db9bdccf3e24d8f73068eba853eaaac2,benign(616)
gdph_sysucc/benign(617),GDPH,0,auxiliary,GDPH/benign(617).png,7bf72eada8bab37744660f13c9cf4026499de9665584b8da695f0e00c29ba1a3,benign(617)
gdph_sysucc/benign(618),GDPH,0,auxiliary,GDPH/benign(618).png,ec7c2ee17ea75b983a854b369c2fb301dcb909ff4f04e025860c1806fc9c9608,benign(618)
gdph_sysucc/benign(619),GDPH,0,auxiliary,GDPH/benign(619).png,df407817e2f0115ea680c677b368830bfa7c6d092f9161e14bfa816c18009189,benign(619)
gdph_sysucc/benign(62),SYSUCC,0,auxiliary,SYSUCC/benign(62).png,5d450e020008de2227103026e867f37359a38b1c1a94ce99fb5a0e0a39e617e8,benign(62)
gdph_sysucc/benign(620),GDPH,0,auxiliary,GDPH/benign(620).png,db840917c3bd254aa4774f5f61eb950063079ef8acadc89befb88b3146b966f6,benign(620)
gdph_sysucc/benign(621),GDPH,0,auxiliary,GDPH/benign(621).png,2e33282871c4ecaade2eb162c7376ebac467c3f9a719b0329ddcd1db0c5ae1ae,benign(621)
gdph_sysucc/benign(622),GDPH,0,auxiliary,GDPH/benign(622).png,e1a34adb65a003a621a3f1b7225d7c1b452b5a4c5bedbf19aa355e31b72dc717,benign(622)
gdph_sysucc/benign(623),GDPH,0,auxiliary,GDPH/benign(623).png,d61991c2277a7f1288b29a3297b728e0ed7b3b16963fa39f3f8223d2a589e557,benign(623)
gdph_sysucc/benign(624),GDPH,0,auxiliary,GDPH/benign(624).png,0a745ab4fc836f3b770951cda070bcc4c8d862c8b818c9602f13c3aa8af22a66,benign(624)
gdph_sysucc/benign(625),GDPH,0,auxiliary,GDPH/benign(625).png,4e2527f8678af729fc9f8be351bdd262c3bb0b83a7f677e8cd6d6d1d72a0b3fa,benign(625)
gdph_sysucc/benign(626),GDPH,0,auxiliary,GDPH/benign(626).png,98aa1dcb278b7744561329a32679282d55c5225bf32220ba524c5d571a84ecc2,benign(626)
gdph_sysucc/benign(627),GDPH,0,auxiliary,GDPH/benign(627).png,95849878f39cfce04e02ac14a3b617e2b7ad8d53250c653d837d43fc86573652,benign(627)
gdph_sysucc/benign(628),GDPH,0,auxiliary,GDPH/benign(628).png,9dfea0ff320784afea511c439724ce3e1b621332d34899bef9b8dd553d7e1e90,benign(628)
gdph_sysucc/benign(629),GDPH,0,auxiliary,GDPH/benign(629).png,bf97759e4f5ba0bb9ebf5e7597d24ce7e2a8387d8c28648ce00776f08f7c07f0,benign(629)
gdph_sysucc/benign(63),SYSUCC,0,auxiliary,SYSUCC/benign(63).png,91121135ff8feaaefec9cd541a99a647a8345ff4d8ec71b5e05fbc4e4f8e006c,benign(63)
gdph_sysucc/benign(630),GDPH,0,auxiliary,GDPH/benign(630).png,bd9d7767adbf62e5ba185cc24d93a83bbfb4708a11656f0d2f5748d46ad497e0,benign(630)
gdph_sysucc/benign(631),GDPH,0,auxiliary,GDPH/benign(631).png,eadb2929a327809f485b54e357b1381420b2b87fc46ab16ced5af61fdff67df6,benign(631)
gdph_sysucc/benign(632),GDPH,0,auxiliary,GDPH/benign(632).png,337d880660e79c2b3d5927d8ec24bd7986d67cd0be67f67325a6cea979693ca6,benign(632)
gdph_sysucc/benign(633),GDPH,0,auxiliary,GDPH/benign(633).png,7b29787d5606e0496876772a9fe996755e14cf73d4205180a2b9ae6e988ba0b7,benign(633)
gdph_sysucc/benign(634),GDPH,0,auxiliary,GDPH/benign(634).png,397e5131ce145110f7cd94199735d4b9b888d7953c2aede5c2671a919dec7cbd,benign(634)
gdph_sysucc/benign(635),GDPH,0,auxiliary,GDPH/benign(635).png,3c3e4d2a1cc66d7000c035e2153811912112983cbdb39838536676a7ccfed893,benign(635)
gdph_sysucc/benign(636),GDPH,0,auxiliary,GDPH/benign(636).png,98d31dd04f8ca1a17fe9b37a759ba986151d85157a814d3db08f9c7e7c7efe0e,benign(636)
gdph_sysucc/benign(637),GDPH,0,auxiliary,GDPH/benign(637).png,285ef9bd7a77d6d15cca76bd60db278fca27b80c30825dfaebb0c8988201a457,benign(637)
gdph_sysucc/benign(638),GDPH,0,auxiliary,GDPH/benign(638).png,322b247a8ee98e65b43eee07ad2ea09d5fa18981f7acd83ceedbfcb051f42c67,benign(638)
gdph_sysucc/benign(639),GDPH,0,auxiliary,GDPH/benign(639).png,0ca570452775ef053d14704cbefdb8f50d91047b870575853903d3b2f27dbf58,benign(639)
gdph_sysucc/benign(64),SYSUCC,0,auxiliary,SYSUCC/benign(64).png,d4a3576fd257255b50d7c4e92c753a8082ff1d659d498dabaa0b546f12bc8de5,benign(64)
gdph_sysucc/benign(640),GDPH,0,auxiliary,GDPH/benign(640).png,30cf68bb857083cdb2f790c07e42e5866ce54a9e747bcda7856a57ac67bc9bb5,benign(640)
gdph_sysucc/benign(641),GDPH,0,auxiliary,GDPH/benign(641).png,cce99451a6f51ff1938545e73ba78e4c16074c8dacf5df67ccbe752c30df0530,benign(641)
gdph_sysucc/benign(642),GDPH,0,auxiliary,GDPH/benign(642).png,e7e3d99bd9f857f3f047168c12bfa97da119180ff39af204454a99de22994a9d,benign(642)
gdph_sysucc/benign(643),GDPH,0,auxiliary,GDPH/benign(643).png,d37f85a2f724321722f83e47dbb4e44541222a0ebcc8ee8d3ed13c666a997b01,benign(643)
gdph_sysucc/benign(644),GDPH,0,auxiliary,GDPH/benign(644).png,520b51e587e640d26bad97af3a3ece5be0b8eb94fcfd4eea8f4d25f82c0a79e8,benign(644)
gdph_sysucc/benign(645),GDPH,0,auxiliary,GDPH/benign(645).png,bdd0a4354231e899c3436125a13ddeb0a18d0e50aacadf7683f9588f184c78ef,benign(645)
gdph_sysucc/benign(646),GDPH,0,auxiliary,GDPH/benign(646).png,4a69a0ded136706d7eca263ccf0d77f20351ce1eb07509cf7c5d1d4894a0f862,benign(646)
gdph_sysucc/benign(647),GDPH,0,auxiliary,GDPH/benign(647).png,00628a8957ee2db251e0b2ae5e4cdf8afc87b957cef7ed2b9ce784ea3983ae66,benign(647)
gdph_sysucc/benign(649),GDPH,0,auxiliary,GDPH/benign(649).png,fbe28a3800a822b1055cbdd0164350d3109d7044b9894703b1fe7dc731470460,benign(649)
gdph_sysucc/benign(65),SYSUCC,0,auxiliary,SYSUCC/benign(65).png,cb7515d3e0ad82b205be9c0413f85ad5cbe96672b339f10fd64d40310f523d48,benign(65)
gdph_sysucc/benign(651),GDPH,0,auxiliary,GDPH/benign(651).png,7dfdad0b3ca89f323effd883fc9bea5b466bb532ba7b3f975ffae68ae7ad253d,benign(651)
gdph_sysucc/benign(653),GDPH,0,auxiliary,GDPH/benign(653).png,316a96e6b266a14d0a4589b92027cb6526b56c17329c8de22da7d10dc9710d69,benign(653)
gdph_sysucc/benign(654),GDPH,0,auxiliary,GDPH/benign(654).png,58e86e2cd29de8344fd7e44bfb57fa1d79ff2bf3827a6de8d83e86080287d1c7,benign(654)
gdph_sysucc/benign(655),GDPH,0,auxiliary,GDPH/benign(655).png,14b426d5be4994c81f1a9525ed6a7daaa3761110ef8be2eb7057706588428a90,benign(655)
gdph_sysucc/benign(656),GDPH,0,auxiliary,GDPH/benign(656).png,7026ac3dc23c2ab3af7835e37eb91db2f189f04ec40963b7eedb7c74882efe92,benign(656)
gdph_sysucc/benign(657),GDPH,0,auxiliary,GDPH/benign(657).png,11a212b023287bf56c759fdbb007a7373d21f69f83eab5c2b29ff63f390b6904,benign(657)
gdph_sysucc/benign(658),GDPH,0,auxiliary,GDPH/benign(658).png,dc4d097ad96035e82e8b1f3cbeb51e94707dccb1f6a61445c3f4bc2af6d2b3c5,benign(658)
gdph_sysucc/benign(659),GDPH,0,auxiliary,GDPH/benign(659).png,9bf3ca4ca89c4303f16d697185e2f590a18ed32c80f05b489efc29e8ffc6d83b,benign(659)
gdph_sysucc/benign(66),SYSUCC,0,auxiliary,SYSUCC/benign(66).png,568115b895b7f201a333428bc3edea2f9416ce7013ad48fbf9a6b798431e45e4,benign(66)
gdph_sysucc/benign(660),GDPH,0,auxiliary,GDPH/benign(660).png,4e7fde1c1f9b4453fbc13d063c0b9f9ae3ead13231fdeec38e5f6069966edbef,benign(660)
gdph_sysucc/benign(661),GDPH,0,auxiliary,GDPH/benign(661).png,b79a43d977eaf4c4b932d56e1fbe59b7707f72ad0150b4d8616406b40cd92033,benign(661)
gdph_sysucc/benign(662),GDPH,0,auxiliary,GDPH/benign(662).png,7554437c497b75bdcabdd79a45566f17572bb09182822a75faccd3675a4d1b3c,benign(662)
gdph_sysucc/benign(663),GDPH,0,auxiliary,GDPH/benign(663).png,3989404abb3d22d6bcb8ed005ddf1df8d66cbc70f3bd0459cf77d215677a465e,benign(663)
gdph_sysucc/benign(664),GDPH,0,auxiliary,GDPH/benign(664).png,81ce433fdcb240184fb99a0bb54abbb4f1194bd8656d127fa609e1e67fbe1129,benign(664)
gdph_sysucc/benign(665),GDPH,0,auxiliary,GDPH/benign(665).png,c9aeb44a40a64ec1ece45eac5bbc4fe3536345f211f1127f57686edc89119ebc,benign(665)
gdph_sysucc/benign(666),GDPH,0,auxiliary,GDPH/benign(666).png,11feed2fcd57b89d7bfe2ceaba14a4d09d1a18ff4640ae19528bdfb2b3cbcd6b,benign(666)
gdph_sysucc/benign(667),GDPH,0,auxiliary,GDPH/benign(667).png,0213d7bfbb830f27b377f6faffb64cd545526efd41b9890856657b05e50c08b6,benign(667)
gdph_sysucc/benign(668),GDPH,0,auxiliary,GDPH/benign(668).png,9659797f57d7f0e1e09c0ed02f2d41c4a87c44ea47afe335ae07b70a62e78768,benign(668)
gdph_sysucc/benign(669),GDPH,0,auxiliary,GDPH/benign(669).png,0c9c868c26b355fb8a307b78446eae46122698bb72280055d35e15a0cad17a04,benign(669)
gdph_sysucc/benign(67),SYSUCC,0,auxiliary,SYSUCC/benign(67).png,18b4752f402d5a82f1147094c6e0c7ba6587bddc62daa9766789f8010f1d6b00,benign(67)
gdph_sysucc/benign(670),GDPH,0,auxiliary,GDPH/benign(670).png,ac321a7fb38b63c380ae1851597f1ef4420c0cf8dd85d4b1d1e022216a3e3554,benign(670)
gdph_sysucc/benign(671),GDPH,0,auxiliary,GDPH/benign(671).png,8e0394aef66676db7445bc0fda625fb698a33dc7529f56b04664ca1376287dc3,benign(671)
gdph_sysucc/benign(672),GDPH,0,auxiliary,GDPH/benign(672).png,ac600720747e75cf8fb94b900ffb7ebfa243781fbc9b3de5ad81ee2e785ec10b,benign(672)
gdph_sysucc/benign(673),GDPH,0,auxiliary,GDPH/benign(673).png,72f951926150ef2a91fdc77ae3bfb7c8c41f5f4bb94df4c61a234d3dd5170e40,benign(673)
gdph_sysucc/benign(674),GDPH,0,auxiliary,GDPH/benign(674).png,bdee0e8a9544c9d3eeace6322a978266ba03f2185de0b909a71c5b8c7bb05399,benign(674)
gdph_sysucc/benign(675),GDPH,0,auxiliary,GDPH/benign(675).png,8c7757ab91499fdef0d8afec6d92bc936d43a355be996d53a09055299007d357,benign(675)
gdph_sysucc/benign(676),GDPH,0,auxiliary,GDPH/benign(676).png,87b1ecbf852172cedddc40bbbc13d0670569c49e65027a6c4bafe5e16885351f,benign(676)
gdph_sysucc/benign(677),GDPH,0,auxiliary,GDPH/benign(677).png,d73e75516cbb7054b459d107bf8546891ec75e19441a9166b9e214bcb371da39,benign(677)
gdph_sysucc/benign(678),GDPH,0,auxiliary,GDPH/benign(678).png,09a03691313e4df2813208f97c3a88a939e98a4f38ecf5a67aeee456972f8ef1,benign(678)
gdph_sysucc/benign(679),GDPH,0,auxiliary,GDPH/benign(679).png,f1af4045c2f0785d6a01ee857943229bff0bcd34c8370a4873b6084a46b1d786,benign(679)
gdph_sysucc/benign(68),SYSUCC,0,auxiliary,SYSUCC/benign(68).png,4e56283c7c23a2aa3582ec6d34c01b18911c295f64300cda8828ad83ffc2d396,benign(68)
gdph_sysucc/benign(680),GDPH,0,auxiliary,GDPH/benign(680).png,9fdaf220aa81ec94b634cad511a7c2b1c45e13bb53eb1c6f52284a87bbf668c1,benign(680)
gdph_sysucc/benign(681),GDPH,0,auxiliary,GDPH/benign(681).png,1330bd149874f3b1f7ec33cb2bde5a6248b9155823261e75d8443f4a1694155a,benign(681)
gdph_sysucc/benign(682),GDPH,0,auxiliary,GDPH/benign(682).png,d73e17003f09df54e1138939bb19344b868f8351a049d296629934977895d78a,benign(682)
gdph_sysucc/benign(683),GDPH,0,auxiliary,GDPH/benign(683).png,296c1b43b9fad33b535f2ac014bd023096bcbb8650463c1a54c49fadf9c9dc3f,benign(683)
gdph_sysucc/benign(684),GDPH,0,auxiliary,GDPH/benign(684).png,2cd02bd75894c6d02b64c99bdc99ccf47979cf60b1e20591a7c6da12bc40d73a,benign(684)
gdph_sysucc/benign(685),GDPH,0,auxiliary,GDPH/benign(685).png,67e17639306f1613a0881aabea9eb23e158f267b5fa81464c00a5d1a1cce2611,benign(685)
gdph_sysucc/benign(686),GDPH,0,auxiliary,GDPH/benign(686).png,31554ca21315047c715bd8f41a115fe9619d33f76148c42115aa5f8e1b7db57f,benign(686)
gdph_sysucc/benign(687),GDPH,0,auxiliary,GDPH/benign(687).png,a4701f4d25a16a5891ce22b20736144e261c26bed6d5bef5f2328f8f95329069,benign(687)
gdph_sysucc/benign(688),GDPH,0,auxiliary,GDPH/benign(688).png,d1a88c56985ef3fb648174713491df5c77a10589ae7269dc4b0f75ae1e98882b,benign(688)
gdph_sysucc/benign(689),GDPH,0,auxiliary,GDPH/benign(689).png,27a406c84afbb14c936c8e9406fcd9db380725554850ddd5be1ee607afa7860c,benign(689)
gdph_sysucc/benign(69),SYSUCC,0,auxiliary,SYSUCC/benign(69).png,cf2174a988d5f5176ed127eec086f76fdc5ba5697505522f76c468bebc3a8ae4,benign(69)
gdph_sysucc/benign(690),GDPH,0,auxiliary,GDPH/benign(690).png,c851d359a77424ae60a3a229c0a5fc6c1b08856622a0cfc88b63ebd6e8e77bec,benign(690)
gdph_sysucc/benign(691),GDPH,0,auxiliary,GDPH/benign(691).png,3cf15a9690786d539e431a0fae3045e37ad9f21905df129ce2461756e3e09875,benign(691)
gdph_sysucc/benign(692),GDPH,0,auxiliary,GDPH/benign(692).png,858ba0a135e46569976ac34453f0eb3c6a6c7a006c7e4e1ce71b8a3190d0464c,benign(692)
gdph_sysucc/benign(693),GDPH,0,auxiliary,GDPH/benign(693).png,ca123bb1e47452ccd0f00399d0da6aace1585567e52e77c483cd5b68a71cb5ce,benign(693)
gdph_sysucc/benign(694),GDPH,0,auxiliary,GDPH/benign(694).png,0f34fdc0f6c96fe1657a5dd947d9d11a8e624f22f09313165289e76e84735f45,benign(694)
gdph_sysucc/benign(695),GDPH,0,auxiliary,GDPH/benign(695).png,786c245192c75bfea958578ff520dcbe78fd5210652fc5af09db71586f5f19c5,benign(695)
gdph_sysucc/benign(696),GDPH,0,auxiliary,GDPH/benign(696).png,9e6232affcdbb9cc4d518028d0965bcd4e0de0f2aa2dfcaaf9f79cfd825a38cd,benign(696)
gdph_sysucc/benign(697),GDPH,0,auxiliary,GDPH/benign(697).png,649462d1d37d7c798203ae8601fce4fc02aeef97ed51c247a3522a152693bc2f,benign(697)
gdph_sysucc/benign(698),GDPH,0,auxiliary,GDPH/benign(698).png,11d08a323a276a2020aef163045e10f23dd617b98db4c016614aac27655656d2,benign(698)
gdph_sysucc/benign(699),GDPH,0,auxiliary,GDPH/benign(699).png,da92e25f55915cf5e90084a6634c8d69c54b2c5c1b60537918fb1971e076e6c6,benign(699)
gdph_sysucc/benign(7),SYSUCC,0,auxiliary,SYSUCC/benign(7).png,c4314fc936f2f01e1d6a4fdeba4eafd1e026d08b8765c8801fa4b098eac03390,benign(7)
gdph_sysucc/benign(70),SYSUCC,0,auxiliary,SYSUCC/benign(70).png,6baef7af085065f0c4da0cfd1d91a307db68f3237f6cfa06c39798fce7b49ac1,benign(70)
gdph_sysucc/benign(700),GDPH,0,auxiliary,GDPH/benign(700).png,88371d43ecf7dce2e46e49642e18be3371bbcbf3216c22bbb47ffc5adbfcb705,benign(700)
gdph_sysucc/benign(701),GDPH,0,auxiliary,GDPH/benign(701).png,8d735d9545e8992895de78399e064dd2ae26077c3371fc6f29697d35c0670959,benign(701)
gdph_sysucc/benign(702),GDPH,0,auxiliary,GDPH/benign(702).png,c578523a3ca7bb4c89feac4de3253da298f6ecd47a87d7ad8778b727b20636f8,benign(702)
gdph_sysucc/benign(703),GDPH,0,auxiliary,GDPH/benign(703).png,891758a65196dc541cd5bc80f7986e7d6a820d36bc912f55b9e3b0e3b2db4f59,benign(703)
gdph_sysucc/benign(704),GDPH,0,auxiliary,GDPH/benign(704).png,4fb9ab005d8c64631774c54cfb039a2e8c82596ceb82bb8c39eddcef2c96445b,benign(704)
gdph_sysucc/benign(705),GDPH,0,auxiliary,GDPH/benign(705).png,66b0b0013165e44606ebb9782b0a1f6062e8f1ddd1d5ce6f0e804c9be5d0a228,benign(705)
gdph_sysucc/benign(706),GDPH,0,auxiliary,GDPH/benign(706).png,0330b6d7b7042b93e6199f4e001506c2e245a60ca7b1dd5207efc8bc80ba08dc,benign(706)
gdph_sysucc/benign(707),GDPH,0,auxiliary,GDPH/benign(707).png,93820d57f0b7b214fd57250a646070f0258b22450952564a5707cc069b88d75d,benign(707)
gdph_sysucc/benign(708),GDPH,0,auxiliary,GDPH/benign(708).png,8b2055d1eb7ccfa28f574f068965ced185a17932ae309da6dbf0bbc70884cc0f,benign(708)
gdph_sysucc/benign(709),GDPH,0,auxiliary,GDPH/benign(709).png,68932ff693e43de80fcd7659cfb6d3ff606602e239da48286d1c0eb474536bf8,benign(709)
gdph_sysucc/benign(71),SYSUCC,0,auxiliary,SYSUCC/benign(71).png,a4e80d371e10f7b4b35f69cb668a0103781c0e02dbe3890d3fa615522153a47f,benign(71)
gdph_sysucc/benign(710),GDPH,0,auxiliary,GDPH/benign(710).png,2e391adc729ceac2857612a6435b12826d6d185cc6f3bc8259e8935cf5b60fbc,benign(710)
gdph_sysucc/benign(711),GDPH,0,auxiliary,GDPH/benign(711).png,38107e349213353edabfbbaa25f5957aa4b115b8c0de2f12e43c1dcacb89eb76,benign(711)
gdph_sysucc/benign(712),GDPH,0,auxiliary,GDPH/benign(712).png,6d380faf5e28173c6b19733ad620348785d41012d4327e9bab7e7b9145824c95,benign(712)
gdph_sysucc/benign(713),GDPH,0,auxiliary,GDPH/benign(713).png,27cc3c86fabbf2cd4e40d950d0f24b410e8fe7c2fd1281cdd2f672abb1985767,benign(713)
gdph_sysucc/benign(714),GDPH,0,auxiliary,GDPH/benign(714).png,5d4595debadcf537a71ee4c138d193f4781c272b95d11499fb7758969984bac8,benign(714)
gdph_sysucc/benign(715),GDPH,0,auxiliary,GDPH/benign(715).png,d16a1135e670494dd4e0b98e5647b994e6dd5d4f5186dfe3ef6e1a413c2e4ef8,benign(715)
gdph_sysucc/benign(716),GDPH,0,auxiliary,GDPH/benign(716).png,9fade99dbf795aca680e074cdc2783f4e778cf62f904bd9344c32cf8999a7e63,benign(716)
gdph_sysucc/benign(717),GDPH,0,auxiliary,GDPH/benign(717).png,4a2f6c5684f210bfd43475c9afed168a661eeada4457a3d916ff3e93d1c5ffca,benign(717)
gdph_sysucc/benign(718),GDPH,0,auxiliary,GDPH/benign(718).png,b2a59bd7e2d785a1bdae27f3ceac12e6e8b16cb251251df9b7a4d3a4d53ec834,benign(718)
gdph_sysucc/benign(719),GDPH,0,auxiliary,GDPH/benign(719).png,52a024e6dda147e1544bed1c93cdb6bea49e22efb77f9a9a1b7337b8bff957a2,benign(719)
gdph_sysucc/benign(72),SYSUCC,0,auxiliary,SYSUCC/benign(72).png,a523266a0defdda2fdfd75573bb9bb9e9d7ec120021805bf83e3b5690cb183ef,benign(72)
gdph_sysucc/benign(720),GDPH,0,auxiliary,GDPH/benign(720).png,aae3407199533638f2dd983a1701b0fd9ba90e3d43afe4fdc122107f808c0348,benign(720)
gdph_sysucc/benign(721),GDPH,0,auxiliary,GDPH/benign(721).png,e2e9671ffef2e9f8314c93d0e58ec7314de3d960230a52611574763ece048405,benign(721)
gdph_sysucc/benign(722),GDPH,0,auxiliary,GDPH/benign(722).png,d5b6142867fadb41a651243d386576987b4c1031bf0ed0f8699761c6ee99e4cb,benign(722)
gdph_sysucc/benign(723),GDPH,0,auxiliary,GDPH/benign(723).png,20c64a13d65188d7254292f618267fc921017340bfbaee7724ee67cd0192394e,benign(723)
gdph_sysucc/benign(724),GDPH,0,auxiliary,GDPH/benign(724).png,294ffd4bd63bf5c98dc9b26f3d5d1711b259835ea38d1b2000886fa9f7b4de7b,benign(724)
gdph_sysucc/benign(725),GDPH,0,auxiliary,GDPH/benign(725).png,30cc55d5bcdc410af067ccc0c9e6dd1f3d87420a7e3271bc6f89d5a5355f31e1,benign(725)
gdph_sysucc/benign(726),GDPH,0,auxiliary,GDPH/benign(726).png,c30fe29bb2fbc3290d0647c41625e1f48378b6424ae5bbf6bfe61a315f457a29,benign(726)
gdph_sysucc/benign(727),GDPH,0,auxiliary,GDPH/benign(727).png,84ec7b819b265c1800f76fdb82d3466c85a8806b72cdb3c03a3c3f62a3b51b9c,benign(727)
gdph_sysucc/benign(728),GDPH,0,auxiliary,GDPH/benign(728).png,fad4916ca5528632c00eaef523719fb51db7265e799b43924cd2616fcffd24e2,benign(728)
gdph_sysucc/benign(729),GDPH,0,auxiliary,GDPH/benign(729).png,5534ce81c27fc1743e5dd376f4b3a13cd87813987bca688e8c2e8da768f74802,benign(729)
gdph_sysucc/benign(73),SYSUCC,0,auxiliary,SYSUCC/benign(73).png,2a1237f548f6bd91bda40d9f2bfffcf31a486fcaa5fbdef79766eed6f61b8d81,benign(73)
gdph_sysucc/benign(730),GDPH,0,auxiliary,GDPH/benign(730).png,09b84f634506fa028f1c3660fe21b21f3c382c7f43f944cc52ea6492feb17c7b,benign(730)
gdph_sysucc/benign(731),GDPH,0,auxiliary,GDPH/benign(731).png,199da369960578b0e259ce4d6abbbc0ac8ebe150e79e035a06ac6b6ea5a5b182,benign(731)
gdph_sysucc/benign(732),GDPH,0,auxiliary,GDPH/benign(732).png,0c6d54a642da6a6c1de967ca960cc4819df8202c2c503a2301f3c6d49f622c96,benign(732)
gdph_sysucc/benign(733),GDPH,0,auxiliary,GDPH/benign(733).png,96ac066e1abe6483c110438d3b9281a3abbe8d707366da4bb07129a4f5c3ebff,benign(733)
gdph_sysucc/benign(734),GDPH,0,auxiliary,GDPH/benign(734).png,ba23bd0d50c2ef1c82f2914acfdf1539693822e6a37ba959c395798f022359f1,benign(734)
gdph_sysucc/benign(735),GDPH,0,auxiliary,GDPH/benign(735).png,e394bb8dad8ffeb06b2a57c4fba385ed76e12f7c534aceabadef98bde8a47cdc,benign(735)
gdph_sysucc/benign(736),GDPH,0,auxiliary,GDPH/benign(736).png,289d5b8b8d6866b602c582fe7703ca7bf36489e7ea6ed077310881d66680b7f5,benign(736)
gdph_sysucc/benign(737),GDPH,0,auxiliary,GDPH/benign(737).png,41fcf4be739188ef448634589b5465e834e5c1dcd15a86f68e17fafd2c379f47,benign(737)
gdph_sysucc/benign(738),GDPH,0,auxiliary,GDPH/benign(738).png,6648be6d69cdf7c9eb24158e853b9928c415ca8d90102932bed8292af64a2ad8,benign(738)
gdph_sysucc/benign(739),GDPH,0,auxiliary,GDPH/benign(739).png,bdd1a33cd8e1269f95d9d52764db4196f8ccfbf17460a73e1c310d58ec75134b,benign(739)
gdph_sysucc/benign(74),SYSUCC,0,auxiliary,SYSUCC/benign(74).png,a9c32782534cd43bc80deba0e2012ed068d6c089aa6ffac8185a30868d754eea,benign(74)
gdph_sysucc/benign(740),GDPH,0,auxiliary,GDPH/benign(740).png,30cbadf29b161b9e133e6462f4d2ef76289e4cac3e38b66069d229a3d74ee0d0,benign(740)
gdph_sysucc/benign(741),GDPH,0,auxiliary,GDPH/benign(741).png,79956cec0c5133c3f9ce038c6663155f0a5f0e8352367e1f52f97b0c7bb9928a,benign(741)
gdph_sysucc/benign(742),GDPH,0,auxiliary,GDPH/benign(742).png,1d55d81d0a1f3388bf211a01559c397667fe18377cd0e6649ece6750af4acdc7,benign(742)
gdph_sysucc/benign(743),GDPH,0,auxiliary,GDPH/benign(743).png,9cf2298487631f5c2f98707c3a89d863a1cec59b68d4295132f2d5f8ad384f2e,benign(743)
gdph_sysucc/benign(744),GDPH,0,auxiliary,GDPH/benign(744).png,5afd0e26a5defa4fb60c5b1a87f6997582c849dcceff985674f6a4b87416045e,benign(744)
gdph_sysucc/benign(745),GDPH,0,auxiliary,GDPH/benign(745).png,efa75359d475785e400cb3e2a74a01a599f7622504f0820cb748a052dc2b74d7,benign(745)
gdph_sysucc/benign(746),GDPH,0,auxiliary,GDPH/benign(746).png,edb7d97e9e2c09c9cf8164632be6803321bef4d8d4de50ec8802d3842f5a9320,benign(746)
gdph_sysucc/benign(747),GDPH,0,auxiliary,GDPH/benign(747).png,da2a7545264fd69d648f6df6fce9c00695ef96cff6879d04c92b8c4e06219f37,benign(747)
gdph_sysucc/benign(748),GDPH,0,auxiliary,GDPH/benign(748).png,e71f360518d7b2f57ad7cd5d2081138fa5dc22703cb0750799d3f7946367642b,benign(748)
gdph_sysucc/benign(749),GDPH,0,auxiliary,GDPH/benign(749).png,fba6d5f0044d8e30927b4dad0bae0fd25043b18b3cbbed8036a5ae70924ae2de,benign(749)
gdph_sysucc/benign(75),SYSUCC,0,auxiliary,SYSUCC/benign(75).png,a9fa92879333767643637f058ed89a81997bcb1d8ec39701822d4353483853f6,benign(145)|benign(75)
gdph_sysucc/benign(750),GDPH,0,auxiliary,GDPH/benign(750).png,41d6709bb1bcaf1ff6cd27e51f78e8c7611a0f7c74526e4390f48854a84e5d47,benign(750)
gdph_sysucc/benign(751),GDPH,0,auxiliary,GDPH/benign(751).png,417534cc5b2df91c548e0af290ff9ff95fb2a5a647f283ee5b2a2994b75fbd3d,benign(751)
gdph_sysucc/benign(752),GDPH,0,auxiliary,GDPH/benign(752).png,aadfbfe838a2417f5c00c7bb5c05b42a81cc90190ad0acb1d7160023af8cdb46,benign(752)
gdph_sysucc/benign(753),GDPH,0,auxiliary,GDPH/benign(753).png,1ac5fbe4822e7f41afad87fb20168422f8ca823410a63ae9dc4f77ba96979fcf,benign(753)
gdph_sysucc/benign(754),GDPH,0,auxiliary,GDPH/benign(754).png,9704d5b2a45495a24b6675be46d67c1a0c71a550c149741ccbd1717bbf580931,benign(754)
gdph_sysucc/benign(755),GDPH,0,auxiliary,GDPH/benign(755).png,f6cde68d974483099453dac3c4fca48ce3566b517b12fd2c35025fd4301fe4db,benign(755)
gdph_sysucc/benign(756),GDPH,0,auxiliary,GDPH/benign(756).png,bcfba354f1f5d6bac9bac4cf699de8b0ddc1978dee543098bd1b8a053e46fe96,benign(756)
gdph_sysucc/benign(757),GDPH,0,auxiliary,GDPH/benign(757).png,31c9c620dd1851fdb05a7c5490f9c9ce6641becffd32fccc0cbec1151ebcb6d7,benign(757)
gdph_sysucc/benign(758),GDPH,0,auxiliary,GDPH/benign(758).png,1e644925e61905cd5149aa223cf7748776ff16a5e52f35ceb4798d5d09e2fd18,benign(758)
gdph_sysucc/benign(759),GDPH,0,auxiliary,GDPH/benign(759).png,55fa34a73709a3f59b06a33c0eacdfdc639ee3f6e816c52ab11e85627f3b6e44,benign(759)
gdph_sysucc/benign(76),SYSUCC,0,auxiliary,SYSUCC/benign(76).png,86c6c6b14e84b6a4c419e7543e86d6dc1d05d8f167b455ac505316dc1fb91296,benign(76)
gdph_sysucc/benign(760),GDPH,0,auxiliary,GDPH/benign(760).png,c6b71e519c8bc84a5bd34395fbd4264caf29c7f340616ac0c3f6794bfb6b9799,benign(760)
gdph_sysucc/benign(761),GDPH,0,auxiliary,GDPH/benign(761).png,85c13d8b4c3f07feb947c2c638de37c206147fa836027e7a10b759f97e01e1ec,benign(761)
gdph_sysucc/benign(762),GDPH,0,auxiliary,GDPH/benign(762).png,38dc0fac8689e92c769d5274e887a7e187fb77f2ea49513426979c2868f626fc,benign(762)
gdph_sysucc/benign(763),GDPH,0,auxiliary,GDPH/benign(763).png,d35473d45dded7ba55c2e2237a5362049c7c7d2e51f44e31b34c8c9ffecf31c6,benign(763)
gdph_sysucc/benign(764),GDPH,0,auxiliary,GDPH/benign(764).png,74459ea08da3c727d9c06258a576b4b58a40c486664a5e145f3db58e8d47fb74,benign(764)
gdph_sysucc/benign(765),GDPH,0,auxiliary,GDPH/benign(765).png,13c4b559d01334b6ac317dc841bef83de487b0ac27e660f5ef856eb83953e696,benign(765)
gdph_sysucc/benign(766),GDPH,0,auxiliary,GDPH/benign(766).png,2f0ae2565f630e4105ee54f573b4e877a75cb1ec341ae16cc838084f3474464e,benign(766)
gdph_sysucc/benign(767),GDPH,0,auxiliary,GDPH/benign(767).png,0a2461edf5e7067f5884a94840c22936d4c7241341327fc0cadcb735fd2170e0,benign(767)
gdph_sysucc/benign(768),GDPH,0,auxiliary,GDPH/benign(768).png,30c6573f243fefe7176124142510064da38c8445df0d3aca001e85fd1442bfa2,benign(768)
gdph_sysucc/benign(769),GDPH,0,auxiliary,GDPH/benign(769).png,49ded32e9eec347be3cad9d6c424c71152f9f89e3cede6442a26bff0c1ed9820,benign(769)
gdph_sysucc/benign(77),SYSUCC,0,auxiliary,SYSUCC/benign(77).png,3ee9d4b858c7ac16752c727dd2120c9061479c9ef2f21ff5b6900a84efc57dc4,benign(77)
gdph_sysucc/benign(770),GDPH,0,auxiliary,GDPH/benign(770).png,bf1038e7d76203da2c9496a6cc66f4610ffbf6928bb77afe68ae24dc67bf12ff,benign(770)
gdph_sysucc/benign(771),GDPH,0,auxiliary,GDPH/benign(771).png,f65fcc826e3a27d7fc5c2af938857648407997f6638a125eabbaae40862768bf,benign(771)
gdph_sysucc/benign(772),GDPH,0,auxiliary,GDPH/benign(772).png,4ef2a52db10a68fe01c6f2269d9e28d30a509c190a5a15f1d458bd4c0376cc89,benign(772)
gdph_sysucc/benign(773),GDPH,0,auxiliary,GDPH/benign(773).png,2fc732e73facff9498e57c1dba8024d8bd69591e72e838e7d118c08e74d1ad1e,benign(773)
gdph_sysucc/benign(774),GDPH,0,auxiliary,GDPH/benign(774).png,1f5a81141d724116b790639d2cd690f1ad0c133e424f1b509c17ebf6190e890c,benign(774)
gdph_sysucc/benign(775),GDPH,0,auxiliary,GDPH/benign(775).png,a79ee22cbb7ad7864a8a8af01ab0acc7e4d85e59770e400ea8d11fa43710459a,benign(775)
gdph_sysucc/benign(776),GDPH,0,auxiliary,GDPH/benign(776).png,9959729f9163e8db78bc5214991c7913c859f613102cd3f3bf3aa502657d56fe,benign(776)
gdph_sysucc/benign(777),GDPH,0,auxiliary,GDPH/benign(777).png,ea6ac8d1cd2ada3efbd5fd31aa7963d827b1fb849e2b237e8251409f8d660813,benign(777)
gdph_sysucc/benign(778),GDPH,0,auxiliary,GDPH/benign(778).png,decb7ceb85832df438a193662435ff57438c1eb51130c71896c9611974b6d16f,benign(778)
gdph_sysucc/benign(779),GDPH,0,auxiliary,GDPH/benign(779).png,f9209fa76ceb94743cc0d3a2c40f050148d0007823a023f60b0e4a239819337d,benign(779)
gdph_sysucc/benign(78),SYSUCC,0,auxiliary,SYSUCC/benign(78).png,4cc95d8733431f6d5150f70a5fabc999cff1ff848401f057065ccf29a891c581,benign(78)
gdph_sysucc/benign(780),GDPH,0,auxiliary,GDPH/benign(780).png,6ed547be580ddb95df8425ecd019e1277f2a673ea30c555d68b3c1858ef204be,benign(780)
gdph_sysucc/benign(781),GDPH,0,auxiliary,GDPH/benign(781).png,aa397d04df80da3e9d2f6723601064920fa13ebc6182aea31b6f7b809def40ed,benign(781)
gdph_sysucc/benign(782),GDPH,0,auxiliary,GDPH/benign(782).png,bb320733e483e33ac4c62bd82aad8f59e11eecccb55596175b242bff7c294120,benign(782)
gdph_sysucc/benign(783),GDPH,0,auxiliary,GDPH/benign(783).png,ae315f58eea9a3af9be9fd9d80f8b7991296a5535f3cc8485da1edad5af5d8b6,benign(783)
gdph_sysucc/benign(784),GDPH,0,auxiliary,GDPH/benign(784).png,2858c1bda8bd40ad0d7282315a17af30556af7e63d7f1b172e1a65531eb7ac3b,benign(784)
gdph_sysucc/benign(785),GDPH,0,auxiliary,GDPH/benign(785).png,e0eb57a6b706721c9a0796e203cc4411ab14e23db5bf82479b31ca1fe32d68f7,benign(785)
gdph_sysucc/benign(786),GDPH,0,auxiliary,GDPH/benign(786).png,2f6a76416ce7bb37113992902c8718ce2b97b924ad4cd2bbb7292fc767cb0623,benign(786)
gdph_sysucc/benign(787),GDPH,0,auxiliary,GDPH/benign(787).png,6e18eea62120b3c744dfcb062d04a3ad340f3d64726d65ad09e6c2192a5c289e,benign(787)
gdph_sysucc/benign(788),GDPH,0,auxiliary,GDPH/benign(788).png,60960d6244109bf95de3f2fa6a1a477f11ea16eb838e80b6fc995fc723f3eb4e,benign(788)
gdph_sysucc/benign(789),GDPH,0,auxiliary,GDPH/benign(789).png,20f63cd9c554879d58420ed9278bd6e76d6e2d39c00149bc76b83a62c3a097fd,benign(789)
gdph_sysucc/benign(79),SYSUCC,0,auxiliary,SYSUCC/benign(79).png,e79fc6fa6a8355ae4ec075d25a946b3b33e252f6124b161349201be9171b2841,benign(79)
gdph_sysucc/benign(790),GDPH,0,auxiliary,GDPH/benign(790).png,de53f62be1440af0c777bd2eb056e9a8250c5e8debd3648259dd0df4c59fe33c,benign(790)
gdph_sysucc/benign(791),GDPH,0,auxiliary,GDPH/benign(791).png,1213289a2b1043fcc1a701b76cc18b5ebaebd594daf3eb9cc5b82b8eb2e3e7be,benign(791)
gdph_sysucc/benign(792),GDPH,0,auxiliary,GDPH/benign(792).png,2edf21e92dfc02c9ef815df83e2a741b508c1c8fbc36f6a456cdc70c6269e303,benign(792)
gdph_sysucc/benign(793),GDPH,0,auxiliary,GDPH/benign(793).png,5049e5e7a3dad10c974534f47e4c9dd04277d199e8cb9f938a7d7185045a6f3e,benign(793)
gdph_sysucc/benign(794),GDPH,0,auxiliary,GDPH/benign(794).png,a8abc60de4c2adc107234624be7d989482e2fe5ceb4d793337525a07670b2178,benign(794)
gdph_sysucc/benign(795),GDPH,0,auxiliary,GDPH/benign(795).png,37cd13348042cb7a9c3ad57bd4327226d1930eb7ed6bea3d0055d5f7e825fff5,benign(795)
gdph_sysucc/benign(796),GDPH,0,auxiliary,GDPH/benign(796).png,7642a6b310adb5a5e8c10c84cbd04141d3c6e86a3d5d5595caaf181842289f92,benign(796)
gdph_sysucc/benign(797),GDPH,0,auxiliary,GDPH/benign(797).png,f3db92f2d3cfacb821c636727ec2978375cb62089d34b5217f308c37b1f99d08,benign(797)
gdph_sysucc/benign(798),GDPH,0,auxiliary,GDPH/benign(798).png,41c4455ac84084eebbd8abc9845e18ceeec02e57f39e1705c13d7594dd452da4,benign(798)
gdph_sysucc/benign(799),GDPH,0,auxiliary,GDPH/benign(799).png,bfa82f92d513c3bf6fdc5d465a5f5adfd25ce567e59a8bcb41c2e1a8b80923e7,benign(799)
gdph_sysucc/benign(8),SYSUCC,0,auxiliary,SYSUCC/benign(8).png,74ddae891e4ffa0719bc8a18b395f95c201614a8718fa111b835e003030098c9,benign(8)
gdph_sysucc/benign(80),SYSUCC,0,auxiliary,SYSUCC/benign(80).png,8ad38c3ad00df3d04aefdc9f2dc0d7bfad1daf7c62962605443f00281282062b,benign(80)
gdph_sysucc/benign(800),GDPH,0,auxiliary,GDPH/benign(800).png,247749a597dab9e2afd4c9582ada0152b0c0ee41803018fddf04fec5f95d8ea2,benign(800)
gdph_sysucc/benign(801),GDPH,0,auxiliary,GDPH/benign(801).png,14d4ac890fe7fd59fa03ec89063f336d37d54ac8bef0cb0bc78ee53d1c67cca0,benign(801)
gdph_sysucc/benign(802),GDPH,0,auxiliary,GDPH/benign(802).png,93ee4d9d78d4c0a5777f8e75c4af28e6cc81a3da6c8a3ada769743dd9b035d4a,benign(802)
gdph_sysucc/benign(803),GDPH,0,auxiliary,GDPH/benign(803).png,47b29247f7f86b2a91c3909e702a3f53bc4b96d31193c65b6075a81d0fcc5474,benign(803)
gdph_sysucc/benign(804),GDPH,0,auxiliary,GDPH/benign(804).png,25b08eae338c9218a6837f2c6fbe059918fde284c76af60cb7e75710a32a5782,benign(804)
gdph_sysucc/benign(805),GDPH,0,auxiliary,GDPH/benign(805).png,63e9ed0e4115f13d7f4e3e54eb788573102e0ea297698135fe24245a97a929c2,benign(805)
gdph_sysucc/benign(806),GDPH,0,auxiliary,GDPH/benign(806).png,bfa7a4ae8053b75134f7323acd993703206a6e5b75d823887f90451b187370f7,benign(806)
gdph_sysucc/benign(807),GDPH,0,auxiliary,GDPH/benign(807).png,896814eb197343f750652ce50ba4a4772a8a3339e722a37c2ef0f7c7d60497d4,benign(807)
gdph_sysucc/benign(808),GDPH,0,auxiliary,GDPH/benign(808).png,2e6e04c862528a1d190dc7c8da65224114424009c9c7122424ad78a1b04ef023,benign(808)
gdph_sysucc/benign(809),GDPH,0,auxiliary,GDPH/benign(809).png,eeee8f08794eb782d650ac1a2613e309c23f2d63e2946f6c67b2240cf6f272ca,benign(809)
gdph_sysucc/benign(81),SYSUCC,0,auxiliary,SYSUCC/benign(81).png,298239df321cbe9e1824816fbda068c9f1143e9686184bfc3a8c134e7929b62d,benign(81)
gdph_sysucc/benign(810),GDPH,0,auxiliary,GDPH/benign(810).png,e7d55d9537544a42ca88fbef9fc8a27051cd7765b2253595356bba3664dc2618,benign(810)
gdph_sysucc/benign(811),GDPH,0,auxiliary,GDPH/benign(811).png,4b24ce9358fa62bbe7a510e100866dadb627fdb3f0526279da2cc17009f61634,benign(811)
gdph_sysucc/benign(812),GDPH,0,auxiliary,GDPH/benign(812).png,6ac9a135917c0435899e8e44f1b40cf27c5a83a94fd0ad8aa7968c84f77123cb,benign(812)
gdph_sysucc/benign(813),GDPH,0,auxiliary,GDPH/benign(813).png,cebb671f21ec711f670106899e3fe59221ce102c245097dbe1ea4fdd1f169fdd,benign(813)
gdph_sysucc/benign(814),GDPH,0,auxiliary,GDPH/benign(814).png,51ee39fe1dc7d07e39eb292438a41eef45e882d13cf78b148630b5d10ac51132,benign(814)
gdph_sysucc/benign(815),GDPH,0,auxiliary,GDPH/benign(815).png,cd75cc080277d5b9127b24b4850b57e3b89eb405802907cd960d996fc10145ee,benign(815)
gdph_sysucc/benign(816),GDPH,0,auxiliary,GDPH/benign(816).png,6f8e872d33961ce022b8d392944bce3bbd2122df9514d32a3369d062c1cd5977,benign(816)
gdph_sysucc/benign(817),GDPH,0,auxiliary,GDPH/benign(817).png,dd90a01cc9b5666e2699df0475707c725da2be9219ca3f3b94c370d09c4fca8a,benign(817)
gdph_sysucc/benign(818),GDPH,0,auxiliary,GDPH/benign(818).png,7565e5f6993e2422cd06ef0ded87fc152cf88a66203a7f38f9eecaa2a872b29d,benign(818)
gdph_sysucc/benign(819),GDPH,0,auxiliary,GDPH/benign(819).png,94cae2d9b0cd30b21179d7401edf766e965c076d2a1163f40edfa2abfd88bca7,benign(819)
gdph_sysucc/benign(82),SYSUCC,0,auxiliary,SYSUCC/benign(82).png,8ce71da36b0b07d9d1dc3c1bf71410a33888be66ac63a969b41588ce60a9c04a,benign(82)
gdph_sysucc/benign(820),GDPH,0,auxiliary,GDPH/benign(820).png,92e86320ab884c381a5bc5bd25c462fc4dec021bd9bc8b3d6164b4aa5cd64a5e,benign(820)
gdph_sysucc/benign(821),GDPH,0,auxiliary,GDPH/benign(821).png,42e1e5a901e2ed947142e0a984ffd923a5a068bbf49bf4b69d229dba504c7414,benign(821)
gdph_sysucc/benign(822),GDPH,0,auxiliary,GDPH/benign(822).png,ecda9961bcf4890e6308627f2c54ac4ab3db6f35aa55ce6dec4f7d780bd2fd07,benign(822)
gdph_sysucc/benign(823),GDPH,0,auxiliary,GDPH/benign(823).png,91faca1e958a4d02b6f953e6191f7ef69b5e2081e5bff33d64e6d350ea9f850f,benign(823)
gdph_sysucc/benign(824),GDPH,0,auxiliary,GDPH/benign(824).png,3b324961380a33191c2ab4e88cd89501a7400b1a27228769db2bb33558e8ed1f,benign(824)
gdph_sysucc/benign(825),GDPH,0,auxiliary,GDPH/benign(825).png,bd69e8327b9da26a4f7759fa5edfec53291a00eed463760a1012ec7b54cfb438,benign(825)
gdph_sysucc/benign(826),GDPH,0,auxiliary,GDPH/benign(826).png,a42ce933ec5ba0b2e17eb649101712504fc916d6951a540f07b598edff6a7b31,benign(826)
gdph_sysucc/benign(827),GDPH,0,auxiliary,GDPH/benign(827).png,886763b5f3d052d60e09b1818385f4e13070a51e14d280a63bbd12e6c58a803c,benign(827)
gdph_sysucc/benign(828),GDPH,0,auxiliary,GDPH/benign(828).png,c0ea6c655e51b3a4a4c60e9b50953a3711f7cea15ba20069a752be6aa352fca7,benign(828)
gdph_sysucc/benign(829),GDPH,0,auxiliary,GDPH/benign(829).png,642bf19b4248967c1e7179677a2e69b4a9d9e462381ed022cd88294a5bb4cf44,benign(829)
gdph_sysucc/benign(83),SYSUCC,0,auxiliary,SYSUCC/benign(83).png,d0cafeb7990b8611ca46d69e189e9c015e8657da21f9880078b64b4b337139c5,benign(83)
gdph_sysucc/benign(830),GDPH,0,auxiliary,GDPH/benign(830).png,4a3163cd354af822dc2dd14a15f93cbdc4a116ed48dd7a80cb38f654276bcb0f,benign(830)
gdph_sysucc/benign(831),GDPH,0,auxiliary,GDPH/benign(831).png,cac3d914dcef3bc5eec9f00ccba4483edb5d08bf134879201a98de6f14bd5464,benign(831)
gdph_sysucc/benign(832),GDPH,0,auxiliary,GDPH/benign(832).png,aeef44598eed2881c717b2bc18a9e07bef483d123a4d71bfa8ebb7434b84ab5f,benign(832)
gdph_sysucc/benign(833),GDPH,0,auxiliary,GDPH/benign(833).png,f143f1205c0f7dd16f3a43947eeab957505e627e784dcfb6b67780048b8b4c09,benign(833)
gdph_sysucc/benign(834),GDPH,0,auxiliary,GDPH/benign(834).png,01041c68a0228adca9c8a91ceae5204581f60138006b7e5dd9964d9038f80dd7,benign(834)
gdph_sysucc/benign(835),GDPH,0,auxiliary,GDPH/benign(835).png,5de1635a73502af0b026a82950fe3f210b8221a5def54a92ab3e6126e65df39d,benign(835)
gdph_sysucc/benign(836),GDPH,0,auxiliary,GDPH/benign(836).png,bc174feca24366aa0111c27b29b59971f90eb8af0644d28f9fc3b5f52657db64,benign(836)
gdph_sysucc/benign(837),GDPH,0,auxiliary,GDPH/benign(837).png,d77865ad39ca0b7cbb247a5773b39291bd972d2a48c3e9b3db11413a113da74e,benign(837)
gdph_sysucc/benign(838),GDPH,0,auxiliary,GDPH/benign(838).png,5d4074e3e8f94b7c120c96407419aa7ed40253c47f8696b84e7bce864dd9a9d4,benign(838)
gdph_sysucc/benign(839),GDPH,0,auxiliary,GDPH/benign(839).png,611e25475040cfb50f993c6ca59a35db3cb484132c249cba31e012f8c66b483a,benign(839)
gdph_sysucc/benign(84),SYSUCC,0,auxiliary,SYSUCC/benign(84).png,ed583a96b4663617fecdfd941ddeeb488b276294ab970e96936b8f8cbb88ef1b,benign(84)
gdph_sysucc/benign(840),GDPH,0,auxiliary,GDPH/benign(840).png,81328aba8826ba0c0211d0249d734ea91b02ceb0ba459cabbdfb42ad35dfbc56,benign(840)
gdph_sysucc/benign(841),GDPH,0,auxiliary,GDPH/benign(841).png,40aaf6563706466f5f11831d3a802d2f18a23aa912735d9745ec6a1d5bc5ae37,benign(841)
gdph_sysucc/benign(842),GDPH,0,auxiliary,GDPH/benign(842).png,2ca14549320c9d6e0b710456518da4a5f4038772b6a0666d8916a309cf5b0344,benign(842)
gdph_sysucc/benign(843),GDPH,0,auxiliary,GDPH/benign(843).png,5528a1d160d473fefdd53363c987660b0e660109238c0e52f95fd23ca1941f1a,benign(843)
gdph_sysucc/benign(844),GDPH,0,auxiliary,GDPH/benign(844).png,63664df8219ab3aec635f6186c423f6338cb5bcf85075bf06eb3755c46034d9e,benign(844)
gdph_sysucc/benign(845),GDPH,0,auxiliary,GDPH/benign(845).png,87275a1f29f913b78e7b4ea4457ff049aef26aee6a800c37b1840b0c073ed6d8,benign(845)
gdph_sysucc/benign(846),GDPH,0,auxiliary,GDPH/benign(846).png,28c7d148d473112716b43a963d215a257c333ac4494bfe662633ef1b17c2d6a4,benign(846)
gdph_sysucc/benign(847),GDPH,0,auxiliary,GDPH/benign(847).png,33d010cc03fee827f405f7ff6c33fe212a5146db7f4cfc09c889c242d7aaa145,benign(847)
gdph_sysucc/benign(848),GDPH,0,auxiliary,GDPH/benign(848).png,7240a05a975b083698e3f01a85c2ff89f3ed91db275bd756a648349b0c51a650,benign(848)
gdph_sysucc/benign(849),GDPH,0,auxiliary,GDPH/benign(849).png,51f5cd63979fa1a242c4a0762db51da2c520900c001abc02a6f316b4b68533cd,benign(849)
gdph_sysucc/benign(85),SYSUCC,0,auxiliary,SYSUCC/benign(85).png,e2cd1500b3fec7265c70423cacf455b48094098aa46ee470325f959b75dc5ba0,benign(85)
gdph_sysucc/benign(850),GDPH,0,auxiliary,GDPH/benign(850).png,8f2d3b0b9493c169f1128a56f2c45825a9f985b99054c05a6c1cf90d63f277c6,benign(850)
gdph_sysucc/benign(851),GDPH,0,auxiliary,GDPH/benign(851).png,44ab1dd7e2212d96532264e7bcbdf63c730e1377ef54b6040f63d2d372b2f21a,benign(851)
gdph_sysucc/benign(852),GDPH,0,auxiliary,GDPH/benign(852).png,120f2ff29c125ad33753417323a0753e62f4c05727391a371ef2dac74f478357,benign(852)
gdph_sysucc/benign(853),GDPH,0,auxiliary,GDPH/benign(853).png,e13d9ca6d4532b1a0175505ffad53b83948ce8b16dda258a31f7858b7c94a2cd,benign(853)
gdph_sysucc/benign(854),GDPH,0,auxiliary,GDPH/benign(854).png,bc4894bff04145e93faaf0040d534aa1b28111fc720765bf5ed66ae3d4111896,benign(854)
gdph_sysucc/benign(855),GDPH,0,auxiliary,GDPH/benign(855).png,aabdb6b0cbf3f947929e1f805b216e126edfa84b177b50ad93a8c5b84a8498c7,benign(855)
gdph_sysucc/benign(856),GDPH,0,auxiliary,GDPH/benign(856).png,ca30c822541c1dcb1549b6cad2f5c348244b308edf3b3838b22a7ad7dd515981,benign(856)
gdph_sysucc/benign(857),GDPH,0,auxiliary,GDPH/benign(857).png,0777d26a2efdab2bc4a890fe002c5fab4e9a48a728f15ecf8c081aa6f9c9e0ad,benign(857)
gdph_sysucc/benign(858),GDPH,0,auxiliary,GDPH/benign(858).png,12cd0b9e68eddf992fe283140459b17287b8235928fd8a198768c0a97827777e,benign(858)
gdph_sysucc/benign(859),GDPH,0,auxiliary,GDPH/benign(859).png,25e6b8d3cd2ca0a569d6842e8f8320770caf2bf9e8fb44c9fcbba03ba7f6471b,benign(859)
gdph_sysucc/benign(86),SYSUCC,0,auxiliary,SYSUCC/benign(86).png,f07fa0ac3a227bc9e28000a69f877c594a4d1ff62489a814bbbd0be113d7a7fd,benign(86)
gdph_sysucc/benign(860),GDPH,0,auxiliary,GDPH/benign(860).png,d99117eb17a07ec545da4bccd82da94eb15f75aa3b320a9fd3240ec8c0b231e7,benign(860)
gdph_sysucc/benign(861),GDPH,0,auxiliary,GDPH/benign(861).png,07f484dc8f988d56baf20acdfd35a314438e653098a999ab53bc30470ab13cfb,benign(861)
gdph_sysucc/benign(862),GDPH,0,auxiliary,GDPH/benign(862).png,a03bd58a0c80c33d2f17a9e024451764a50d579d9069bfa8a977dcd1b5ebaea9,benign(862)
gdph_sysucc/benign(863),GDPH,0,auxiliary,GDPH/benign(863).png,0a4767c24c80527d066788500175db306d205280339c367e8358c1d8ef903471,benign(863)
gdph_sysucc/benign(864),GDPH,0,auxiliary,GDPH/benign(864).png,d09f1be2009c61ebbf683d75b2a9df61559c9b4eac4f263fd661a2ea5f75f915,benign(864)
gdph_sysucc/benign(865),GDPH,0,auxiliary,GDPH/benign(865).png,85ec49880ffec8514b06cfc02fa53df7be500aff32e1490a3139c9a43470a84f,benign(865)
gdph_sysucc/benign(866),GDPH,0,auxiliary,GDPH/benign(866).png,e719d6f023eb8437902e9e9d1db26d0ac3ec6c31d43784784c6bdcd67064e7c0,benign(866)
gdph_sysucc/benign(867),GDPH,0,auxiliary,GDPH/benign(867).png,a94a4750322991acabff44b098468da7548ab73ef9689c11c8e5601b0e57fc6f,benign(867)
gdph_sysucc/benign(868),GDPH,0,auxiliary,GDPH/benign(868).png,c1da71e5b2e697b8442abf8e2fcd4628c45cd14fed86085c3337c9e62d97fd09,benign(868)
gdph_sysucc/benign(869),GDPH,0,auxiliary,GDPH/benign(869).png,34250b186c39165533e47b83f9f8ef5d5d58465a1409bfa8df76be86e5e66491,benign(869)
gdph_sysucc/benign(87),SYSUCC,0,auxiliary,SYSUCC/benign(87).png,f87a66b925bdc5e2f2817e9cc6847b6408ce6a7dc35486c43405bba4d6d352aa,benign(87)
gdph_sysucc/benign(870),GDPH,0,auxiliary,GDPH/benign(870).png,db6a7e683d16ef17b4f20ee3e1e9fcc45daa2637b32e78c9b9f0ec2c4502ad8e,benign(870)
gdph_sysucc/benign(871),GDPH,0,auxiliary,GDPH/benign(871).png,2a5b32b049834b17f1e7ef63944b4bc6ad943637ed34e0555671aaad34f491ff,benign(871)
gdph_sysucc/benign(872),GDPH,0,auxiliary,GDPH/benign(872).png,6813db2231b6f186d330edaf60591ae2dc4e89982f16949b0d920c6eb867f570,benign(872)
gdph_sysucc/benign(873),GDPH,0,auxiliary,GDPH/benign(873).png,a35f98e04849fe283eb1e9337ad182d57e9e5457ae184029e002aff88c6566fb,benign(873)
gdph_sysucc/benign(874),GDPH,0,auxiliary,GDPH/benign(874).png,19b4051ecfb454a7a9565afd77658e2c64e7fd70fb36b15277a4a2c488829c17,benign(874)
gdph_sysucc/benign(875),GDPH,0,auxiliary,GDPH/benign(875).png,b4f61c25f25f9daf5f592edb7c3fe94360ec403116531d70e85fb5667a9673d3,benign(875)
gdph_sysucc/benign(876),GDPH,0,auxiliary,GDPH/benign(876).png,2113e235def094a64c221860ded023b591e58c158afdb204e3168e6b33d33d7f,benign(876)
gdph_sysucc/benign(877),GDPH,0,auxiliary,GDPH/benign(877).png,2cb059e9f21fa1c432ef5e680a0d1b59d37a561dad6fde20905532b2c70fd779,benign(877)
gdph_sysucc/benign(878),GDPH,0,auxiliary,GDPH/benign(878).png,77977e2da45b31b41110745175e22ec84f4f5374811f717f4178b1093f472b94,benign(878)
gdph_sysucc/benign(879),GDPH,0,auxiliary,GDPH/benign(879).png,99d6bfcc5420fd21791714bf7da869a6e9cf9a6a8af72ff5f5c22180d4340a7f,benign(879)
gdph_sysucc/benign(88),SYSUCC,0,auxiliary,SYSUCC/benign(88).png,1741b92c3a7c2f82e69be039732e7dd30bfac98c595fd170f20c5010b048080d,benign(88)
gdph_sysucc/benign(880),GDPH,0,auxiliary,GDPH/benign(880).png,48a876995a3c4c5f545ba7be1e561e1354f804b7f6c32122c6617ba9b344aff7,benign(880)
gdph_sysucc/benign(881),GDPH,0,auxiliary,GDPH/benign(881).png,475e9286d765b51973dd64c51555b7d686e73bea62453ddc0e5451e698f8e395,benign(881)
gdph_sysucc/benign(882),GDPH,0,auxiliary,GDPH/benign(882).png,8a0f499c7e2d53ff269be35b2dcc109d41ac31f79d0bbad192dac811561c1698,benign(882)
gdph_sysucc/benign(883),GDPH,0,auxiliary,GDPH/benign(883).png,50dfc9dc4bcfce3be0b083eaa4b7bba0f43cddbf9983ddd130778066eac062bf,benign(883)
gdph_sysucc/benign(884),GDPH,0,auxiliary,GDPH/benign(884).png,ce139602d5225afb707c971669a687433f895c6bb1c21f28dcf2cfe624a8283c,benign(884)
gdph_sysucc/benign(885),GDPH,0,auxiliary,GDPH/benign(885).png,728395db9b424ea62282814a38993ce2945aa684d8cf7149331f8cdd219298db,benign(885)
gdph_sysucc/benign(89),SYSUCC,0,auxiliary,SYSUCC/benign(89).png,652d873bcdb73b69c7d797022348994f265f7f2c568f62fdc5584fdaba513f7a,benign(89)
gdph_sysucc/benign(9),SYSUCC,0,auxiliary,SYSUCC/benign(9).png,2b23f8c21b23136aca7ba6f5137852b4f8f2594460c4294495b452e8b756cd39,benign(9)
gdph_sysucc/benign(90),SYSUCC,0,auxiliary,SYSUCC/benign(90).png,1e8bf9e57fa7c08ad1383f166e591f36c79c70757ba905e4cd0798b4177b4448,benign(90)
gdph_sysucc/benign(91),SYSUCC,0,auxiliary,SYSUCC/benign(91).png,cfc876e6b4d1ae2c55552bc26c12051ce0137f850dce051091bbbc6b6dd30dd2,benign(91)
gdph_sysucc/benign(92),SYSUCC,0,auxiliary,SYSUCC/benign(92).png,68ac229c4e3b55137e62e0273ec692caa84c2e45ff30c3f96f340853255dfba7,benign(92)
gdph_sysucc/benign(93),SYSUCC,0,auxiliary,SYSUCC/benign(93).png,7d924caf3f21f59c62e62a9d8d3d9bbcec26b28a3e7046bcf608cae5b42b1e42,benign(93)
gdph_sysucc/benign(94),SYSUCC,0,auxiliary,SYSUCC/benign(94).png,fe7ce8e79bac1658594488d7b166c935db0730512533e107fd7f06e81e52d9b0,benign(94)
gdph_sysucc/benign(95),SYSUCC,0,auxiliary,SYSUCC/benign(95).png,6b5beba2539bddde2b18e56068871ee815083b516a79d9f2aefe529855b99052,benign(95)
gdph_sysucc/benign(96),SYSUCC,0,auxiliary,SYSUCC/benign(96).png,35eec6e24e525ef08719457ec785c5d62af6eab9db03ca25d133b3c430b75ca4,benign(96)
gdph_sysucc/benign(97),SYSUCC,0,auxiliary,SYSUCC/benign(97).png,ac4b687334322e0f5afad5dc060a1c2ef8331366c498c498a26c7f9316344165,benign(97)
gdph_sysucc/benign(98),SYSUCC,0,auxiliary,SYSUCC/benign(98).png,971058b6124069a1b4869171b7d164da8bbf3fceaa0c7ddcdd072fec2f5fb263,benign(98)
gdph_sysucc/benign(99),SYSUCC,0,auxiliary,SYSUCC/benign(99).png,228090e6db9646a93d17f1d05c1516a28f756ad3cc473aabe96ac55793d6c473,benign(99)
gdph_sysucc/malignant(0),SYSUCC,1,auxiliary,SYSUCC/malignant(0).png,cc2c6d2019d1d7a5fc95cb9504e3c9c5c3e8843464f4abea3f06f46c9c5a601c,malignant(0)
gdph_sysucc/malignant(1),SYSUCC,1,auxiliary,SYSUCC/malignant(1).png,6deb4a7146f580b61a35c776a532931ea7db0cc7a41fe6432f62ce51d2009e24,malignant(1)
gdph_sysucc/malignant(10),SYSUCC,1,auxiliary,SYSUCC/malignant(10).png,7da483fc7f0e1317b7b02ea21e330d069cc6dc29a7fa2df52882d4843be3b4b4,malignant(10)
gdph_sysucc/malignant(100),SYSUCC,1,auxiliary,SYSUCC/malignant(100).png,5de04694a10d4ce304eab3f4a6278765f4d5d4a9ffc04b9bbaa9d33d7f11f6ed,malignant(100)
gdph_sysucc/malignant(1000),SYSUCC,1,auxiliary,SYSUCC/malignant(1000).png,4e4831a3fdecece091018d2b1268d7f94a09800ada6d3df099930ced96f5234e,malignant(1000)
gdph_sysucc/malignant(1001),SYSUCC,1,auxiliary,SYSUCC/malignant(1001).png,cf298e3484eecd912192dd1ba074460776723d8e72ea464c0b4bbfbfc9c07159,malignant(1001)
gdph_sysucc/malignant(1002),SYSUCC,1,auxiliary,SYSUCC/malignant(1002).png,bfc38d99425773ef71845a77cd0cc086574251f07a544bfc91e8e068cdb65e8f,malignant(1002)
gdph_sysucc/malignant(1003),SYSUCC,1,auxiliary,SYSUCC/malignant(1003).png,f4ae0c0c89456761f725fea25ef7d6e67ebe25ff09084be95d4699e09ebf5c95,malignant(1003)
gdph_sysucc/malignant(1004),SYSUCC,1,auxiliary,SYSUCC/malignant(1004).png,3d13e891b6c5ab91a89878c1cb26c608a58fe65b50a51b094ba7e87bf775b743,malignant(1004)
gdph_sysucc/malignant(1005),SYSUCC,1,auxiliary,SYSUCC/malignant(1005).png,616cf283ba1e70abcd5c7b904bc3081a3ee26f316d51e88645a7d1939acaebb1,malignant(1005)
gdph_sysucc/malignant(1006),SYSUCC,1,auxiliary,SYSUCC/malignant(1006).png,a230f701b57fdc1474d1876ed6800a8e71dd24f339111095ae42f38e63e0ad37,malignant(1006)
gdph_sysucc/malignant(1007),SYSUCC,1,auxiliary,SYSUCC/malignant(1007).png,f8612d6f2e4a15ae2ced49f2ccb5f2f7ad06e7637ad40f665a6351a3072d5848,malignant(1007)
gdph_sysucc/malignant(1008),SYSUCC,1,auxiliary,SYSUCC/malignant(1008).png,3a12e9a8ea16394e2993975ce69a2ca0b247f69e3294b6a0556527377591dc63,malignant(1008)
gdph_sysucc/malignant(1009),SYSUCC,1,auxiliary,SYSUCC/malignant(1009).png,2b9ae125e8e5184aedb3c072e97dfa0860b2276eafce957602e1d1027e79d9d4,malignant(1009)
gdph_sysucc/malignant(101),SYSUCC,1,auxiliary,SYSUCC/malignant(101).png,d6eb876b26c1faf7cd06daaa301f0973d254b415b2d0afdff29b4d27f34b4def,malignant(101)
gdph_sysucc/malignant(1010),SYSUCC,1,auxiliary,SYSUCC/malignant(1010).png,8c6bdcda15c9942b1caac4da6abbdbb4334356261c4c2d19219bd2d923566092,malignant(1010)
gdph_sysucc/malignant(1011),SYSUCC,1,auxiliary,SYSUCC/malignant(1011).png,12f687a9456a79d0d88951b76381d472fe65c79bbedc512021bbd0b1c8c2da8a,malignant(1011)
gdph_sysucc/malignant(1012),SYSUCC,1,auxiliary,SYSUCC/malignant(1012).png,0c694672e57b49d612ebfa43c4d90aa97f13f71896ee7b2eeef8877c3690dbfb,malignant(1012)
gdph_sysucc/malignant(1013),SYSUCC,1,auxiliary,SYSUCC/malignant(1013).png,1ca0ea471a0dae28b953278ab5ebbe932f2d10e02da90a4e671906fe842b877d,malignant(1013)
gdph_sysucc/malignant(1014),SYSUCC,1,auxiliary,SYSUCC/malignant(1014).png,fe897eecd2da3aea0f35d5fa70c911acc689658ce07a424f77fcf8d5eefa07a1,malignant(1014)
gdph_sysucc/malignant(1015),SYSUCC,1,auxiliary,SYSUCC/malignant(1015).png,69e953a6ef20688150ccece7d21d81903333bf1feaf92c65b53ad73c0a76f315,malignant(1015)
gdph_sysucc/malignant(1016),SYSUCC,1,auxiliary,SYSUCC/malignant(1016).png,ea409a0bc743e55ae2a33930059cf076218a0445e7e0d1f7af0d187ee2a37168,malignant(1016)
gdph_sysucc/malignant(1017),SYSUCC,1,auxiliary,SYSUCC/malignant(1017).png,a398b38a71bba328a1df9d3104773eb6d0d6305fe071f88491cc09b2a9315908,malignant(1017)
gdph_sysucc/malignant(1018),SYSUCC,1,auxiliary,SYSUCC/malignant(1018).png,d39e2333ee805baa2a49c41a62d60b179daa45e5da1c274ad527dd69e6d72857,malignant(1018)
gdph_sysucc/malignant(1019),SYSUCC,1,auxiliary,SYSUCC/malignant(1019).png,8f8f2295ea551332b4415796f2315416d49be87bf694f53c3710debfd267be05,malignant(1019)
gdph_sysucc/malignant(102),SYSUCC,1,auxiliary,SYSUCC/malignant(102).png,f710656239c44997637996f83d17a79ae189dd00d654786132f35c76c87b8985,malignant(102)
gdph_sysucc/malignant(1020),SYSUCC,1,auxiliary,SYSUCC/malignant(1020).png,0ca8f0cbcce5332b7e73a95cbfd0af5d7a87a43394ac407fc7d463707de55579,malignant(1020)
gdph_sysucc/malignant(1021),SYSUCC,1,auxiliary,SYSUCC/malignant(1021).png,e9484bf4b26f128fbffb5e871dcbab12b3d500ff18c928324dfe79f23bcc0cfe,malignant(1021)
gdph_sysucc/malignant(1023),SYSUCC,1,auxiliary,SYSUCC/malignant(1023).png,32d0eec049b6f93cfad281a1dbafeac842f280f2cd718ef481c65a2b449c9772,malignant(1023)
gdph_sysucc/malignant(1024),SYSUCC,1,auxiliary,SYSUCC/malignant(1024).png,daf8680579b21d442282c2ade066211bdd75782467822440eb80e905779a6e6f,malignant(1024)
gdph_sysucc/malignant(1025),SYSUCC,1,auxiliary,SYSUCC/malignant(1025).png,58a43eec9a057747da8dce10c72b84bdfa85a61f05663a326c85c49b10f062f2,malignant(1025)
gdph_sysucc/malignant(1028),SYSUCC,1,auxiliary,SYSUCC/malignant(1028).png,3ddbd95df94a72b212f51d15591b80d7312b9872db09e920f590e7685393c46d,malignant(1028)
gdph_sysucc/malignant(1029),SYSUCC,1,auxiliary,SYSUCC/malignant(1029).png,5630d213459c8a46a319ce79f8ddb91b9bbc7f43df1bdc7a1d307fa37a3a7fcf,malignant(1029)
gdph_sysucc/malignant(103),SYSUCC,1,auxiliary,SYSUCC/malignant(103).png,8b7a59422bbb9f3755f7bca6cee34e415ea669d9c7f46a9afb7a20af0eb67cbf,malignant(103)
gdph_sysucc/malignant(1030),SYSUCC,1,auxiliary,SYSUCC/malignant(1030).png,e9594c130a32401666d4d748f9127b8eba75955a975fb4b5d7181db493357073,malignant(1030)
gdph_sysucc/malignant(1031),SYSUCC,1,auxiliary,SYSUCC/malignant(1031).png,16e6c6e6612cf770ec989e6d2a4f025e2dcd6d696e6de87f7c251c0e2cdfcb40,malignant(1031)
gdph_sysucc/malignant(1032),SYSUCC,1,auxiliary,SYSUCC/malignant(1032).png,0352ff986d222bc804b2d3e54ec2d3ff76f685e005d275cc72e29cfa4061d634,malignant(1032)
gdph_sysucc/malignant(1033),SYSUCC,1,auxiliary,SYSUCC/malignant(1033).png,4f54d95c745dcb80eb72fa8f5a82e2b234a9e7c4cf6f657a1ac9d61b8ae9bb7e,malignant(1033)
gdph_sysucc/malignant(1034),SYSUCC,1,auxiliary,SYSUCC/malignant(1034).png,3a09694bb0609ea453d9210fd5a3662680aa3d3045f8d3614ca13a1f276d61b7,malignant(1034)
gdph_sysucc/malignant(1035),SYSUCC,1,auxiliary,SYSUCC/malignant(1035).png,eb51873b5813db9405f952c354949b3adc91a57de634ef4bd36bb6f94fa62df8,malignant(1035)
gdph_sysucc/malignant(1036),SYSUCC,1,auxiliary,SYSUCC/malignant(1036).png,1795fecb80b7a8de5c3383cc1536e754dcc4af8f9a8fa67ff9b8be7adca8a9e9,malignant(1036)
gdph_sysucc/malignant(1037),SYSUCC,1,auxiliary,SYSUCC/malignant(1037).png,f41442dc81b2528e783d64773375b34824c44bbc0b42473414cc0fae3ce3f860,malignant(1037)
gdph_sysucc/malignant(1038),SYSUCC,1,auxiliary,SYSUCC/malignant(1038).png,5734ff3cc549ea14cce276091750b6abf3c8695f59b479b040acdfd477845b52,malignant(1038)
gdph_sysucc/malignant(1039),SYSUCC,1,auxiliary,SYSUCC/malignant(1039).png,4c2ec2195e73cd96a31f6d04771a4af20260a4ffc6c42b64d664969c99cf9f31,malignant(1039)
gdph_sysucc/malignant(104),SYSUCC,1,auxiliary,SYSUCC/malignant(104).png,8adab345dbfe9b4fb79356acd14498f77c03f8a4182dd2eddef949092efbf8df,malignant(104)
gdph_sysucc/malignant(1040),SYSUCC,1,auxiliary,SYSUCC/malignant(1040).png,71fdceb91974f0df6789cad7d908cba82987342ad6df81db2211e376132972f3,malignant(1040)
gdph_sysucc/malignant(1041),SYSUCC,1,auxiliary,SYSUCC/malignant(1041).png,be7f28394c4afa2bb2b03eb12857d58a1854204b9c3874b1b3ebba65c25e40aa,malignant(1041)
gdph_sysucc/malignant(1042),SYSUCC,1,auxiliary,SYSUCC/malignant(1042).png,e1ca00efadc1793fc9b7cd85e6d4cbf0c34fd33ec548302ad7fd8a9f3c9db89e,malignant(1042)
gdph_sysucc/malignant(1043),SYSUCC,1,auxiliary,SYSUCC/malignant(1043).png,132459487cc960f7414e9ec93b2f413e5aea476e3e04c3dc67d612d38fae112a,malignant(1043)
gdph_sysucc/malignant(1044),SYSUCC,1,auxiliary,SYSUCC/malignant(1044).png,72f89d06197a8fe98c229a73302914bdd64fe747fffb9d2c7176ee121b506334,malignant(1044)
gdph_sysucc/malignant(1045),SYSUCC,1,auxiliary,SYSUCC/malignant(1045).png,475b3a81e2b3541764b3ca06a0aaa0a55d6f9695df70954f5a6603bd5fba703e,malignant(1045)
gdph_sysucc/malignant(1046),SYSUCC,1,auxiliary,SYSUCC/malignant(1046).png,bddb33219c8ad372d5f4587a617c6d2d8e88b62521639088b2563a85d44a0816,malignant(1046)
gdph_sysucc/malignant(1047),SYSUCC,1,auxiliary,SYSUCC/malignant(1047).png,454f82b5620bb8c23573947088836fca8d844f1f09aa198d4218a666c92c14b6,malignant(1047)
gdph_sysucc/malignant(1048),SYSUCC,1,auxiliary,SYSUCC/malignant(1048).png,ab33edbd9276b1fb871b3a59c543d3857f60e4c59753a8bc6a90cca595e0b729,malignant(1048)
gdph_sysucc/malignant(1049),SYSUCC,1,auxiliary,SYSUCC/malignant(1049).png,5845b888397db39405e3227e2539290959bc636cd205bc120a83512802830dc3,malignant(1049)
gdph_sysucc/malignant(105),SYSUCC,1,auxiliary,SYSUCC/malignant(105).png,b2268355675d2d40f1b532e3e1c55d31bc9249700a481edb16a6a5d0ee5d341e,malignant(105)
gdph_sysucc/malignant(1050),SYSUCC,1,auxiliary,SYSUCC/malignant(1050).png,fcd0d67d83835f1a3cccbe79e4f8c1071177dbe27e49f1ce1fbccf21e98b91f2,malignant(1050)
gdph_sysucc/malignant(1051),SYSUCC,1,auxiliary,SYSUCC/malignant(1051).png,57f1f119b2219cece1431c5327639b4a1ed54e2928ad4c8122d2a952767cd4ea,malignant(1051)
gdph_sysucc/malignant(1052),SYSUCC,1,auxiliary,SYSUCC/malignant(1052).png,7a7dde213735e72f0f7bca0c929e7aed5c5bc7cc5462c1f072aa3cf68d11ff67,malignant(1052)
gdph_sysucc/malignant(1053),SYSUCC,1,auxiliary,SYSUCC/malignant(1053).png,1a95420c113f11217304f3198b9b003f5b64e486094a6099834455a99a3c2e3d,malignant(1053)
gdph_sysucc/malignant(1054),SYSUCC,1,auxiliary,SYSUCC/malignant(1054).png,12a3fa4e205eea56e191438a65d678aedbc60818a085783d51d679e16b71104a,malignant(1054)
gdph_sysucc/malignant(1055),SYSUCC,1,auxiliary,SYSUCC/malignant(1055).png,020c482bcad3ee999e587a015c30306bebe3988052f5ed3397eae0910e8bbab9,malignant(1055)
gdph_sysucc/malignant(1056),SYSUCC,1,auxiliary,SYSUCC/malignant(1056).png,7e3ed17a864c176fccdc9e16564078a1ce7bda79480be6278aa0657ed871494f,malignant(1056)
gdph_sysucc/malignant(1057),SYSUCC,1,auxiliary,SYSUCC/malignant(1057).png,8cb2656e50a26a6d8387215a130d585a5fa7f50007f1e52455b5367ce396f9c8,malignant(1057)
gdph_sysucc/malignant(1058),SYSUCC,1,auxiliary,SYSUCC/malignant(1058).png,b1e6b984240d6da78eaa3533d607d7b97dc42ce328d1674ae2ff875541b881f8,malignant(1058)
gdph_sysucc/malignant(1059),SYSUCC,1,auxiliary,SYSUCC/malignant(1059).png,46fff0c4082e8b03e7e9afe77e6bff253df8f660a5208ca0cb8e6afdf93f3853,malignant(1059)
gdph_sysucc/malignant(106),SYSUCC,1,auxiliary,SYSUCC/malignant(106).png,f6e358c93063ccf6ead768fbf409590d4530490da75c671218aaa914c3fb2ea8,malignant(106)
gdph_sysucc/malignant(1060),SYSUCC,1,auxiliary,SYSUCC/malignant(1060).png,e3a979e7a61eec3e4c1c8f778355a0f0deba034d3fbb95d66eb80e1112c7fe4e,malignant(1060)
gdph_sysucc/malignant(1061),SYSUCC,1,auxiliary,SYSUCC/malignant(1061).png,91ff5677caa0412ffbf84a99a0d8f3686ad03116123ef1445c06b043e33bf136,malignant(1061)
gdph_sysucc/malignant(1062),SYSUCC,1,auxiliary,SYSUCC/malignant(1062).png,a6a7fdf8043bc09976e1878d92a678fa3cbd6c912d68fb978501817b35485c72,malignant(1062)
gdph_sysucc/malignant(1063),SYSUCC,1,auxiliary,SYSUCC/malignant(1063).png,268c7c8ef9aa1370693922c60832671d8821c16df61b3eedd4bee3853d58752b,malignant(1063)
gdph_sysucc/malignant(1064),SYSUCC,1,auxiliary,SYSUCC/malignant(1064).png,c5e314c57d1568780a5f9cf16b859e5a3b15764d1b8a0bb0e2e3869e19052b58,malignant(1064)
gdph_sysucc/malignant(1065),SYSUCC,1,auxiliary,SYSUCC/malignant(1065).png,5dd7e46da0be828c6eaf41d62065d59765b09395b8b9310c5eda43a2af58e96a,malignant(1065)
gdph_sysucc/malignant(1066),SYSUCC,1,auxiliary,SYSUCC/malignant(1066).png,de86e44b6a7a5cd135ea852fdf3e413be48540bc8de4b75eba43c98c90962a63,malignant(1066)
gdph_sysucc/malignant(1067),SYSUCC,1,auxiliary,SYSUCC/malignant(1067).png,f938e1db1c987b7c2615738c3ea852c9e9eb2f29b34b47d6b4b7f3a7eb3baf5d,malignant(1067)
gdph_sysucc/malignant(1068),SYSUCC,1,auxiliary,SYSUCC/malignant(1068).png,f2f9948d5de3f7d1879a331a6902c03304bb87f2426a32bc928e14ea44b6eeb3,malignant(1068)
gdph_sysucc/malignant(1069),SYSUCC,1,auxiliary,SYSUCC/malignant(1069).png,00ac8e2d74298fb0c2b0871c6196ae6eff636f8779a8d03cae8bf6a5667a3dab,malignant(1069)
gdph_sysucc/malignant(107),SYSUCC,1,auxiliary,SYSUCC/malignant(107).png,86a6f62a7623b3e8a4ce35a92628cce98861653f3556d4b6a6a509877951b956,malignant(107)
gdph_sysucc/malignant(1070),SYSUCC,1,auxiliary,SYSUCC/malignant(1070).png,a7eb8f309ad3577294dc0a099a2b90b8a75a1db35ad0d7009adaf9a000473d08,malignant(1070)
gdph_sysucc/malignant(1071),SYSUCC,1,auxiliary,SYSUCC/malignant(1071).png,89f0705ab76f79287f3d9adc1d18ee3f64a8faa8423b53b04233873d571aed41,malignant(1071)
gdph_sysucc/malignant(1072),SYSUCC,1,auxiliary,SYSUCC/malignant(1072).png,9e29530d4ddf3c1365468bf0c6fdf6aaa1d6e0cc06dde554587dcabdf6410ad1,malignant(1072)
gdph_sysucc/malignant(1073),SYSUCC,1,auxiliary,SYSUCC/malignant(1073).png,1a507230d864f8f0cb3e843ef878e67b4ebf8d3df3bcd3473104c65249f0bf03,malignant(1073)
gdph_sysucc/malignant(1074),SYSUCC,1,auxiliary,SYSUCC/malignant(1074).png,993a8f6a3fe2bb42364a86ca99fbf761d590d31cc3efe9f71e5b5cc966e173df,malignant(1074)
gdph_sysucc/malignant(1075),SYSUCC,1,auxiliary,SYSUCC/malignant(1075).png,0eac75b64ee1b30ab1efea527543b5e38ed484d79b9bb5ea90abbc2f8458472e,malignant(1075)
gdph_sysucc/malignant(1076),SYSUCC,1,auxiliary,SYSUCC/malignant(1076).png,dec8c848b839ae26a3035702c413ec5e77cb58a61726d171072bef59de142662,malignant(1076)
gdph_sysucc/malignant(1077),SYSUCC,1,auxiliary,SYSUCC/malignant(1077).png,90a42cac6a4d7f5e4c992fbe0202574924c6875df602ff9cbf68d7d5171b82e9,malignant(1077)
gdph_sysucc/malignant(1078),SYSUCC,1,auxiliary,SYSUCC/malignant(1078).png,6e580dc3b6ac5773379c1ba45da9eb3152a8e361f2803edbea75b57564421dd2,malignant(1078)
gdph_sysucc/malignant(1079),SYSUCC,1,auxiliary,SYSUCC/malignant(1079).png,d22296c21ba966cbcfff57a2575d73c6298fd927ac8ccff4cbb0f85f70898053,malignant(1079)
gdph_sysucc/malignant(108),SYSUCC,1,auxiliary,SYSUCC/malignant(108).png,82e02ec83f8713bcc7b6fa63b0abc0967ab54bccb2cc6d5b0b2d921515341d99,malignant(108)
gdph_sysucc/malignant(1080),SYSUCC,1,auxiliary,SYSUCC/malignant(1080).png,60e9b878bee938fada5cdc31cfa36bef854a87ac5e78209cebf0bebf3e2577e1,malignant(1080)
gdph_sysucc/malignant(1081),SYSUCC,1,auxiliary,SYSUCC/malignant(1081).png,0bbe0b0dd717e216ebbc564be1723868bd7cd3635ecba8f197c103c7cf283366,malignant(1081)
gdph_sysucc/malignant(1082),SYSUCC,1,auxiliary,SYSUCC/malignant(1082).png,74bc72c3a0c832c5282861c56ad9164867c983e486f9726c2500387cacdbadae,malignant(1082)
gdph_sysucc/malignant(1083),SYSUCC,1,auxiliary,SYSUCC/malignant(1083).png,fa33c38b43675f30196d17769ab2e6b97793ece2bd612f54b7c060edd2af1ac3,malignant(1083)
gdph_sysucc/malignant(1084),SYSUCC,1,auxiliary,SYSUCC/malignant(1084).png,749ca8c9b3786577a9dae5f5cdbc0f9d722c0eaed2e78b0acaeb96d57163b827,malignant(1084)
gdph_sysucc/malignant(1085),SYSUCC,1,auxiliary,SYSUCC/malignant(1085).png,167c3dadf42d353f9ed496262871d756f4395654c1fb0a97140c33636c0c1326,malignant(1085)
gdph_sysucc/malignant(1086),SYSUCC,1,auxiliary,SYSUCC/malignant(1086).png,d16025884a437f18556060cc585c81e9659ac8abf43ba93d13d4b42ed9cda1a0,malignant(1086)|malignant(1087)
gdph_sysucc/malignant(1088),SYSUCC,1,auxiliary,SYSUCC/malignant(1088).png,c9106758237e76f48a084958ca98c1bdbd7800aca3680cca065933db68c262ce,malignant(1088)
gdph_sysucc/malignant(1089),SYSUCC,1,auxiliary,SYSUCC/malignant(1089).png,5fe5884272ca4ac269fc5267863fda89b59cce4dfb261596e39046f328403703,malignant(1089)
gdph_sysucc/malignant(109),SYSUCC,1,auxiliary,SYSUCC/malignant(109).png,e4f4f4afd32bfac958ffc950b7be7dce4a9b884c53ae0b75ff2cca8aba5afe00,malignant(109)|malignant(114)
gdph_sysucc/malignant(1096),SYSUCC,1,auxiliary,SYSUCC/malignant(1096).png,0515e3fe395db5125332fbce117e9ab4016c88ec04f5311d90411955303fee2f,malignant(1096)
gdph_sysucc/malignant(1097),SYSUCC,1,auxiliary,SYSUCC/malignant(1097).png,b9e440f5426bbc03f2459fd5a46dc110d0aa61f16affbf37581b18a7eda1f5f7,malignant(1097)
gdph_sysucc/malignant(1098),SYSUCC,1,auxiliary,SYSUCC/malignant(1098).png,caa33b361817fb2db4e3a82421f32f5288f130738cc8a1f110d3585c31b7527e,malignant(1098)
gdph_sysucc/malignant(1099),SYSUCC,1,auxiliary,SYSUCC/malignant(1099).png,0fd4b72884f1312920006967181e73fe01747dc3ee0014ec2b0f8d6cf6477bb8,malignant(1099)
gdph_sysucc/malignant(11),SYSUCC,1,auxiliary,SYSUCC/malignant(11).png,c39ee425239dde3467cc63050023bf2cb19cc0ca6f75400fe057a76a11375251,malignant(11)
gdph_sysucc/malignant(110),SYSUCC,1,auxiliary,SYSUCC/malignant(110).png,2c786b6622db4e03d255f652b2b9eef355fa4e96e98a7fc66f42ce898ed3f20e,malignant(110)
gdph_sysucc/malignant(1100),SYSUCC,1,auxiliary,SYSUCC/malignant(1100).png,4561efc6c4b7ca9ade416f3249c23d2bc10f1065d718078651b7a06241d5cdaa,malignant(1100)
gdph_sysucc/malignant(1101),SYSUCC,1,auxiliary,SYSUCC/malignant(1101).png,d3cbcc49bebd2d600e4caa1aceca16ad82e88f4694e4cab5fec327d3986793ac,malignant(1101)
gdph_sysucc/malignant(1102),SYSUCC,1,auxiliary,SYSUCC/malignant(1102).png,bd1599a7b7e786812b1bccb5f3c8e0d1e89f016574cf182b9aef699b5924f64e,malignant(1102)
gdph_sysucc/malignant(1103),SYSUCC,1,auxiliary,SYSUCC/malignant(1103).png,a42a10d514662f6897e794671f8b9a48285e8dd76e69397cbb4d3566e97325d6,malignant(1103)
gdph_sysucc/malignant(1104),SYSUCC,1,auxiliary,SYSUCC/malignant(1104).png,e8ac062f93e33cc4dfe082cbf30b65da97c428b71cf5c9ff28bdb8204b1c8e1f,malignant(1104)
gdph_sysucc/malignant(1105),SYSUCC,1,auxiliary,SYSUCC/malignant(1105).png,c80042cce2b1ab6e13f14cd95a8d2cd537b316f88de27cd624d7441f53567ecb,malignant(1105)
gdph_sysucc/malignant(1106),SYSUCC,1,auxiliary,SYSUCC/malignant(1106).png,f1e5ad6ece63b37ceb7f06fc9b186d3fc7230c8248f2efbd9a7fbf10187b8da9,malignant(1106)
gdph_sysucc/malignant(1107),SYSUCC,1,auxiliary,SYSUCC/malignant(1107).png,2f75a2e50213434098e0a5e4180acbdd5cc1d9af62684d5b494766aee3657afa,malignant(1107)
gdph_sysucc/malignant(1108),SYSUCC,1,auxiliary,SYSUCC/malignant(1108).png,0e7cc405636d1386d56bf331ab8438da00d94cffc54cb772bffe956b8824170d,malignant(1108)
gdph_sysucc/malignant(1109),SYSUCC,1,auxiliary,SYSUCC/malignant(1109).png,96cd5315648c8e3b369f2464e1b944ffd1cb63e0ae6071764c343098e0c5763e,malignant(1109)
gdph_sysucc/malignant(111),SYSUCC,1,auxiliary,SYSUCC/malignant(111).png,8d9f1b46fe19d4aca085e218b7d8a407887b631a01d4b81a8b5d4e1046d99030,malignant(111)
gdph_sysucc/malignant(1110),SYSUCC,1,auxiliary,SYSUCC/malignant(1110).png,3f3254c3c223e3d4a647a6850e4bf29fec3ff5b0a6e144aa76662553e4b3f636,malignant(1110)
gdph_sysucc/malignant(1111),SYSUCC,1,auxiliary,SYSUCC/malignant(1111).png,89268498da15a48d06bef748de74743f5784015c24de5fe7b612698d0ce6eea8,malignant(1111)
gdph_sysucc/malignant(1112),SYSUCC,1,auxiliary,SYSUCC/malignant(1112).png,86e4b3956f773c5cd1603e215d9fde885789009216aa2986ae12f9324fa3065c,malignant(1112)
gdph_sysucc/malignant(1113),SYSUCC,1,auxiliary,SYSUCC/malignant(1113).png,e996e335327b8629b0dcbade9c2438224f4bf00cb4e8eae14be46a57a621fd70,malignant(1113)
gdph_sysucc/malignant(1114),SYSUCC,1,auxiliary,SYSUCC/malignant(1114).png,bd8b06e566dbf2273438a840268683caecefadf9dad6fdb01a6e8bf0f2586342,malignant(1114)
gdph_sysucc/malignant(1115),SYSUCC,1,auxiliary,SYSUCC/malignant(1115).png,f18e7b5e167c8c10189fd9003a2826dcca7fc150df9ff637e087c080e3095560,malignant(1115)
gdph_sysucc/malignant(1116),GDPH,1,auxiliary,GDPH/malignant(1116).png,c569ddcdc73a145445f9e55a2a35de7bb4f4cef52b54acd08150a7480a16bf3f,malignant(1116)|malignant(1174)
gdph_sysucc/malignant(1117),GDPH,1,auxiliary,GDPH/malignant(1117).png,64048cae15d29ac11ba4af9d622e0e615cff3050bc03222d798f06854aa1ee5a,malignant(1117)|malignant(1175)
gdph_sysucc/malignant(1118),GDPH,1,auxiliary,GDPH/malignant(1118).png,fa1fef4fb410fda7b8ae5766cd0430a0c228b77b2b8c3c521da15c3180c530d5,malignant(1118)|malignant(1133)|malignant(1155)
gdph_sysucc/malignant(1119),GDPH,1,auxiliary,GDPH/malignant(1119).png,cc2e8882d8b5c86f343425b91246b9bb24ed68dd0fe7199ae8091cdcb23c43ce,malignant(1119)|malignant(1148)
gdph_sysucc/malignant(112),SYSUCC,1,auxiliary,SYSUCC/malignant(112).png,543f8808444702262016a4d678127ecd29b75ab96f361909fdd28192cbb7c739,malignant(112)
gdph_sysucc/malignant(1120),GDPH,1,auxiliary,GDPH/malignant(1120).png,56ee92d00a1b4a52ebf9f63521a9cdea35384d0518c67f1c4276bb7a1107060d,malignant(1120)|malignant(1143)|malignant(1170)
gdph_sysucc/malignant(1121),GDPH,1,auxiliary,GDPH/malignant(1121).png,1423508b75ff332f313d87e19bd59488c2d0113ec42fc6a871a8ce1507c09947,malignant(1121)
gdph_sysucc/malignant(1122),GDPH,1,auxiliary,GDPH/malignant(1122).png,e4b8cc5b0db179a1904bb18915aadf5af2769430da7c22ca0d9046dd189cdb51,malignant(1122)|malignant(1171)
gdph_sysucc/malignant(1123),GDPH,1,auxiliary,GDPH/malignant(1123).png,01ce9303961d33bdd5293655e9133b734ef76abaae136eb89e5c3a3a9e01ecb7,malignant(1123)
gdph_sysucc/malignant(1124),GDPH,1,auxiliary,GDPH/malignant(1124).png,d04105b39de31c6cbd0f41d3f442b0a9eff60c3d986a0945f922e21feddfe992,malignant(1124)
gdph_sysucc/malignant(1125),GDPH,1,auxiliary,GDPH/malignant(1125).png,cca265a4f7fb6a3f202ac06edd2195abc8e436a1afa7f71f0ab1d7672f47f68e,malignant(1125)|malignant(1163)
gdph_sysucc/malignant(1126),GDPH,1,auxiliary,GDPH/malignant(1126).png,fabf97605a849b3590b1310426d60920aea1803381aef72b42d75a2b33b9d7ad,malignant(1126)|malignant(1144)
gdph_sysucc/malignant(1127),GDPH,1,auxiliary,GDPH/malignant(1127).png,d77b70f7d85b55159c88dace0d3410b214a1984e72aee40f19b55795e4d3579d,malignant(1127)|malignant(1145)
gdph_sysucc/malignant(1128),GDPH,1,auxiliary,GDPH/malignant(1128).png,a89b21cc05fb64669f948aa330f64967bc6c2619b72c565491bb8347de8d731a,malignant(1128)|malignant(1146)
gdph_sysucc/malignant(1129),GDPH,1,auxiliary,GDPH/malignant(1129).png,c3754564801470a28ca4b6458c61048ddea44ed2cb562661e1d51953f59e68d8,malignant(1129)|malignant(1147)
gdph_sysucc/malignant(113),SYSUCC,1,auxiliary,SYSUCC/malignant(113).png,3710872e3a4ef6c2b11d6aae37817dbee3775207ac2221ced421c867de207a5e,malignant(113)
gdph_sysucc/malignant(1130),GDPH,1,auxiliary,GDPH/malignant(1130).png,534fc2a2ad5c1de8345b408077254f3013f8629c1afbc138b70262b2103013a3,malignant(1130)|malignant(1150)
gdph_sysucc/malignant(1131),GDPH,1,auxiliary,GDPH/malignant(1131).png,42773ae73c22faef5a169794a0d2fffe4a004f17c92f23656e7d9709736958d3,malignant(1131)|malignant(1151)
gdph_sysucc/malignant(1132),GDPH,1,auxiliary,GDPH/malignant(1132).png,a637d39da6fd4b07b5537a50978fd924a0f2759c81fb0694aecdae6f37bc6ffb,malignant(1132)|malignant(1153)
gdph_sysucc/malignant(1134),GDPH,1,auxiliary,GDPH/malignant(1134).png,3bdcb8027a579bf435b5f8413cfd4b919baa17419ca64e17dd7f83662f6cb105,malignant(1134)
gdph_sysucc/malignant(1135),GDPH,1,auxiliary,GDPH/malignant(1135).png,737964fc73b5c837491b9f08366042760e672235d99f83b41cb5485561bca8d9,malignant(1135)
gdph_sysucc/malignant(1136),GDPH,1,auxiliary,GDPH/malignant(1136).png,d7599ba7403ac9589be723cbf3aef7448ccc81e352cc48a36263b8cb528ecd1d,malignant(1136)|malignant(1159)
gdph_sysucc/malignant(1137),GDPH,1,auxiliary,GDPH/malignant(1137).png,f5ddfcbe8f93441a52c1afb49ee269d13bc012b9a20faf67e6c279fe7e4849dc,malignant(1137)|malignant(1160)
gdph_sysucc/malignant(1138),GDPH,1,auxiliary,GDPH/malignant(1138).png,fb5c13b008d0d5e4c50f59f29e41f35d40ffdc4ee0097a86fe51655970e5c396,malignant(1138)|malignant(1161)
gdph_sysucc/malignant(1139),GDPH,1,auxiliary,GDPH/malignant(1139).png,9d96a52ccd93cc7077071b194bbed3d37c61acea717c052471584802738c529b,malignant(1139)|malignant(1165)
gdph_sysucc/malignant(1140),GDPH,1,auxiliary,GDPH/malignant(1140).png,2561827a1856602f979a5c707b9b8ba96d190a9c41056b935c642c0297aefcf0,malignant(1140)
gdph_sysucc/malignant(1141),GDPH,1,auxiliary,GDPH/malignant(1141).png,4afee6e1137cb9919e0d6a85e7afa42921ff5a862098bcfed488953bd96caeab,malignant(1141)
gdph_sysucc/malignant(1142),GDPH,1,auxiliary,GDPH/malignant(1142).png,cffc55a385ae03abf95bfb241af03c6dba5de86dc62d91939030c67072cb6433,malignant(1142)|malignant(1169)
gdph_sysucc/malignant(1149),GDPH,1,auxiliary,GDPH/malignant(1149).png,1351f1d4e071b77d6f1b4d29683ca711ae8665f1c61418e54a0d44e1695a99d2,malignant(1149)
gdph_sysucc/malignant(115),SYSUCC,1,auxiliary,SYSUCC/malignant(115).png,e3958b9d4334d20c6517ad5c2ba5ee6cb6da8ab953e1acf67261631cf8b29546,malignant(115)
gdph_sysucc/malignant(1152),GDPH,1,auxiliary,GDPH/malignant(1152).png,7667f89a1496f41b96dea98bbfef4cc28a6b9c7e51370ee7d71aa6ae2b64ecbd,malignant(1152)
gdph_sysucc/malignant(1154),GDPH,1,auxiliary,GDPH/malignant(1154).png,4f09b6797e26f12235083e5e2856a78a541eb706aa6c3ed0ee8988cb9300172a,malignant(1154)
gdph_sysucc/malignant(1156),GDPH,1,auxiliary,GDPH/malignant(1156).png,f57534ba252d63b9b9526b8e553043d452e4dcad7bd43bee9d1a0c879ce2b84b,malignant(1156)
gdph_sysucc/malignant(1157),GDPH,1,auxiliary,GDPH/malignant(1157).png,1c7f2b404948215b7125e150689323c6352ed8e74a7b2027119350701135db81,malignant(1157)
gdph_sysucc/malignant(1158),GDPH,1,auxiliary,GDPH/malignant(1158).png,1239ee1c17df9bd883c9bab1e53d234d551d899e4ff3b554c4e35345f8a10fc3,malignant(1158)
gdph_sysucc/malignant(116),SYSUCC,1,auxiliary,SYSUCC/malignant(116).png,90458e3d53ffec04eb08fdc7022298ff9d8d4ed698a9f083e5bb981837af0ff1,malignant(116)
gdph_sysucc/malignant(1162),GDPH,1,auxiliary,GDPH/malignant(1162).png,2d6a1884c7eb24ce6d0c517116be6ca664294e07545cfab91e78b670292dcc7d,malignant(1162)
gdph_sysucc/malignant(1164),GDPH,1,auxiliary,GDPH/malignant(1164).png,2b085bffc150c6a0e49186a54f3746c71ee7d327c785dde60345f966cb2205b5,malignant(1164)
gdph_sysucc/malignant(1166),GDPH,1,auxiliary,GDPH/malignant(1166).png,555a4ba5ca9930e5d2cc9c08fe4f2db7897396d67c8977def75ed7d9bc5f0a4c,malignant(1166)
gdph_sysucc/malignant(1167),GDPH,1,auxiliary,GDPH/malignant(1167).png,64a377bd775ac7598c0e7f595d2314c0a15616eb1cef7559d928b1b32283ad84,malignant(1167)
gdph_sysucc/malignant(1168),GDPH,1,auxiliary,GDPH/malignant(1168).png,7b434ed4ed0daa62adc5f31041321f003eb1b908da01f27a3a8f61297538b061,malignant(1168)
gdph_sysucc/malignant(117),SYSUCC,1,auxiliary,SYSUCC/malignant(117).png,534d007d67d823daad19bffd9594da2eb409dd3f78c344467b99a4df7cfc611b,malignant(117)
gdph_sysucc/malignant(1172),GDPH,1,auxiliary,GDPH/malignant(1172).png,e0edf9263903366116fddc46e05af4e003a69cead4f7b003277d7a78ec3a7cd0,malignant(1172)
gdph_sysucc/malignant(1173),GDPH,1,auxiliary,GDPH/malignant(1173).png,45f0a54ccdec798bb74531dc5296b8ef25baf1ae1ad32091a60427ce6f1e106b,malignant(1173)
gdph_sysucc/malignant(1176),GDPH,1,auxiliary,GDPH/malignant(1176).png,041237fab8f709d23faa0226a87bd2561e1736e70dd990231378e1c5d475393e,malignant(1176)|malignant(1177)
gdph_sysucc/malignant(1178),GDPH,1,auxiliary,GDPH/malignant(1178).png,1e025f56e31d9cf97534d58ae16942a8f23c2867c8cf9637d046fb49bfa8a492,malignant(1178)
gdph_sysucc/malignant(1179),GDPH,1,auxiliary,GDPH/malignant(1179).png,cca8526b9e831301131529ff3e5a328e11c6dfdbdbda81aa9f5ac8dcf933e23b,malignant(1179)
gdph_sysucc/malignant(118),SYSUCC,1,auxiliary,SYSUCC/malignant(118).png,9e7a8865b58cef8acd2136c7ea3b839b42d750bf060b52ca01c35d14c4f57aec,malignant(118)
gdph_sysucc/malignant(1180),GDPH,1,auxiliary,GDPH/malignant(1180).png,e4857d062077a8d05120d8f0faaa4feb8624e54f0e813e9910eb651f4a220ce7,malignant(1180)
gdph_sysucc/malignant(1181),GDPH,1,auxiliary,GDPH/malignant(1181).png,8fae0a430bbf26e084888847aeadb45a484b04fc9cf88fe78c421c9e9b69e5dc,malignant(1181)
gdph_sysucc/malignant(1182),GDPH,1,auxiliary,GDPH/malignant(1182).png,31bee236b5702098b0c8ccf5e4602a8f5c2fd8b41be3ea9e954bef18a5748a8f,malignant(1182)
gdph_sysucc/malignant(1183),GDPH,1,auxiliary,GDPH/malignant(1183).png,cdfda20551745985b4ff81ce639a05ef4eef29a50bfc7d1ccaac437a466f5725,malignant(1183)
gdph_sysucc/malignant(1185),GDPH,1,auxiliary,GDPH/malignant(1185).png,62ee4aa600b0d2eaa877a9a0ef7a07eb471f1e801ee1a4560af8576bd0d34cdf,malignant(1185)
gdph_sysucc/malignant(1186),GDPH,1,auxiliary,GDPH/malignant(1186).png,b66d2af2d5f5e56699187b315f7c78dc4e126ad379b5e774f27ffcf6e8f8a314,malignant(1186)
gdph_sysucc/malignant(1187),GDPH,1,auxiliary,GDPH/malignant(1187).png,29e1c9e891d3a22556df7af67af138ad1bd4d2c2193e761735fca238fa81da22,malignant(1187)
gdph_sysucc/malignant(1188),GDPH,1,auxiliary,GDPH/malignant(1188).png,721d117145749d33519d5325c2bf083ce7d5cfd9b42cb96775a4dd1420a8efa1,malignant(1188)
gdph_sysucc/malignant(1189),GDPH,1,auxiliary,GDPH/malignant(1189).png,d4c50785663b9f8c3a1a2daafadcfba45e19224a85c4482db2a471fb52aef2b9,malignant(1189)
gdph_sysucc/malignant(119),SYSUCC,1,auxiliary,SYSUCC/malignant(119).png,d8d2789c92b840898916e302f50ed220e7e60676cf794380ee4ba345451abc71,malignant(119)
gdph_sysucc/malignant(1190),GDPH,1,auxiliary,GDPH/malignant(1190).png,30f488f45d9302575f99e3f4b2489203a1489f9c7dad824add44d83713fcaeb8,malignant(1190)
gdph_sysucc/malignant(1191),GDPH,1,auxiliary,GDPH/malignant(1191).png,cb43d681500c6cdfd691e0098b6b2a8e52590b059c60ed690daf4cebb0f42c17,malignant(1191)
gdph_sysucc/malignant(1192),GDPH,1,auxiliary,GDPH/malignant(1192).png,eddf71639da2b56d49597398df5f06da3e4c0ae434399fef8c47ce437d9820df,malignant(1192)
gdph_sysucc/malignant(1193),GDPH,1,auxiliary,GDPH/malignant(1193).png,30f7c5aa32c95e46a35f65e3e3089940b36867adf16ed170827447a05a2f5620,malignant(1193)
gdph_sysucc/malignant(1194),GDPH,1,auxiliary,GDPH/malignant(1194).png,94889da1b8f5545b30eed999125f90da642982546752f9ad8664a705174ccfe1,malignant(1194)
gdph_sysucc/malignant(1195),GDPH,1,auxiliary,GDPH/malignant(1195).png,50328bc9c8979a2ca1196ff8d8f76f4f8720f5023ce240c44b5bfa06e2b88303,malignant(1195)
gdph_sysucc/malignant(1196),GDPH,1,auxiliary,GDPH/malignant(1196).png,28e3d5d57e8d7306f5405f281894076d828aeea467a12698e3b2bdb8da1bf1c9,malignant(1196)
gdph_sysucc/malignant(1197),GDPH,1,auxiliary,GDPH/malignant(1197).png,f64f138c4637c24ea27c19f6298c7e3f702e9a4b6412167a61c7317cad2b36c9,malignant(1197)
gdph_sysucc/malignant(1198),GDPH,1,auxiliary,GDPH/malignant(1198).png,6c6e20e42b84fcbd8c2d249a79f34234d966b1402504e88b27b2bd803175d288,malignant(1198)
gdph_sysucc/malignant(1199),GDPH,1,auxiliary,GDPH/malignant(1199).png,4e2ae58c57da3dc86085163b1a2f57aebfaa74d56c6a1cd7324524141a821c71,malignant(1199)
gdph_sysucc/malignant(12),SYSUCC,1,auxiliary,SYSUCC/malignant(12).png,8f7afd8538b99746933c54ff5a8ba7f2a49f1eb4efb7d8ec78b3fdb67c7058a8,malignant(12)
gdph_sysucc/malignant(120),SYSUCC,1,auxiliary,SYSUCC/malignant(120).png,4d9170114acbeaee3a0a03a68f88a1f45dee3cef48abeae2d45710def924caad,malignant(120)
gdph_sysucc/malignant(1200),GDPH,1,auxiliary,GDPH/malignant(1200).png,86e91ca38326104eb1fac692255d877c80e09d7d1e14c0599c3c975cfeb4fb9d,malignant(1200)
gdph_sysucc/malignant(1201),GDPH,1,auxiliary,GDPH/malignant(1201).png,320d0ca57bf84e72d4288d3ede7a52c8bc05e232840b1762571018ab505fceb3,malignant(1201)
gdph_sysucc/malignant(1202),GDPH,1,auxiliary,GDPH/malignant(1202).png,37b011deb113e6b0bcd31bab324f9ef8019cb66d5e42d879dbd1aca3045d885b,malignant(1202)
gdph_sysucc/malignant(1203),GDPH,1,auxiliary,GDPH/malignant(1203).png,7360ddf97cb3a42bd708dbaec502a5ed872dff3b92c568c928d4f47136d539ad,malignant(1203)
gdph_sysucc/malignant(1204),GDPH,1,auxiliary,GDPH/malignant(1204).png,0c445152564669cd43b5a055c1f700409cec445efbfd06329bc0a1689ae3203b,malignant(1204)
gdph_sysucc/malignant(1205),GDPH,1,auxiliary,GDPH/malignant(1205).png,5420b2789b56eb48b62d4d88eaa06972bf11b7d1ccc00e894d052ebe977ddeb1,malignant(1205)
gdph_sysucc/malignant(1206),GDPH,1,auxiliary,GDPH/malignant(1206).png,3639bc82a7e0b4054bdc617bd958f826eb84f6ec8c2adc0793d4f2b64dd19420,malignant(1206)
gdph_sysucc/malignant(1207),GDPH,1,auxiliary,GDPH/malignant(1207).png,9532f3a0f5f4346e268e213c830401c4d63fbfdb91b9649130c94b2dd11e67c6,malignant(1207)
gdph_sysucc/malignant(1208),GDPH,1,auxiliary,GDPH/malignant(1208).png,53bfb5dba6f9efb646afa2c2b6e012d7a871ff99ce287e6b6a7f1f358247a5c2,malignant(1208)
gdph_sysucc/malignant(1209),GDPH,1,auxiliary,GDPH/malignant(1209).png,192b151530e8eb38c1019402130d9cd07e0f36f11cea112cce71fbbe3f097f26,malignant(1209)
gdph_sysucc/malignant(121),SYSUCC,1,auxiliary,SYSUCC/malignant(121).png,fcc14f852c8f14dd7d606682a802ed1b63c538a8feff6b8f9478c8daff697b15,malignant(121)
gdph_sysucc/malignant(1210),GDPH,1,auxiliary,GDPH/malignant(1210).png,2fed70a99389905bd945d150d303b6748ffb6d6e5a090fe7df30c77ad3f33498,malignant(1210)
gdph_sysucc/malignant(1211),GDPH,1,auxiliary,GDPH/malignant(1211).png,ee283562352d9f0dc1135d5df30e29d4d095c211077326836777340bf8a722f9,malignant(1211)
gdph_sysucc/malignant(1212),GDPH,1,auxiliary,GDPH/malignant(1212).png,db24b9f391262ec6c2dcfd3c0d40fed281a9aefda752b9a93fa316671a2c9b3f,malignant(1212)
gdph_sysucc/malignant(1213),GDPH,1,auxiliary,GDPH/malignant(1213).png,95b811a0a7e89451a918e7a44f73691f56907a2891158cc17fdd90070c01b298,malignant(1213)
gdph_sysucc/malignant(1214),GDPH,1,auxiliary,GDPH/malignant(1214).png,e5daa26361033382fc7516d21800b9867cb7e47023f8d29b817acc5481594df2,malignant(1214)
gdph_sysucc/malignant(1215),GDPH,1,auxiliary,GDPH/malignant(1215).png,6d890666319f66af7d259a583ecfdf877f85e2659ccb144acd8aa61689944127,malignant(1215)
gdph_sysucc/malignant(1216),GDPH,1,auxiliary,GDPH/malignant(1216).png,45915b05a47193fbf88f81467666117520c3fdfb8333532e6423a21e7bf09f14,malignant(1216)
gdph_sysucc/malignant(1217),GDPH,1,auxiliary,GDPH/malignant(1217).png,98d52903159d8d9de7dc8f23780d96fce6d1deaf57cc903f0660b39b7a9854d9,malignant(1217)
gdph_sysucc/malignant(1218),GDPH,1,auxiliary,GDPH/malignant(1218).png,a2cb8447ca3cea41d6cf1f262159600b68a36d00c14fbbae896f319395b28061,malignant(1218)
gdph_sysucc/malignant(1219),GDPH,1,auxiliary,GDPH/malignant(1219).png,6cf569f4334f1e1fca6b464b6bfde9f172e8f0ef918714cd6f15036c2901c434,malignant(1219)
gdph_sysucc/malignant(122),SYSUCC,1,auxiliary,SYSUCC/malignant(122).png,58e6a52ab7f959b2a79066ee8255c7b65016d721d1b46255aed7beceeecd55eb,malignant(122)
gdph_sysucc/malignant(1220),GDPH,1,auxiliary,GDPH/malignant(1220).png,97b4e8ed4bf4912568936dc02631a7419713345630d8349bb668e1062e63eb8d,malignant(1220)
gdph_sysucc/malignant(1221),GDPH,1,auxiliary,GDPH/malignant(1221).png,2810652c782954755b80a0bb0b5a00bad57f9758f4ef88cd0d3183ad197903d4,malignant(1221)
gdph_sysucc/malignant(1222),GDPH,1,auxiliary,GDPH/malignant(1222).png,fbd88004ccfbd50b2ffcc429534b6c4bb56e554d237d998958c1a88163dcc2a3,malignant(1222)
gdph_sysucc/malignant(1223),GDPH,1,auxiliary,GDPH/malignant(1223).png,82784b45fc97717d660c142db3b8ec33017de5f4a1d7a096c368adb7f98d212f,malignant(1223)
gdph_sysucc/malignant(1224),GDPH,1,auxiliary,GDPH/malignant(1224).png,8db33c14f69e44d35d119368a6ebd77248d749d21ee32b7395fac45d256fab71,malignant(1224)
gdph_sysucc/malignant(1225),GDPH,1,auxiliary,GDPH/malignant(1225).png,f9761b70b255902ff66609e91c53054d3faa31a6ca469aa8fca0a2270bd6149a,malignant(1225)
gdph_sysucc/malignant(1226),GDPH,1,auxiliary,GDPH/malignant(1226).png,d6a6d2d415e0d92bb8fd6c13baf21fbb3e91e989403e27d7de7ee62a82e9c188,malignant(1226)
gdph_sysucc/malignant(1227),GDPH,1,auxiliary,GDPH/malignant(1227).png,daeabb0d013cc579297cb3b1d13a21f73d11690f08792b2749c5bb19d615bbd6,malignant(1227)
gdph_sysucc/malignant(1228),GDPH,1,auxiliary,GDPH/malignant(1228).png,a491e8595b5a0b2367304513040f3f748abc9af244f95430616b5ea0d2a650e7,malignant(1228)
gdph_sysucc/malignant(1229),GDPH,1,auxiliary,GDPH/malignant(1229).png,573bcc5f1a82e40fa1187d6d627644de5550a99a35e2b64edc1d8fe0430b6989,malignant(1229)
gdph_sysucc/malignant(123),SYSUCC,1,auxiliary,SYSUCC/malignant(123).png,ad8c3d7d44f4940fe1653c38e946887f8d1fbd4fe39850e97dbde279bfc535c3,malignant(123)
gdph_sysucc/malignant(1230),GDPH,1,auxiliary,GDPH/malignant(1230).png,2d1c56d6e8d9dccfb6d43966d4c8b841b91c924f80cd4e30aabf25ee03d38203,malignant(1230)
gdph_sysucc/malignant(1231),GDPH,1,auxiliary,GDPH/malignant(1231).png,03b2728cd9c1d8f6ae89135a4a8b090d48141f4f72d93c93453eb80fcb2dd556,malignant(1231)
gdph_sysucc/malignant(1232),GDPH,1,auxiliary,GDPH/malignant(1232).png,fa8714e91187c2c06024d8d2f9223c3fbfcddd00a69bb9e2974436d2b138d66a,malignant(1232)
gdph_sysucc/malignant(1233),GDPH,1,auxiliary,GDPH/malignant(1233).png,4af957aa350fccacacde6e60f95162e3853b1a18e1b3ef369b31ec1c155cc39a,malignant(1233)
gdph_sysucc/malignant(1234),GDPH,1,auxiliary,GDPH/malignant(1234).png,096c9fd0268e1f55b5ff76cd397eca0baa7ac3b815241ea32dba4be8ca4babe0,malignant(1234)
gdph_sysucc/malignant(1235),GDPH,1,auxiliary,GDPH/malignant(1235).png,411bf52bf150e0bd53dd32bcc4ca5b2e0d6f15aff78181e2b7536a0f21928527,malignant(1235)
gdph_sysucc/malignant(1236),GDPH,1,auxiliary,GDPH/malignant(1236).png,a658fe5f81a7dffdc59d14f1d4c49a54e56bbc884a40e47a8a0b6ef1e3270a84,malignant(1236)
gdph_sysucc/malignant(1237),GDPH,1,auxiliary,GDPH/malignant(1237).png,c0a0cbd1e5ce3c11a0fb7f12168bd2fa4829033a045b18c8cd90b360105736f5,malignant(1237)
gdph_sysucc/malignant(1238),GDPH,1,auxiliary,GDPH/malignant(1238).png,b22517c6d935ad12418c936939e91a1e8e0cf026c0513cf93ff8995fb07062e3,malignant(1238)
gdph_sysucc/malignant(1239),GDPH,1,auxiliary,GDPH/malignant(1239).png,c94cc691278f5869deff29ea83085d9f00cb27a6fcb7da6e4c53b4dee9b1a64d,malignant(1239)
gdph_sysucc/malignant(124),SYSUCC,1,auxiliary,SYSUCC/malignant(124).png,cc1673beb2c9922b59c05da5c81c0fe0829f377826526cc429050a2b014c3aca,malignant(124)
gdph_sysucc/malignant(1240),GDPH,1,auxiliary,GDPH/malignant(1240).png,1c9bcb01a3edef5f537c79967bcac0dfffdd55e23d09cb7b47f9a3b98eb1661d,malignant(1240)
gdph_sysucc/malignant(1241),GDPH,1,auxiliary,GDPH/malignant(1241).png,2e6348e55216035a451aa8ef2a8e95c708f187fab7255280e965faafa9dd6c4b,malignant(1241)
gdph_sysucc/malignant(1242),GDPH,1,auxiliary,GDPH/malignant(1242).png,a49c6e11a34a80db70fbd1488672995ebff69e6f34da23410dee621219b18353,malignant(1242)
gdph_sysucc/malignant(1243),GDPH,1,auxiliary,GDPH/malignant(1243).png,b6e76f1b8d349cdc11846cb5d477715411ee12691a674a236fd9093a06695537,malignant(1243)
gdph_sysucc/malignant(1244),GDPH,1,auxiliary,GDPH/malignant(1244).png,7211b818514e72f909c4af3d7073236d26fe20918bb3cd5f9c71adf637b18cb8,malignant(1244)
gdph_sysucc/malignant(1245),GDPH,1,auxiliary,GDPH/malignant(1245).png,893c9192af515645da4c0a709984bb2702873f490c299a48ec33407c01e550f7,malignant(1245)
gdph_sysucc/malignant(1246),GDPH,1,auxiliary,GDPH/malignant(1246).png,777e7eba9b88af330fba11fd4fc302792fe0fedd84479ec2cde1b7dbe7cf628f,malignant(1246)
gdph_sysucc/malignant(1247),GDPH,1,auxiliary,GDPH/malignant(1247).png,33835b847666edf684a393e78d482790a1b42f2cee483db4de93cd26a2ed9fe2,malignant(1247)
gdph_sysucc/malignant(1248),GDPH,1,auxiliary,GDPH/malignant(1248).png,701efba8593ab1ea63d5e36250308e9004612fa3da778a287f8f6f5fca20d7ab,malignant(1248)
gdph_sysucc/malignant(1249),GDPH,1,auxiliary,GDPH/malignant(1249).png,493c1d31a9fbe063b4b66e8d605837904431a16eabda704f3eb8bab25aba9f9d,malignant(1249)
gdph_sysucc/malignant(125),SYSUCC,1,auxiliary,SYSUCC/malignant(125).png,095b6e2227f02c38b5b5724e99024cb387fdc155f2eb2ae2ad9c1f2e1ddf6a63,malignant(125)
gdph_sysucc/malignant(1250),GDPH,1,auxiliary,GDPH/malignant(1250).png,e7a52614463066d1df3d001b8c4bb604c1342eb5e2fd7f71e0500cac4e041531,malignant(1250)
gdph_sysucc/malignant(1251),GDPH,1,auxiliary,GDPH/malignant(1251).png,5c1b0c9ca6534740a5ace6f54aed2235e0c0db4c7b89430c9f5576872f9ff4be,malignant(1251)
gdph_sysucc/malignant(1252),GDPH,1,auxiliary,GDPH/malignant(1252).png,2f2da42b2d090952150a4fea9e57d9f25cc0f7dd246f3a92759854b83a5bfc58,malignant(1252)
gdph_sysucc/malignant(1253),GDPH,1,auxiliary,GDPH/malignant(1253).png,eae924edec4c456e545924a934ab74816418a3f1f15dbf24a6ff7bf53ebccbfd,malignant(1253)
gdph_sysucc/malignant(1254),GDPH,1,auxiliary,GDPH/malignant(1254).png,5cbd92af35fbddebe9bae8badf910cb861338c06e57c5205b9dbb553d5d91216,malignant(1254)
gdph_sysucc/malignant(1255),GDPH,1,auxiliary,GDPH/malignant(1255).png,761692b4d8a254d88e85c73c823bd36c4727e894a8e140700dd12696436d1307,malignant(1255)
gdph_sysucc/malignant(1256),GDPH,1,auxiliary,GDPH/malignant(1256).png,e7885f38c5682c68218c53ab76d9f3769ab6251caaa358a30f8c792e54ac0e0b,malignant(1256)
gdph_sysucc/malignant(1257),GDPH,1,auxiliary,GDPH/malignant(1257).png,8186ad61995c36d9913daac856f0813be09805874e876cb4d8cfca3c4a8db86c,malignant(1257)
gdph_sysucc/malignant(1258),GDPH,1,auxiliary,GDPH/malignant(1258).png,e7ab9a9511aa555f795c311aa73fc2e6086000ad7cde056c1e3db1a0131aa185,malignant(1258)
gdph_sysucc/malignant(1259),GDPH,1,auxiliary,GDPH/malignant(1259).png,3e875302880e3d27a99b9e01311badba5b4ff37df1b82b26fc956a4b65546ad7,malignant(1259)
gdph_sysucc/malignant(126),SYSUCC,1,auxiliary,SYSUCC/malignant(126).png,656fb5323a0b587a9f4cfd70475a3ad5d7ec8a6bf7d8ae2973253ebc493127e6,malignant(126)|malignant(311)
gdph_sysucc/malignant(1260),GDPH,1,auxiliary,GDPH/malignant(1260).png,3ec908669851b73ff657ca20d251edb968db48e6ae499f687c6e82bfe5f58e02,malignant(1260)
gdph_sysucc/malignant(1261),GDPH,1,auxiliary,GDPH/malignant(1261).png,656ba937f97192e7e8b8d775055ed18acde804e6d079b77bab9c7028ef5ef48a,malignant(1261)
gdph_sysucc/malignant(1262),GDPH,1,auxiliary,GDPH/malignant(1262).png,8aa008dce8f91cbb1fe1c78bee2aa74cc848174acb0e45eaa4b91167d15b7883,malignant(1262)
gdph_sysucc/malignant(1263),GDPH,1,auxiliary,GDPH/malignant(1263).png,427c9e02fb459ce804f53af3b1e527fd6ea4f2b16e0ac3d2367d6754636e4eeb,malignant(1263)
gdph_sysucc/malignant(1264),GDPH,1,auxiliary,GDPH/malignant(1264).png,c844ff965ff866acde2bea731908809aa7befc019f21ebf495c52bc1e84aad1a,malignant(1264)
gdph_sysucc/malignant(1265),GDPH,1,auxiliary,GDPH/malignant(1265).png,5cd1ff70ce2ba97057060af4b16e89e260c2f3f87c25509cd8091fbf05bffe1c,malignant(1265)
gdph_sysucc/malignant(1266),GDPH,1,auxiliary,GDPH/malignant(1266).png,d17b69d157bb5db372d2d160fc949ce6ef132594c5e0de94a438960b6b086efb,malignant(1266)
gdph_sysucc/malignant(1267),GDPH,1,auxiliary,GDPH/malignant(1267).png,7b5160204e4e8f75262b7eaf606ce92638813b55c35f399660aa8683a1bbaf08,malignant(1267)
gdph_sysucc/malignant(1268),GDPH,1,auxiliary,GDPH/malignant(1268).png,c0bcebb3ff334c953f6536307fa3669aa7bae3bf3cb31a745c0caf7f950b3385,malignant(1268)
gdph_sysucc/malignant(1269),GDPH,1,auxiliary,GDPH/malignant(1269).png,39cc2b0c5eb73d44dd222c4b6c06beb30c0e6696736696f3f99397b4aaa815fe,malignant(1269)
gdph_sysucc/malignant(127),SYSUCC,1,auxiliary,SYSUCC/malignant(127).png,1b0e985dafcc62c4ea0433bef7faa2491ab295c20e6a6b4f93ecdee9a3eacd3f,malignant(127)|malignant(312)
gdph_sysucc/malignant(1270),GDPH,1,auxiliary,GDPH/malignant(1270).png,68320fffea8994ec932de66cf7184932167057abfce78fa1386883ed44224e31,malignant(1270)
gdph_sysucc/malignant(1271),GDPH,1,auxiliary,GDPH/malignant(1271).png,a53124391247771c48a11db97dbba377a70270194640e36060d03506a71d1e02,malignant(1271)
gdph_sysucc/malignant(1272),GDPH,1,auxiliary,GDPH/malignant(1272).png,e0ac39680b29dd8c2b7d7f3798c450fa0100bc866398e71f7364018d122cd01e,malignant(1272)
gdph_sysucc/malignant(1273),GDPH,1,auxiliary,GDPH/malignant(1273).png,b617c9f8d286f7447c36b2207480fb0ad7a71e35e983b2d052f05f078a3a9a10,malignant(1273)
gdph_sysucc/malignant(1274),GDPH,1,auxiliary,GDPH/malignant(1274).png,325e96b7bc9b4075651d2489f4031cb10a8d0759f9988849ea21cdbad69e3a85,malignant(1274)
gdph_sysucc/malignant(1275),GDPH,1,auxiliary,GDPH/malignant(1275).png,6348c5a3b334846402329ca4918cff108cd68e74c987becb38848ff79eb0e5a9,malignant(1275)
gdph_sysucc/malignant(1276),GDPH,1,auxiliary,GDPH/malignant(1276).png,b9b4090d58b252afa74f43a0611fa8a673e14315128dd7b492a1c34cba324f9b,malignant(1276)
gdph_sysucc/malignant(1277),GDPH,1,auxiliary,GDPH/malignant(1277).png,66bf1b46c41a96bc588e1317bb98f5494022770f5963bf1b4927e4169b545491,malignant(1277)
gdph_sysucc/malignant(1278),GDPH,1,auxiliary,GDPH/malignant(1278).png,9b7b3605429df03f9c549ece88cf8329c3035a1bffd3313266861919698cb67e,malignant(1278)
gdph_sysucc/malignant(1279),GDPH,1,auxiliary,GDPH/malignant(1279).png,3c46c6308c2a07354bb8f87b96e2dd1009c22e4756624e98c3875befa6858d6d,malignant(1279)
gdph_sysucc/malignant(128),SYSUCC,1,auxiliary,SYSUCC/malignant(128).png,74731dbdae3fd21d9ffcf1217e53942d8b795cb19e6edb89532cdabda9982dc2,malignant(128)
gdph_sysucc/malignant(1280),GDPH,1,auxiliary,GDPH/malignant(1280).png,432713fc829f858066662af3375c0fd20f21a18a041f8d00570914256a0bca6f,malignant(1280)
gdph_sysucc/malignant(1281),GDPH,1,auxiliary,GDPH/malignant(1281).png,21745252fef0107fd51e3074719a79f502e52a75b43012d0ac0d19e55f634f2a,malignant(1281)
gdph_sysucc/malignant(1282),GDPH,1,auxiliary,GDPH/malignant(1282).png,f4b1057dc264d0e0b667c7fab594a8cbb0dd80571e37ab32292404fd1fa2f2da,malignant(1282)
gdph_sysucc/malignant(1283),GDPH,1,auxiliary,GDPH/malignant(1283).png,b4d02cabec099e415b947c2b673a40a5b1f210d5adc9eea17ceab20b10681674,malignant(1283)
gdph_sysucc/malignant(1284),GDPH,1,auxiliary,GDPH/malignant(1284).png,2948807aa6ecf780d514328b809c5ea384489a25c85407b47760a2131094980b,malignant(1284)
gdph_sysucc/malignant(1285),GDPH,1,auxiliary,GDPH/malignant(1285).png,844989b398e95f2aad4728ccabce39047b59b55c54173e9631c7ee5366947234,malignant(1285)
gdph_sysucc/malignant(1286),GDPH,1,auxiliary,GDPH/malignant(1286).png,6825007a3d4e2c062495109dc20e98ec68eb117b60232e7b49556a9bed726c46,malignant(1286)
gdph_sysucc/malignant(1287),GDPH,1,auxiliary,GDPH/malignant(1287).png,49f4cf2ae2236d32af4a4daf14fab7b97e14b40ca4a28fdf8ec174c338bb77a0,malignant(1287)
gdph_sysucc/malignant(1288),GDPH,1,auxiliary,GDPH/malignant(1288).png,5ce4b6c933c10e0532691e78048df8660c6f6414badf4092e368e08c78b92ee5,malignant(1288)
gdph_sysucc/malignant(1289),GDPH,1,auxiliary,GDPH/malignant(1289).png,66405555030830e71b5b9f1b07993770e7de2b7ccfccabdd8c683a8659360dc3,malignant(1289)
gdph_sysucc/malignant(129),SYSUCC,1,auxiliary,SYSUCC/malignant(129).png,caf0eed601e11c071ad175ed62e149e4f3541197e4396a4785146f1daf8ea8a9,malignant(129)
gdph_sysucc/malignant(1290),GDPH,1,auxiliary,GDPH/malignant(1290).png,eb482b7702c4c19b2e64170b4b309d13649db6319a92be05ee813665b87dc477,malignant(1290)
gdph_sysucc/malignant(1291),GDPH,1,auxiliary,GDPH/malignant(1291).png,98b758689123ae74d5a8b274d11c1a5cdff6d23d715538d7b20fc3655762360e,malignant(1291)
gdph_sysucc/malignant(1292),GDPH,1,auxiliary,GDPH/malignant(1292).png,ae112caf409af191a7258589d466c96d2208120430fceea9604732ba381bd6f6,malignant(1292)
gdph_sysucc/malignant(1293),GDPH,1,auxiliary,GDPH/malignant(1293).png,4f13bd9cb5d009655840c85943db28c71d05293a98396786db80667186892bb9,malignant(1293)
gdph_sysucc/malignant(1294),GDPH,1,auxiliary,GDPH/malignant(1294).png,1227becf6b3c313d629ce5719e9170f65083645f8c81a499dc2fe73b91527af6,malignant(1294)
gdph_sysucc/malignant(1295),GDPH,1,auxiliary,GDPH/malignant(1295).png,17af8202296109ab96b326e834f6dd71ee9257a0d14b65a1b67f936f347c1453,malignant(1295)
gdph_sysucc/malignant(1296),GDPH,1,auxiliary,GDPH/malignant(1296).png,e2fd641ef9407073d8f9c4dafb73c7d705db281603c6f3150596285a5cbd811b,malignant(1296)
gdph_sysucc/malignant(1297),GDPH,1,auxiliary,GDPH/malignant(1297).png,2cf0e59cbf60477a6cbcd82b9912891b59504686c6c2ca7db1cfeaa8f42ae9b7,malignant(1297)
gdph_sysucc/malignant(1298),GDPH,1,auxiliary,GDPH/malignant(1298).png,60f6910bd9bf7abb39c040a063fad43535acd8c031bcf194da1d180ab3265813,malignant(1298)
gdph_sysucc/malignant(1299),GDPH,1,auxiliary,GDPH/malignant(1299).png,ba58c40f366e2aa7c4ca3cdca0b11701d7b6223028d9de46a55a758cba748048,malignant(1299)
gdph_sysucc/malignant(13),SYSUCC,1,auxiliary,SYSUCC/malignant(13).png,377e15bfdb40b1bc91500c82058b49ca3a5eafa5583c0b97323034bf9ac6dfa5,malignant(13)
gdph_sysucc/malignant(130),SYSUCC,1,auxiliary,SYSUCC/malignant(130).png,d8cb61f3fe8f85fde0ca1db9d3664b4103a95fdec7f766ab5ffd2f7138f0e9c5,malignant(130)
gdph_sysucc/malignant(1300),GDPH,1,auxiliary,GDPH/malignant(1300).png,e6b8495e70413ffe55e7ba7268b6161ae57fdbaf15650ca438fae37207f7b34c,malignant(1300)
gdph_sysucc/malignant(1301),GDPH,1,auxiliary,GDPH/malignant(1301).png,10c87b4bea650a13d4c625ce93cdde1177d686a6eb0e5360ed2d89776efee5f4,malignant(1301)
gdph_sysucc/malignant(1302),GDPH,1,auxiliary,GDPH/malignant(1302).png,5118dac9d0f4ec2336643019f7e09d2ad6b4ad07ac5de2d9e82a94ea07030ee2,malignant(1302)
gdph_sysucc/malignant(1303),GDPH,1,auxiliary,GDPH/malignant(1303).png,4b6c1b0bf57715f44e7d840844bc1bdecf50b7569c8b8433dcf85c7cfa09e331,malignant(1303)
gdph_sysucc/malignant(1304),GDPH,1,auxiliary,GDPH/malignant(1304).png,b56f4ce3658e8be835f77346f753478aac6b573212729fa06d21866f67ae6d1a,malignant(1304)
gdph_sysucc/malignant(1305),GDPH,1,auxiliary,GDPH/malignant(1305).png,ff3cff2087a553d7350f08ca4f7129a9adc14de2c86057f4fd74cd117c934b9a,malignant(1305)
gdph_sysucc/malignant(1306),GDPH,1,auxiliary,GDPH/malignant(1306).png,2941bada15eba1b015410caaba3681b30a4eaff91683230665cada33a7d80466,malignant(1306)
gdph_sysucc/malignant(1307),GDPH,1,auxiliary,GDPH/malignant(1307).png,4f6bbeca7af55b84945aea4dcf36464e6f76fecd2daebcba1522baac82312f5c,malignant(1307)
gdph_sysucc/malignant(1308),GDPH,1,auxiliary,GDPH/malignant(1308).png,fce438173190248fe01aaa8e167d1e8ae38fbcdb386d48aca5ca1c36c41b697e,malignant(1308)
gdph_sysucc/malignant(1309),GDPH,1,auxiliary,GDPH/malignant(1309).png,f0c86529668bb93420f52c843121e8669e78358e43f82301ba9aa747b618cc7e,malignant(1309)
gdph_sysucc/malignant(131),SYSUCC,1,auxiliary,SYSUCC/malignant(131).png,02bcf531f5a2c4a237d46d65a8423cfe318236231e46b3e0a8ca7dafc7127979,malignant(131)
gdph_sysucc/malignant(1310),GDPH,1,auxiliary,GDPH/malignant(1310).png,09145ad7c03b65a7dcade427d87b425e0308dc45563e5e6fcb6b77b0b4d37aae,malignant(1310)
gdph_sysucc/malignant(1311),GDPH,1,auxiliary,GDPH/malignant(1311).png,8f44c553b61180559dcd69c0ab5dd2d533dcf7dc36b9408e1f4d7505f59ecefd,malignant(1311)
gdph_sysucc/malignant(1312),GDPH,1,auxiliary,GDPH/malignant(1312).png,87da87c4fc4524249a743a4e787429995ced8143a2366e13f8046ec04fbc276b,malignant(1312)
gdph_sysucc/malignant(1313),GDPH,1,auxiliary,GDPH/malignant(1313).png,aee1bc98b2d9aa69a7f76e16c5faf17123cf392f79e42f4f034e4766532d1565,malignant(1313)
gdph_sysucc/malignant(1314),GDPH,1,auxiliary,GDPH/malignant(1314).png,ae8862c456b03ff2ec62bc1a7af4013f7f15189eb8183443f6b8bcd2b06e7713,malignant(1314)
gdph_sysucc/malignant(1315),GDPH,1,auxiliary,GDPH/malignant(1315).png,7b0f05ef61cfb6734c4de8ae62e24f5b7fcb963bad8e68374f4f89d125d1a161,malignant(1315)
gdph_sysucc/malignant(1316),GDPH,1,auxiliary,GDPH/malignant(1316).png,49863661b8dd0c9bac5011895170f9a483dacf7c3673bafc9cb71ad1bd6092ed,malignant(1316)
gdph_sysucc/malignant(1317),GDPH,1,auxiliary,GDPH/malignant(1317).png,5582d33fe01267f5333fae5df0062ab3d3577c08f870f1aba4f5e5932b8023ad,malignant(1317)
gdph_sysucc/malignant(1318),GDPH,1,auxiliary,GDPH/malignant(1318).png,41fec23f0973e7ea10083953c3dcbb391f53687f44d4dece801196f58160690f,malignant(1318)
gdph_sysucc/malignant(1319),GDPH,1,auxiliary,GDPH/malignant(1319).png,df63a6a66e66dc2277209f23f7e918a58b66cbe9951046260d71edb498c2725d,malignant(1319)
gdph_sysucc/malignant(132),SYSUCC,1,auxiliary,SYSUCC/malignant(132).png,7548aac1ca5dc023369ba81c09623eee82bcc8a42e75bc96be55ea5c3c48ff53,malignant(132)
gdph_sysucc/malignant(1320),GDPH,1,auxiliary,GDPH/malignant(1320).png,a1c9d4d936f15eb0552b013847ad34116f24d8859e1115b9beb60e02ad6b0b3a,malignant(1320)
gdph_sysucc/malignant(1321),GDPH,1,auxiliary,GDPH/malignant(1321).png,c907cd3b5de1251234597a09b242b38c08ba86a8cc245b1b26f33752c1803fef,malignant(1321)
gdph_sysucc/malignant(1322),GDPH,1,auxiliary,GDPH/malignant(1322).png,e924e09e0ad1dbad5a9cd346bca23f0cd0918dcfbf90e5499726198d818a51d0,malignant(1322)
gdph_sysucc/malignant(1323),GDPH,1,auxiliary,GDPH/malignant(1323).png,1a54da421cdc75c86af0722cbcc6d0a882d9c79e74da20dcf5e407c566b34cc9,malignant(1323)
gdph_sysucc/malignant(1324),GDPH,1,auxiliary,GDPH/malignant(1324).png,1d15dbd040e10b432527be8175e2eb651731abf9bb53969ce57fbdbbaf19d34e,malignant(1324)
gdph_sysucc/malignant(1325),GDPH,1,auxiliary,GDPH/malignant(1325).png,d45f44505ac16ad17f424cf12709154bfd53dbd44d8f485cf1e1b96fa06210f2,malignant(1325)
gdph_sysucc/malignant(1326),GDPH,1,auxiliary,GDPH/malignant(1326).png,896656a4eb393cf09a759c372f8d1c6d5b02b416fd550349950ec5d66177ca8a,malignant(1326)
gdph_sysucc/malignant(1327),GDPH,1,auxiliary,GDPH/malignant(1327).png,79b0f9e5dad57ff27889c1f029b33f104b2170a0a62c9f0ae888565786c76cc8,malignant(1327)
gdph_sysucc/malignant(1328),GDPH,1,auxiliary,GDPH/malignant(1328).png,629d1e4d9107c6fe8ae35d6b24203ec38283b595e75c2208063e04a5b7c5914f,malignant(1328)
gdph_sysucc/malignant(1329),GDPH,1,auxiliary,GDPH/malignant(1329).png,799328ffbeeacb98a27be392561a639498722eb70182135e05b0d807482068c8,malignant(1329)
gdph_sysucc/malignant(133),SYSUCC,1,auxiliary,SYSUCC/malignant(133).png,5287b0bfde73c855e9a02e3b45a5e4923a6043bde3c1f40fcb15859b9c0722f6,malignant(133)
gdph_sysucc/malignant(1330),GDPH,1,auxiliary,GDPH/malignant(1330).png,a2c005925148510ed73683c131e9f40f6abd45d7050df6c023e834dcb7ddb80f,malignant(1330)
gdph_sysucc/malignant(1331),GDPH,1,auxiliary,GDPH/malignant(1331).png,cf883c0dd8cabb89ec3866762fe3929a8474a87d29ed53b427540ca3ca196726,malignant(1331)
gdph_sysucc/malignant(1332),GDPH,1,auxiliary,GDPH/malignant(1332).png,8a49a4d200fbc3adfa419e1ca89e3ae1498b6e915f684be3fbddb5fc40ca35ad,malignant(1332)
gdph_sysucc/malignant(1333),GDPH,1,auxiliary,GDPH/malignant(1333).png,b6292e65eafa6a4c6e7cb7fbe2fd1f1682fa340a0e142b5bafd7183322fb6ff5,malignant(1333)
gdph_sysucc/malignant(1334),GDPH,1,auxiliary,GDPH/malignant(1334).png,3390f510bb09eb963f7885bf8c506c3dcd7c47db6cc92339e1948d7a6b0ffa85,malignant(1334)
gdph_sysucc/malignant(1335),GDPH,1,auxiliary,GDPH/malignant(1335).png,2148659cce92ec5ae5376692b36e6946f34afe18ba2795a10998c1ef685e2d0c,malignant(1335)
gdph_sysucc/malignant(1336),GDPH,1,auxiliary,GDPH/malignant(1336).png,31578f1b4b5545a90be079f4c5d0dea84757cddfbecc73f502d6856fb1967296,malignant(1336)
gdph_sysucc/malignant(1337),GDPH,1,auxiliary,GDPH/malignant(1337).png,51b0644ce8ff240d01d4e20cf2fe7192d811e7261f330a560d7736930dc29422,malignant(1337)
gdph_sysucc/malignant(1338),GDPH,1,auxiliary,GDPH/malignant(1338).png,eca14248ffbcf07d3444ebc9512e0ced8e13679a912e5ba4dabc358ea61acf7f,malignant(1338)
gdph_sysucc/malignant(1339),GDPH,1,auxiliary,GDPH/malignant(1339).png,e052afd0bc887a8a46c07a5f6bb08b1d3b65ff1b1bbf28eeb855f7c15c8c1e36,malignant(1339)
gdph_sysucc/malignant(134),SYSUCC,1,auxiliary,SYSUCC/malignant(134).png,3f0dd59313c6112e1be4c0a9704fad0ea1dd7de8a8dfe8cb56f937145de7107d,malignant(134)
gdph_sysucc/malignant(1340),GDPH,1,auxiliary,GDPH/malignant(1340).png,633f83fbd47e8fe69a28f3da7e3c8ed1e1d40941cf9ac3c8a879b901de89278b,malignant(1340)
gdph_sysucc/malignant(1341),GDPH,1,auxiliary,GDPH/malignant(1341).png,e537bc2d98ab568fed07aeeb45f82167a88b5532416c2fdad0118c4c4086351d,malignant(1341)
gdph_sysucc/malignant(1342),GDPH,1,auxiliary,GDPH/malignant(1342).png,fbe873af7f052a6bf1e91645f0fcef9008f06c5f185e9ecbdbb0da7811de1d13,malignant(1342)
gdph_sysucc/malignant(1343),GDPH,1,auxiliary,GDPH/malignant(1343).png,3927915a7ed807e4dc37593232af165971853bc7469d6bf236ca0ead5bd48282,malignant(1343)
gdph_sysucc/malignant(1344),GDPH,1,auxiliary,GDPH/malignant(1344).png,d5f584c817dc42d90002ea00727ec23f32ddb66b1a3f976db63d8f4196648022,malignant(1344)
gdph_sysucc/malignant(1345),GDPH,1,auxiliary,GDPH/malignant(1345).png,028fff8787da3bec0045e7df0e22e85ad3dd501cd89fe087c9f64423d318490a,malignant(1345)
gdph_sysucc/malignant(1346),GDPH,1,auxiliary,GDPH/malignant(1346).png,1bbf3886e4834e481cb66c6b460246f680e32ab24265e7e2da82c85922284eea,malignant(1346)
gdph_sysucc/malignant(1347),GDPH,1,auxiliary,GDPH/malignant(1347).png,728cfbc1fc565def96dee77494bb20988c6c6e313f95b1acb152a8fac4340df4,malignant(1347)
gdph_sysucc/malignant(1348),GDPH,1,auxiliary,GDPH/malignant(1348).png,3378ea20c3450b3d26c3b2212b4e5ddf670fa7321d73760c6ceb66c0cda1d228,malignant(1348)
gdph_sysucc/malignant(1349),GDPH,1,auxiliary,GDPH/malignant(1349).png,c1b7a1bac64de0ccfac7555bfdbed9515e861b1e15556060f46b564f6b7d52a0,malignant(1349)
gdph_sysucc/malignant(135),SYSUCC,1,auxiliary,SYSUCC/malignant(135).png,0f04a3a31fb898cc46bdc7fd1e173789d50ecce91138e9a664934e04cb20928e,malignant(135)
gdph_sysucc/malignant(1350),GDPH,1,auxiliary,GDPH/malignant(1350).png,7bb5a1b825379f17d1707b975fdfa1dfaa5193302bba1daa12fb7a64e726163c,malignant(1350)
gdph_sysucc/malignant(1351),GDPH,1,auxiliary,GDPH/malignant(1351).png,3fc9ba2fb5869cfb8af57e1eceb6f5c327e99f5c7953b41520c2c46ab21fd751,malignant(1351)
gdph_sysucc/malignant(1352),GDPH,1,auxiliary,GDPH/malignant(1352).png,88bf256d835a0f6799f9e35b923c97486fbe6d04b8510c4773dfd74707d93a19,malignant(1352)
gdph_sysucc/malignant(1353),GDPH,1,auxiliary,GDPH/malignant(1353).png,5ae8b76edb158e2d8df355efa20fde968082adf3e07fef075a71e752f82e4977,malignant(1353)
gdph_sysucc/malignant(1354),GDPH,1,auxiliary,GDPH/malignant(1354).png,4d39164e7497996a216f93608c1e59430c6de3a7b3b201a3dff9248cb79842a0,malignant(1354)
gdph_sysucc/malignant(1355),GDPH,1,auxiliary,GDPH/malignant(1355).png,34d2578084a74e684b74a2ec380e0be54c94628a28d62a9e3ff4263825e4651a,malignant(1355)
gdph_sysucc/malignant(1356),GDPH,1,auxiliary,GDPH/malignant(1356).png,eaa3f7a6ac5a6a99278adee2ceff60a8cafa8ea57b8683d481a3e7f7e8d3a78c,malignant(1356)
gdph_sysucc/malignant(1357),GDPH,1,auxiliary,GDPH/malignant(1357).png,ae6b0bc9f9a6c9f260d1fe645ab57d94f64b4a19bf6daef4ea582de972ac311e,malignant(1357)
gdph_sysucc/malignant(1358),GDPH,1,auxiliary,GDPH/malignant(1358).png,e47a83e5d5fa149fe11ed1e0008578b2d7b16b680925866bb06b631ca4abe06c,malignant(1358)
gdph_sysucc/malignant(1359),GDPH,1,auxiliary,GDPH/malignant(1359).png,feb810195edf9b224c9a2cab7679d1084750e7bf419cea7faa63feee4fc391b7,malignant(1359)
gdph_sysucc/malignant(136),SYSUCC,1,auxiliary,SYSUCC/malignant(136).png,15554fc451c140cb6965facc239d59e4ccafc1a33088f80ec76e565da84c09a0,malignant(136)
gdph_sysucc/malignant(1360),GDPH,1,auxiliary,GDPH/malignant(1360).png,93a17219c1661b8fe0b73cf8936a68b61378bfe603fbe332cfebe9669b1a1e35,malignant(1360)
gdph_sysucc/malignant(1361),GDPH,1,auxiliary,GDPH/malignant(1361).png,591f879ba444855ecebf3069ebab167ecce7da2454183c36a212e69f234ff6b7,malignant(1361)
gdph_sysucc/malignant(1362),GDPH,1,auxiliary,GDPH/malignant(1362).png,6daaf52634730c2077ce6235c55e397bfe03f1dd16f7451b4f8774721c57c266,malignant(1362)
gdph_sysucc/malignant(1363),GDPH,1,auxiliary,GDPH/malignant(1363).png,be7948708f4d6ba8e0e180537d89e4f6066435c93bbae86ce7651766de74e824,malignant(1363)
gdph_sysucc/malignant(1364),GDPH,1,auxiliary,GDPH/malignant(1364).png,bb3f4fb729253a6e0eb2f83de35374b011368181618f27b1e08466f042b468bc,malignant(1364)
gdph_sysucc/malignant(1365),GDPH,1,auxiliary,GDPH/malignant(1365).png,12f40c83d750558e7a0c73df620d4bbb3a8b2bdf0bd88f60b114a7f972cc3ab1,malignant(1365)
gdph_sysucc/malignant(1366),GDPH,1,auxiliary,GDPH/malignant(1366).png,a371205d3f7936e65e635a389c3d0d1eddd1e706bc691145b6eb0bc91ac82587,malignant(1366)
gdph_sysucc/malignant(1367),GDPH,1,auxiliary,GDPH/malignant(1367).png,0b82b373f9b0e128dfed731613f2e818e5fe677ce949b478dff032e82aa953e8,malignant(1367)
gdph_sysucc/malignant(1368),GDPH,1,auxiliary,GDPH/malignant(1368).png,c032a8c068915d24787f1093638c8dd62147b4251f1b10434e5b3ebfd6671929,malignant(1368)
gdph_sysucc/malignant(1369),GDPH,1,auxiliary,GDPH/malignant(1369).png,f2f15f35ca43c574ff970ca010ee2e5e3e77a01c1c680670eaad447894628cf7,malignant(1369)
gdph_sysucc/malignant(137),SYSUCC,1,auxiliary,SYSUCC/malignant(137).png,eff6a6e45a5094ad1572ebd147f23c66793e70dd4dd97b9d40d5968008c9810a,malignant(137)
gdph_sysucc/malignant(1370),GDPH,1,auxiliary,GDPH/malignant(1370).png,ae607d89a8c686610386cd2d7e3c60faf53387fc958a55fe6a54880595579544,malignant(1370)
gdph_sysucc/malignant(1371),GDPH,1,auxiliary,GDPH/malignant(1371).png,1ab5170d35db3a98704a4929c62766a64d3d750e8d4617aa95c9555938487d1a,malignant(1371)
gdph_sysucc/malignant(1372),GDPH,1,auxiliary,GDPH/malignant(1372).png,ef5daa9b6879ca2c7f1d6586eebe612636ce8e371afeaa7ced7c134147beb60b,malignant(1372)
gdph_sysucc/malignant(1373),GDPH,1,auxiliary,GDPH/malignant(1373).png,45757f8afa2358babc8169c5fae91343425bb50849c1d7b337eef11e1b49cda9,malignant(1373)
gdph_sysucc/malignant(1374),GDPH,1,auxiliary,GDPH/malignant(1374).png,f967d2e0be2b14ff85bbeb414c25628da757fc065a8b6061f4f0fda5527b5115,malignant(1374)
gdph_sysucc/malignant(1375),GDPH,1,auxiliary,GDPH/malignant(1375).png,ba69cfcac68e82d1b035d8f0267b16260825c572e2945c2d181d0a90e2722449,malignant(1375)
gdph_sysucc/malignant(1376),GDPH,1,auxiliary,GDPH/malignant(1376).png,f2b9942a5cf690e7eb7c71962f508736b1559df5b3a9e3b939a2fca7f74857bb,malignant(1376)
gdph_sysucc/malignant(1377),GDPH,1,auxiliary,GDPH/malignant(1377).png,afe167caf1a80bc489343900cf685f5ebe4ad85e930c453fc55237ee7cc924d1,malignant(1377)
gdph_sysucc/malignant(1378),GDPH,1,auxiliary,GDPH/malignant(1378).png,7fe251e23fcce80288d878cfdd9bdc0b79333a233be3a8655a5c883ec97360b5,malignant(1378)
gdph_sysucc/malignant(1379),GDPH,1,auxiliary,GDPH/malignant(1379).png,9b1c9e58af7cbe3d88291dbfc5488dac2489c39ab3220fd6024cbfb2c1baaa0b,malignant(1379)
gdph_sysucc/malignant(138),SYSUCC,1,auxiliary,SYSUCC/malignant(138).png,32da676be74605e9b17251af73b504c844242aae8c5acc85738fb2c384c3adc1,malignant(138)
gdph_sysucc/malignant(1380),GDPH,1,auxiliary,GDPH/malignant(1380).png,324b03cac3df69436a8edbf231e062accd5e8e654a6c40431082f5adf90e1583,malignant(1380)
gdph_sysucc/malignant(1381),GDPH,1,auxiliary,GDPH/malignant(1381).png,99e73ede247b65404f5113970d7431ff2a6b80f508b30350390184c28c67c842,malignant(1381)
gdph_sysucc/malignant(1382),GDPH,1,auxiliary,GDPH/malignant(1382).png,93092d933e800df0ce345b942a054af3166a52e02e63bdbcf1e0e77c48f29089,malignant(1382)
gdph_sysucc/malignant(1383),GDPH,1,auxiliary,GDPH/malignant(1383).png,03ee74ade85d7f39b605d84395430f6f66149efb918555e19f881d988aa62afa,malignant(1383)
gdph_sysucc/malignant(1384),GDPH,1,auxiliary,GDPH/malignant(1384).png,55c268a92a9e4ebcf20b97cb405ea0ec699843c13bde20b3fa6d3c9a7139ac28,malignant(1384)
gdph_sysucc/malignant(1385),GDPH,1,auxiliary,GDPH/malignant(1385).png,eb24ad28d82a42f477879c2cd50852f89b49f8567bdc1fa747642b7481266ad8,malignant(1385)
gdph_sysucc/malignant(1386),GDPH,1,auxiliary,GDPH/malignant(1386).png,9242185fad3d45d66d9ea9667007c983546ff6c4dd3faeaeca65e95a90708825,malignant(1386)
gdph_sysucc/malignant(1387),GDPH,1,auxiliary,GDPH/malignant(1387).png,b9e3f070b6500ab3ff5761e77d1afcd1f843dbfbdeb86ce7b798fed8ec26801c,malignant(1387)
gdph_sysucc/malignant(1388),GDPH,1,auxiliary,GDPH/malignant(1388).png,6d39b0408fcc0e30f932680c3aeceeba17da688b8c9299ad406ff0628610bcd3,malignant(1388)
gdph_sysucc/malignant(1389),GDPH,1,auxiliary,GDPH/malignant(1389).png,459d35969e69584ebd0b503816598232f653169bc36d15dbc5902d46c4f0095a,malignant(1389)
gdph_sysucc/malignant(139),SYSUCC,1,auxiliary,SYSUCC/malignant(139).png,cbfe45e7b9fb367e76c683ac7d3c596d41651270d317ed643cca09f63eb93b88,malignant(139)
gdph_sysucc/malignant(1390),GDPH,1,auxiliary,GDPH/malignant(1390).png,002fbf3ddbd94faceb9e860ef1150b09d5d8c5ed9c8558abcc1ab970ae5e641a,malignant(1390)
gdph_sysucc/malignant(1391),GDPH,1,auxiliary,GDPH/malignant(1391).png,163b591a8bef92be2d859308c0c0cab70a90d16c57065ec42309d59baaecfe86,malignant(1391)
gdph_sysucc/malignant(1392),GDPH,1,auxiliary,GDPH/malignant(1392).png,250f253830b0d045556b615dfd779a1093c9d7d2ecefeea21926613ebff42e04,malignant(1392)
gdph_sysucc/malignant(1393),GDPH,1,auxiliary,GDPH/malignant(1393).png,4cf3154aa231ce564dc2012b17591fc27fc8cede3b5ed9f28a5a00b9177aa2e2,malignant(1393)
gdph_sysucc/malignant(1394),GDPH,1,auxiliary,GDPH/malignant(1394).png,7d2d73739143be0b89c4d42411a1ea55966533fab3053755ad186a8cf2fe0ee1,malignant(1394)
gdph_sysucc/malignant(1395),GDPH,1,auxiliary,GDPH/malignant(1395).png,4e15b94a9327f7e8123304014f1ae896a139563178df91db14627fe160d32c3f,malignant(1395)
gdph_sysucc/malignant(1396),GDPH,1,auxiliary,GDPH/malignant(1396).png,594cbaeffbc86b34d31df48673103cf3d8909f3ebee196f46d60782aeb6ade5a,malignant(1396)
gdph_sysucc/malignant(1397),GDPH,1,auxiliary,GDPH/malignant(1397).png,a75dca340eec340f0fe80bcbd9cedb28cb4c67f21588488e46eed378d8b96074,malignant(1397)
gdph_sysucc/malignant(1398),GDPH,1,auxiliary,GDPH/malignant(1398).png,4195c56dd99ef02de672761db8ac4b158ab9e5ab385e05507f44718fabe35414,malignant(1398)
gdph_sysucc/malignant(1399),GDPH,1,auxiliary,GDPH/malignant(1399).png,4688295bc2b4c6e75baf800de395195c52668610d0682efa9cf6e0ce44992606,malignant(1399)
gdph_sysucc/malignant(14),SYSUCC,1,auxiliary,SYSUCC/malignant(14).png,dd7e82282ac342525092522778107d2c18a1fae8aa834907610827688ef8d50c,malignant(14)
gdph_sysucc/malignant(140),SYSUCC,1,auxiliary,SYSUCC/malignant(140).png,8641a8c6dc1c93d83bc8b276a6067457461b672ebbd3b465efe9b69da5914d89,malignant(140)
gdph_sysucc/malignant(1400),GDPH,1,auxiliary,GDPH/malignant(1400).png,106155b129bfd39f0467add699f9eb9ec87628f73012ecbfe1ed7de4e224befd,malignant(1400)
gdph_sysucc/malignant(1401),GDPH,1,auxiliary,GDPH/malignant(1401).png,4e8d575afc8c189d64228db82f793c3ea1b47e71045d988650a44a02e702e5f7,malignant(1401)
gdph_sysucc/malignant(1402),GDPH,1,auxiliary,GDPH/malignant(1402).png,743debdd14fbf22c9ddfd25bc65a5885724c8b934289f98dac6ad424028e1fe4,malignant(1402)
gdph_sysucc/malignant(1403),GDPH,1,auxiliary,GDPH/malignant(1403).png,55a359b6068958d083bb7e1bc9a0b51c1693e41f3cd88afcba36cdb6655d18bf,malignant(1403)
gdph_sysucc/malignant(1404),GDPH,1,auxiliary,GDPH/malignant(1404).png,1c82a4277d11c0e6ee507c63812ed6a3fa575a08d6e60f43cae31c287f71a393,malignant(1404)
gdph_sysucc/malignant(1405),GDPH,1,auxiliary,GDPH/malignant(1405).png,9a0cd5be8455f9acaee78d321f42cb254c557fb2d73b7b3aecd853c64ac0fae4,malignant(1405)
gdph_sysucc/malignant(1406),GDPH,1,auxiliary,GDPH/malignant(1406).png,e98caac55ca2efd58c5b12ffeeeb5878da02acba6ae8a47a5a56498ae57a5ea0,malignant(1406)
gdph_sysucc/malignant(1407),GDPH,1,auxiliary,GDPH/malignant(1407).png,a17862d61609f368a152d42624a4c4a5d7a592ca7be56dfbad45001113c5d07a,malignant(1407)
gdph_sysucc/malignant(1408),GDPH,1,auxiliary,GDPH/malignant(1408).png,94c7b7430712ea21c0c8ccd854bc2ff7a69d93bac6e4ea0709de976c0c19a7e5,malignant(1408)
gdph_sysucc/malignant(1409),GDPH,1,auxiliary,GDPH/malignant(1409).png,b503a8f03f2377e59f7fbf3cafd0d794e81f84d22816992670bc377135f805b6,malignant(1409)
gdph_sysucc/malignant(141),SYSUCC,1,auxiliary,SYSUCC/malignant(141).png,66e0eb36d44fae6a9dd403a505c67c9bf14fd2d9c2314b65a3ac788953884847,malignant(141)
gdph_sysucc/malignant(1410),GDPH,1,auxiliary,GDPH/malignant(1410).png,14b202f95f8c0d304083de81a97f8b68da84b91f0b51c828e27a2ccbe44629bc,malignant(1410)
gdph_sysucc/malignant(1411),GDPH,1,auxiliary,GDPH/malignant(1411).png,a558b8407a9c0a78ed13be8a29cb15cd8ecfbc45d86f1c85c581374c3ad59563,malignant(1411)
gdph_sysucc/malignant(1412),GDPH,1,auxiliary,GDPH/malignant(1412).png,5e525a9be152d3692c1c75998d0a3afaea03a6fb9a5573c8cc8ecc86a7ba7e0e,malignant(1412)
gdph_sysucc/malignant(1413),GDPH,1,auxiliary,GDPH/malignant(1413).png,24719cb5fe05d2ea6a3133dce85f8ecf031be951da14afafc8a8994f1c071a72,malignant(1413)
gdph_sysucc/malignant(1414),GDPH,1,auxiliary,GDPH/malignant(1414).png,b400a17b3be519356ba404c6d68dceb17c8eb208238e9ef7ef9b4c03fa919cc4,malignant(1414)
gdph_sysucc/malignant(1415),GDPH,1,auxiliary,GDPH/malignant(1415).png,310aab96ba416c161e35535f94f483ee571140c5bf4603c43ed6feace5ca1900,malignant(1415)
gdph_sysucc/malignant(1416),GDPH,1,auxiliary,GDPH/malignant(1416).png,77b2f17007088af356d8ff9df9ff4333e67eee684c69219d3ff37909d92540ce,malignant(1416)
gdph_sysucc/malignant(1417),GDPH,1,auxiliary,GDPH/malignant(1417).png,354cf785370e01c52e97bb71240ee488194c1f69d14602cc0d1a9e3a40744210,malignant(1417)
gdph_sysucc/malignant(1418),GDPH,1,auxiliary,GDPH/malignant(1418).png,4e66b2d452ab33f0dffa3cb4bcc51b356766348b22fa3c573dbe137e2120daae,malignant(1418)
gdph_sysucc/malignant(1419),GDPH,1,auxiliary,GDPH/malignant(1419).png,5b0ca7c99571acf17071a872f415e1759220f1d9c74d4d2f20f78392dc6aa234,malignant(1419)
gdph_sysucc/malignant(142),SYSUCC,1,auxiliary,SYSUCC/malignant(142).png,217cbf2afe17c3ec63ef6d74948ea794a43e591ce7907e93b6797db5e8c08f18,malignant(142)
gdph_sysucc/malignant(1420),GDPH,1,auxiliary,GDPH/malignant(1420).png,87d456e485fdc67f513cb361eaa2b6b41ea5d4680af403c5dd7a00c9669ea6d1,malignant(1420)
gdph_sysucc/malignant(1421),GDPH,1,auxiliary,GDPH/malignant(1421).png,26530c5a88c36f89386db7673868b6bbd0780e4eac95039dbb2a9189ce7cb1e9,malignant(1421)
gdph_sysucc/malignant(1422),GDPH,1,auxiliary,GDPH/malignant(1422).png,88b6653c2344e54f65a10f48edfa893514313cafb1ccb0ce02bb833773ce13b4,malignant(1422)
gdph_sysucc/malignant(1423),GDPH,1,auxiliary,GDPH/malignant(1423).png,42b4634d388500310bd43b9e9694050c55a015954f8ce06b9393fcc48390900d,malignant(1423)
gdph_sysucc/malignant(1424),GDPH,1,auxiliary,GDPH/malignant(1424).png,79cd68e3ea340b338b9ded00c2964b476355b2be12f37f38c087b7c51318cb4c,malignant(1424)
gdph_sysucc/malignant(1425),GDPH,1,auxiliary,GDPH/malignant(1425).png,73e010eac620f26c77c034294a8ce1a62921dcd6b45aa455dd847ecea7372946,malignant(1425)
gdph_sysucc/malignant(1426),GDPH,1,auxiliary,GDPH/malignant(1426).png,7833de68347649ad36d79eaee7b01938730c04475b01dd96c23ee7f92b08204d,malignant(1426)|malignant(1427)
gdph_sysucc/malignant(1428),GDPH,1,auxiliary,GDPH/malignant(1428).png,0b48aecace12d815727eb80c779455add9d777eb6c52869975ac32acaa8f6638,malignant(1428)
gdph_sysucc/malignant(1429),GDPH,1,auxiliary,GDPH/malignant(1429).png,84411a748b66c53c1b1b2af74d2fd383e84c75c3a75e7da04efa311a649de3ea,malignant(1429)
gdph_sysucc/malignant(143),SYSUCC,1,auxiliary,SYSUCC/malignant(143).png,fce63c9558834f553d641d39626dcbc21e4e596143c9d4ce32f7f0c2b4ad92da,malignant(143)
gdph_sysucc/malignant(1430),GDPH,1,auxiliary,GDPH/malignant(1430).png,53b270c13d8f7a0588f7d8fd684e4cd421b05cbac6e5e2a86a1f69cacf0748f0,malignant(1430)
gdph_sysucc/malignant(1431),GDPH,1,auxiliary,GDPH/malignant(1431).png,4d8deb9e4bdf02792bc365d223df65c711fcea62a660b2180e89cdbf497a05e8,malignant(1431)
gdph_sysucc/malignant(1432),GDPH,1,auxiliary,GDPH/malignant(1432).png,0397b91a20d2f6e7eda958bd000470072809375f12930e9ab26c36f1a18a7706,malignant(1432)
gdph_sysucc/malignant(1433),GDPH,1,auxiliary,GDPH/malignant(1433).png,8aa49c1be3c8d5a92b1b2f4d841699edc2c74af0de50c674831b39ab4dfc4abe,malignant(1433)
gdph_sysucc/malignant(1434),GDPH,1,auxiliary,GDPH/malignant(1434).png,b020350457fa9f6f3ec6fb67de2d70e6fa099b25a46ef16f4e0c126634f79d8a,malignant(1434)
gdph_sysucc/malignant(1435),GDPH,1,auxiliary,GDPH/malignant(1435).png,84df3cc43fd75a845a48f90d57952976a7b5f8de097f8c1112e7d7bc4ec9f31e,malignant(1435)
gdph_sysucc/malignant(1436),GDPH,1,auxiliary,GDPH/malignant(1436).png,28dc12e21e325140cfc9fb3327c1ae2139ea27d061534f5662f92d31461fc7a6,malignant(1436)
gdph_sysucc/malignant(1437),GDPH,1,auxiliary,GDPH/malignant(1437).png,05de0b6703c46ee3445f1f20cb6ba2a777bea623033eaf1535d6200eb26f8ac6,malignant(1437)
gdph_sysucc/malignant(1438),GDPH,1,auxiliary,GDPH/malignant(1438).png,306ef56db258fe0dbf0115d40148ea815a529eb5922e37ddb68538430730719e,malignant(1438)
gdph_sysucc/malignant(1439),GDPH,1,auxiliary,GDPH/malignant(1439).png,eddc92973450184b2490cf5dab368ff496195f54f8e5d415bc64715ab748cd77,malignant(1439)
gdph_sysucc/malignant(144),SYSUCC,1,auxiliary,SYSUCC/malignant(144).png,120dde3c4048af72c06b0ff2e9c791dab5cdae04b91cf7b6fc00dfa9718604a2,malignant(144)
gdph_sysucc/malignant(1440),GDPH,1,auxiliary,GDPH/malignant(1440).png,2091941152980ec8c254288993d796a8dc76215a92275c67c4a9baf0e68d98af,malignant(1440)
gdph_sysucc/malignant(1441),GDPH,1,auxiliary,GDPH/malignant(1441).png,544f5d8c54f661a93b1198ee4d656253ebbda8f468f4b3e0d20a5af1c630002c,malignant(1441)
gdph_sysucc/malignant(1442),GDPH,1,auxiliary,GDPH/malignant(1442).png,559f892dd965e13b9333ba420e23c0f6b40b1e646f8e10267938490909a02af9,malignant(1442)
gdph_sysucc/malignant(1443),GDPH,1,auxiliary,GDPH/malignant(1443).png,1803ef0ab26ec8c46c582da2382e03ffe95da05b33a6f02a18975fa33eb6b3fd,malignant(1443)
gdph_sysucc/malignant(1444),GDPH,1,auxiliary,GDPH/malignant(1444).png,0f30bb3e1ad80b6196bf70c868c7a30fa3084941844f65623afd90d7b6e902f8,malignant(1444)
gdph_sysucc/malignant(1445),GDPH,1,auxiliary,GDPH/malignant(1445).png,bb80e53fc4fba360c1e0e8530a7d5cff1890586479a1f162387cf7162bb54d17,malignant(1445)
gdph_sysucc/malignant(1446),GDPH,1,auxiliary,GDPH/malignant(1446).png,d9da3566a1fd74426719a501a6b6f5a68f1bdb6bea727838a6c2eea842860967,malignant(1446)
gdph_sysucc/malignant(1447),GDPH,1,auxiliary,GDPH/malignant(1447).png,d0ecd976e13e30772189adb0e3f969199f90c4e730023fdb1f1b47860e1156b3,malignant(1447)
gdph_sysucc/malignant(1448),GDPH,1,auxiliary,GDPH/malignant(1448).png,891f6edcb35c271c884ecc5ef3d8f4875cb53ff904ee8fa1e5aa840f9943f81b,malignant(1448)
gdph_sysucc/malignant(1449),GDPH,1,auxiliary,GDPH/malignant(1449).png,6bc41e7e35f61fd8530c8457ec53c5ce46520180e2674a3168416fda1a196de2,malignant(1449)
gdph_sysucc/malignant(145),SYSUCC,1,auxiliary,SYSUCC/malignant(145).png,704844c25fd4a3c368488e7daa46410f02c070db370963fb690345af763e77c6,malignant(145)
gdph_sysucc/malignant(1450),GDPH,1,auxiliary,GDPH/malignant(1450).png,60f6a81ea33cf76d3d2752ebb6914375c98a161c0a8e14ee727ea6ac89864e40,malignant(1450)
gdph_sysucc/malignant(1451),GDPH,1,auxiliary,GDPH/malignant(1451).png,535639dd9d144c984497abfa695dbe683a9d449f6d52a1d51132d506c9ef806a,malignant(1451)
gdph_sysucc/malignant(1452),GDPH,1,auxiliary,GDPH/malignant(1452).png,6a1a4c7e46a63392419f7a97bab6beb5e5d2b3630d3cf1c4418454f41fdd0f8e,malignant(1452)
gdph_sysucc/malignant(1453),GDPH,1,auxiliary,GDPH/malignant(1453).png,f45333abd938359678aaf5ec03e8ca4bf0fca9c79ed1cd631fa003570f9cfd12,malignant(1453)
gdph_sysucc/malignant(1454),GDPH,1,auxiliary,GDPH/malignant(1454).png,395f3a8fd677140578bdd0f6f324ed31758a81431bd880f95ad8d017eb40ee6d,malignant(1454)
gdph_sysucc/malignant(1455),GDPH,1,auxiliary,GDPH/malignant(1455).png,16f550c298ce5398831a7f3050bdaa8fec83cc418f56ef6d4f2d8282c11475af,malignant(1455)
gdph_sysucc/malignant(1456),GDPH,1,auxiliary,GDPH/malignant(1456).png,d06b454efe1be09a69a3b11c4d74763d3ab1ae78eea679473ec1c769bd2f8a3f,malignant(1456)
gdph_sysucc/malignant(1457),GDPH,1,auxiliary,GDPH/malignant(1457).png,8d2c5a453dce24718c77d0e701057e3a70e61051b17848670015ace714b7bc7e,malignant(1457)
gdph_sysucc/malignant(1458),GDPH,1,auxiliary,GDPH/malignant(1458).png,1dc153b68fc35e5a7ccbca16bb1f4aedaeded2c309f5c00246c105205a9a9379,malignant(1458)
gdph_sysucc/malignant(1459),GDPH,1,auxiliary,GDPH/malignant(1459).png,8243d784cb86f043c4f08ffc69acf8eb124a8d411b7d21bfa73ac24a0e946f9f,malignant(1459)
gdph_sysucc/malignant(146),SYSUCC,1,auxiliary,SYSUCC/malignant(146).png,60482694c1b2bf40fc0f5aab12a9616d52214e0489c0dc0d88cb79de3949f48f,malignant(146)
gdph_sysucc/malignant(1460),GDPH,1,auxiliary,GDPH/malignant(1460).png,5fdad98b0661622893c7139f0c8856f636f61227a2fe1884e08c08fe802131fc,malignant(1460)
gdph_sysucc/malignant(1461),GDPH,1,auxiliary,GDPH/malignant(1461).png,8f7c5f723dba4a3ac28561854b172f3f1d28975127d8c07aad5a586ca414f7b1,malignant(1461)
gdph_sysucc/malignant(1462),GDPH,1,auxiliary,GDPH/malignant(1462).png,41190e346a283840f7a5408347c9e30d874f8b66dc03d981d7fab9a66c42b2e8,malignant(1462)
gdph_sysucc/malignant(1463),GDPH,1,auxiliary,GDPH/malignant(1463).png,465a366aa6eafa9993617acd6e816834443536441b03602d904583a10a00c048,malignant(1463)
gdph_sysucc/malignant(1464),GDPH,1,auxiliary,GDPH/malignant(1464).png,922a11502fd630192a0a424da5921cb445433f8446bcff6ad987b95617b301ae,malignant(1464)
gdph_sysucc/malignant(1465),GDPH,1,auxiliary,GDPH/malignant(1465).png,b03d83393a91389c61dc0640e3775c93f2130e87c5ac702a3da912ff5736cde2,malignant(1465)
gdph_sysucc/malignant(1466),GDPH,1,auxiliary,GDPH/malignant(1466).png,ce32cf7ee972c66764c8b97748d932080513fecb34b193a4bb153fa3f1b9b061,malignant(1466)
gdph_sysucc/malignant(1467),GDPH,1,auxiliary,GDPH/malignant(1467).png,50f4564e4ee42f08ccbbea597100cd536362f3838306108b138ba4558d712aff,malignant(1467)
gdph_sysucc/malignant(1468),GDPH,1,auxiliary,GDPH/malignant(1468).png,ae732ae7d222191469a399160174a02db7ab6055b7e193f68b82c01a80461669,malignant(1468)
gdph_sysucc/malignant(1469),GDPH,1,auxiliary,GDPH/malignant(1469).png,59fa9b2590b094342e5acda092cc545c4382c5182e4add21b94019806211d435,malignant(1469)
gdph_sysucc/malignant(147),SYSUCC,1,auxiliary,SYSUCC/malignant(147).png,f248c96dd67045dfc2b1b34895b82c7fea853a1d97dd8552edc5894e34493855,malignant(147)
gdph_sysucc/malignant(1470),GDPH,1,auxiliary,GDPH/malignant(1470).png,e6ef0761a20e668674a15276bd428ae6048162f92df1b83e0f9868f52c5d3a65,malignant(1470)
gdph_sysucc/malignant(1471),GDPH,1,auxiliary,GDPH/malignant(1471).png,175eaeeb5bd313907450ff10467e61bf02394ae4b3e09f206e5563d6195acaf3,malignant(1471)
gdph_sysucc/malignant(1472),GDPH,1,auxiliary,GDPH/malignant(1472).png,c48bcea04dbcec3a4aa7e9612e5b3b5a52cb2e9f580199eb2ac948e385287a6b,malignant(1472)
gdph_sysucc/malignant(1473),GDPH,1,auxiliary,GDPH/malignant(1473).png,d71bfb04a371ef1b63a4818041b98ac4105adb390a06e67e276424a37873024d,malignant(1473)
gdph_sysucc/malignant(1474),GDPH,1,auxiliary,GDPH/malignant(1474).png,3ec1ac4e6d43c1d22f1890492e640b35b6a7636f6fa6145ffa6f549f86931080,malignant(1474)
gdph_sysucc/malignant(1475),GDPH,1,auxiliary,GDPH/malignant(1475).png,6b2ab7679bfd9f0f750039cd0140592244819ab543548c9f7556544dbfe27196,malignant(1475)
gdph_sysucc/malignant(1476),GDPH,1,auxiliary,GDPH/malignant(1476).png,e2743e5da3f8bb4b1cbaab98c2ed3fe7e0b511b9278720db6be6fada0590fcc1,malignant(1476)
gdph_sysucc/malignant(1477),GDPH,1,auxiliary,GDPH/malignant(1477).png,f9ff2e78dd7e221bcfb64204317ed36efa2efc8cc2b269de12691e7752edacda,malignant(1477)
gdph_sysucc/malignant(1478),GDPH,1,auxiliary,GDPH/malignant(1478).png,3cb24a72e611f7f713997e2d59437a80f4dc515dbe3bb01cdf12568979cd888b,malignant(1478)
gdph_sysucc/malignant(1479),GDPH,1,auxiliary,GDPH/malignant(1479).png,04218ff52f0cbec304d0fa8e3ce1c08d8e34d99a47b9df1ada605753fe6158ee,malignant(1479)
gdph_sysucc/malignant(148),SYSUCC,1,auxiliary,SYSUCC/malignant(148).png,4e133c20b809dc2ec09b292f717e4a406fa2e9c5570370e6cc7c9f6eefb6ac22,malignant(148)
gdph_sysucc/malignant(1480),GDPH,1,auxiliary,GDPH/malignant(1480).png,8fe0793cda1ca75e5ec5aeb9ae2a4adcfb455a0f7eff8289e772d4d527433f62,malignant(1480)
gdph_sysucc/malignant(1481),GDPH,1,auxiliary,GDPH/malignant(1481).png,00a5aaebeae7e356ebfcbc2a0f8fc052e0571985430e9162e6402073d2fdd347,malignant(1481)
gdph_sysucc/malignant(1482),GDPH,1,auxiliary,GDPH/malignant(1482).png,fde8fdfd3edf1618cff27c69bacd99b1978bed616df1e451e6e59795418dab24,malignant(1482)
gdph_sysucc/malignant(1483),GDPH,1,auxiliary,GDPH/malignant(1483).png,c47f70b7c155d1d82bf746a7127c4fb57235ef9b42a0d2ff027b867ba3467c5d,malignant(1483)
gdph_sysucc/malignant(1484),GDPH,1,auxiliary,GDPH/malignant(1484).png,c86161b188c8d0adc20c64c5fa00449cb08e83553afabad985e72819e34d4f8c,malignant(1484)
gdph_sysucc/malignant(1485),GDPH,1,auxiliary,GDPH/malignant(1485).png,7c1157c751253f08d1b8fded70153fe78a2c1d79bbdef87eb412f804dc80a44d,malignant(1485)
gdph_sysucc/malignant(1486),GDPH,1,auxiliary,GDPH/malignant(1486).png,e9ecd7cd97c4ff792f939395e8a2ba05e0d5e04c26bf6ca9d7d6b1674e7fd3fc,malignant(1486)
gdph_sysucc/malignant(1487),GDPH,1,auxiliary,GDPH/malignant(1487).png,502c1e6193492875fe09ef72a1f2712e71d4e8206d85a66922c9d685da4d5f67,malignant(1487)
gdph_sysucc/malignant(1488),GDPH,1,auxiliary,GDPH/malignant(1488).png,37a8aad64a7fbdd97797dc2be972ebfc94a0e7141aa2c57c87aadb4b93830d51,malignant(1488)
gdph_sysucc/malignant(1489),GDPH,1,auxiliary,GDPH/malignant(1489).png,f8b877abbba1458d016b512e580cfb25c3acce77fb5bc15b014f436eb731a33d,malignant(1489)
gdph_sysucc/malignant(149),SYSUCC,1,auxiliary,SYSUCC/malignant(149).png,4f6e4657039c71228e21a539ab1cbd8e502b304425c22e2d85526d3a5905158e,malignant(149)
gdph_sysucc/malignant(1490),GDPH,1,auxiliary,GDPH/malignant(1490).png,dd9c483bf0952eb91e297d6c9631976270afa20fa2000129c226902c101a99b4,malignant(1490)
gdph_sysucc/malignant(1491),GDPH,1,auxiliary,GDPH/malignant(1491).png,d4969a60877b4188a16f304d8950a21a6491a432ae0e2a2e05ac04f2fc164d3a,malignant(1491)
gdph_sysucc/malignant(1492),GDPH,1,auxiliary,GDPH/malignant(1492).png,8955ffaa8bae9915c7da903e18e9d0fe88391d070c33228a0a3376f8fd35e211,malignant(1492)
gdph_sysucc/malignant(1493),GDPH,1,auxiliary,GDPH/malignant(1493).png,3e2fcf9ccbe5fe355cc6396ee547c01dfafdc5b615929b5ef62cd469c0891ad8,malignant(1493)
gdph_sysucc/malignant(1494),GDPH,1,auxiliary,GDPH/malignant(1494).png,0492d4af46ccd0ff08dfc63d8a4ec11753da8cc4b52b878232b42ecac1cff030,malignant(1494)
gdph_sysucc/malignant(1495),GDPH,1,auxiliary,GDPH/malignant(1495).png,85bfaf2ef145219eb894e8291b554e5425fa2411b02b8cfc581bab4b785174f9,malignant(1495)
gdph_sysucc/malignant(1496),GDPH,1,auxiliary,GDPH/malignant(1496).png,da9f42447c13113eb054711cf0ce01c6d4623dba182458cd6fa2c55d7d1f80e8,malignant(1496)
gdph_sysucc/malignant(1497),GDPH,1,auxiliary,GDPH/malignant(1497).png,fb6f362b46811376d13fcbcdb7f3cae13bc81e34d8d0947c59e4a4677dcdf29d,malignant(1497)
gdph_sysucc/malignant(1498),GDPH,1,auxiliary,GDPH/malignant(1498).png,454cc9e89ee48e5dfd57d080ea35b5e4215b3ed04611dcb0bd483227d4832c75,malignant(1498)
gdph_sysucc/malignant(1499),GDPH,1,auxiliary,GDPH/malignant(1499).png,0ce14464a404b43dec53a7b6c6f8ab78b17d57b68c25dde4450836e33e73a08c,malignant(1499)
gdph_sysucc/malignant(15),SYSUCC,1,auxiliary,SYSUCC/malignant(15).png,d2d2d72a19d28f03ca134e41c7e747601951371ad8583b9810208937fb630c24,malignant(15)
gdph_sysucc/malignant(150),SYSUCC,1,auxiliary,SYSUCC/malignant(150).png,8847ed1e8f54b186a492b55baaee6c75e7e37023c7687cc305f74745a8de248b,malignant(150)
gdph_sysucc/malignant(1500),GDPH,1,auxiliary,GDPH/malignant(1500).png,7ce8fbdb852f8ab949a4cf20b7f9a32813d6d36f6903ee232b70bd3857d0510d,malignant(1500)
gdph_sysucc/malignant(1501),GDPH,1,auxiliary,GDPH/malignant(1501).png,606120737fc768a6e340c7e9868cc3288cfd524b4171459257ec3ee15d5dd26d,malignant(1501)
gdph_sysucc/malignant(1502),GDPH,1,auxiliary,GDPH/malignant(1502).png,6485fcc1a44a7a684484012560f468217c6a2ada979780bb395a50f3eb629f22,malignant(1502)
gdph_sysucc/malignant(1503),GDPH,1,auxiliary,GDPH/malignant(1503).png,cfcd2360a12427fb42a09e3fe9e5e563918536c89559b4d2de8387f03e410b07,malignant(1503)
gdph_sysucc/malignant(1504),GDPH,1,auxiliary,GDPH/malignant(1504).png,36d6933762bbd82e3811cd94183e1f915a60cf0681313de052ac260ccd7ba5ac,malignant(1504)
gdph_sysucc/malignant(1505),GDPH,1,auxiliary,GDPH/malignant(1505).png,e4f1b04fa9dbeecce61dda3f56511b90b327b217369d35bec60b707c3c75265d,malignant(1505)
gdph_sysucc/malignant(1506),GDPH,1,auxiliary,GDPH/malignant(1506).png,5b08399a52a37c1388dfe6f5cf21db416bd247c26ede4e095f3822357ee6c35d,malignant(1506)
gdph_sysucc/malignant(1507),GDPH,1,auxiliary,GDPH/malignant(1507).png,c1e8cc3bfd9c49eda202fcc9df6202f0a6596a3e8e9e844ab3497c8449f7fc57,malignant(1507)
gdph_sysucc/malignant(1508),GDPH,1,auxiliary,GDPH/malignant(1508).png,e4d43872ac43c4a0f47dbfc4bf8d25af555a5951a90d397668f1bf160195f49a,malignant(1508)
gdph_sysucc/malignant(1509),GDPH,1,auxiliary,GDPH/malignant(1509).png,790f211a6f40ed8bacfa972586738c06db17eaecc1fff6ef8fa4923981ad4db6,malignant(1509)
gdph_sysucc/malignant(151),SYSUCC,1,auxiliary,SYSUCC/malignant(151).png,4ab8bbfb4e2f454ebd85822d902141891e1e36c84ee7e71d53edf43ab6874454,malignant(151)
gdph_sysucc/malignant(1510),GDPH,1,auxiliary,GDPH/malignant(1510).png,cc449d99b4b0ff0b97c7d5e028b3eb3cce3dedf8392a4894ffeed1fff3107269,malignant(1510)
gdph_sysucc/malignant(1511),GDPH,1,auxiliary,GDPH/malignant(1511).png,a0dc5a95d75fb30e6f4dd1953253f1047d227690a41fa5ab9c6e90f34bdacfbb,malignant(1511)
gdph_sysucc/malignant(1512),GDPH,1,auxiliary,GDPH/malignant(1512).png,19fdfc96c6d2bd211a4a1927a595410644c0cbe7c4faceda72fb345038ae53f8,malignant(1512)
gdph_sysucc/malignant(1513),GDPH,1,auxiliary,GDPH/malignant(1513).png,af6db4d1c71a69f112a9a518787325e082f9f9aac4a40c01ca431be93f54d151,malignant(1513)
gdph_sysucc/malignant(1514),GDPH,1,auxiliary,GDPH/malignant(1514).png,2d010125363d197414d5450dd0a8f90f236d55fc0c8305b60bae21c50a7d7929,malignant(1514)
gdph_sysucc/malignant(1515),GDPH,1,auxiliary,GDPH/malignant(1515).png,e993597d6706e94e4765400bc33dd414d91d2e0765e9186169219c9d6c9ddaeb,malignant(1515)
gdph_sysucc/malignant(1516),GDPH,1,auxiliary,GDPH/malignant(1516).png,a0f16ad880f417627542a9433383e2fded0b7094880dc46c6d023b443163508b,malignant(1516)
gdph_sysucc/malignant(1517),GDPH,1,auxiliary,GDPH/malignant(1517).png,ad8eceac19d2515f96dc7feed687abecc40f5ce9da098ceaa16e0060c02d170f,malignant(1517)
gdph_sysucc/malignant(1518),GDPH,1,auxiliary,GDPH/malignant(1518).png,abb91e2e5f9290c1183ef90298dbeca11db76a5fa409161d57cf82ba5bc28417,malignant(1518)
gdph_sysucc/malignant(152),SYSUCC,1,auxiliary,SYSUCC/malignant(152).png,d0ec6e1c0527a95f37ae4dcaa1da71af8d3656df922132b405d165c2934197be,malignant(152)
gdph_sysucc/malignant(153),SYSUCC,1,auxiliary,SYSUCC/malignant(153).png,0a80c8df67cffbba8fdc803c61d35366b6c9dab83dbdc57ea718b5b3be800087,malignant(153)
gdph_sysucc/malignant(154),SYSUCC,1,auxiliary,SYSUCC/malignant(154).png,ab8c7f6bf3718b1f9c40b3ab99d6b1b1ee9210de2100e42d3586a83f0c29e1f1,malignant(154)
gdph_sysucc/malignant(155),SYSUCC,1,auxiliary,SYSUCC/malignant(155).png,5acf5095474b39fb0ad5eaf667e381d02737d2005b0c82e4c1070bb4d57bf799,malignant(155)
gdph_sysucc/malignant(156),SYSUCC,1,auxiliary,SYSUCC/malignant(156).png,b905b9ad1f0e18df27523034b2dab0172aabd55ad4612a61dca6dc5726f3bf17,malignant(156)
gdph_sysucc/malignant(157),SYSUCC,1,auxiliary,SYSUCC/malignant(157).png,1835403c70f74edb5221426315172833076524bb6afb97204dc22f997d538450,malignant(157)
gdph_sysucc/malignant(158),SYSUCC,1,auxiliary,SYSUCC/malignant(158).png,7b8384012d859d4ae151dcb1f20baecb2922ce73c63f38d8f5e345f0ca7967b3,malignant(158)
gdph_sysucc/malignant(159),SYSUCC,1,auxiliary,SYSUCC/malignant(159).png,fa5e2e40ede063a316399981c3dd5c79f01b6c487e5b033594bfb50de411b370,malignant(159)
gdph_sysucc/malignant(16),SYSUCC,1,auxiliary,SYSUCC/malignant(16).png,cd1bcc79e674f55513dd41bd6b619768b460ece0f29caede7350dc72e7e88e91,malignant(16)
gdph_sysucc/malignant(160),SYSUCC,1,auxiliary,SYSUCC/malignant(160).png,b9715d0e9966c5bdba39ad04d080f1ac036708bb9821c67f7e55142f95ba3d07,malignant(160)
gdph_sysucc/malignant(161),SYSUCC,1,auxiliary,SYSUCC/malignant(161).png,506717570d1ce7c6c6987eb22991218ba4354e4b13f8d0505d9947a7920505bc,malignant(161)
gdph_sysucc/malignant(162),SYSUCC,1,auxiliary,SYSUCC/malignant(162).png,059d495409d34fe84da67df2a453437badfe916bd781506a61f102b7bf894315,malignant(162)
gdph_sysucc/malignant(163),SYSUCC,1,auxiliary,SYSUCC/malignant(163).png,c547d669375c4a0b3bc42d52ede5312a8578c5f49f0d7ee3e07ce62fabfaaf15,malignant(163)
gdph_sysucc/malignant(164),SYSUCC,1,auxiliary,SYSUCC/malignant(164).png,f62121c70b5d0989197c36e4ce953fda3ce2f958b274da19411bbf8242cabac4,malignant(164)
gdph_sysucc/malignant(165),SYSUCC,1,auxiliary,SYSUCC/malignant(165).png,ea06de92195e2c0ad7add2e2ab707a22aacd9eef81992bc72e99d80ffe43e526,malignant(165)
gdph_sysucc/malignant(166),SYSUCC,1,auxiliary,SYSUCC/malignant(166).png,4f32e6bf693d9ef37567a89846b6fd88fce1c813edc7246a9d2a74e9e46cf2e5,malignant(166)
gdph_sysucc/malignant(167),SYSUCC,1,auxiliary,SYSUCC/malignant(167).png,7293b952c648f911a6cf1f06f8f26b1e582f0a202a45bfb0587da70e4ab1fcac,malignant(167)
gdph_sysucc/malignant(168),SYSUCC,1,auxiliary,SYSUCC/malignant(168).png,01a9ac3b347784e168cf56d56d2e5b3bb03547afb7bb6b84d8238e64d6f0a4f2,malignant(168)
gdph_sysucc/malignant(169),SYSUCC,1,auxiliary,SYSUCC/malignant(169).png,2bbcd1931a954fbf0f755a7884907b2d7d61dd95c9634d2f35ec36f3259303db,malignant(169)
gdph_sysucc/malignant(17),SYSUCC,1,auxiliary,SYSUCC/malignant(17).png,bc152dc265928c88022fcf71f10e9fef195716dc4eeb11afc837cbd37054d508,malignant(17)
gdph_sysucc/malignant(170),SYSUCC,1,auxiliary,SYSUCC/malignant(170).png,96a872c62d4038b3bb46cb82395b969c14bf532621acd8f9e8f17c1f69f98927,malignant(170)
gdph_sysucc/malignant(171),SYSUCC,1,auxiliary,SYSUCC/malignant(171).png,7e332266b3bd943a0bc2e7ff7581f9852dd079696dbecd1b0d4ffe2f857fdbc6,malignant(171)
gdph_sysucc/malignant(172),SYSUCC,1,auxiliary,SYSUCC/malignant(172).png,07d0bdb7c17149859cfd2edadfbf778b185d5cdefa5020971ff08b5d26c17166,malignant(172)
gdph_sysucc/malignant(173),SYSUCC,1,auxiliary,SYSUCC/malignant(173).png,49a36c71e42de65eba9a24f686a70fd79f12cc0e642c36d6383a80986ec55c7e,malignant(173)
gdph_sysucc/malignant(174),SYSUCC,1,auxiliary,SYSUCC/malignant(174).png,dc4ba86b0e5f50524364e807a69137fbda63da12c29d3a3d79ec4a3ac743830a,malignant(174)
gdph_sysucc/malignant(175),SYSUCC,1,auxiliary,SYSUCC/malignant(175).png,e4c6cb54fd6807b6e112313440a2abddf7723b062fd5e4ea1f0fa4315a1c2140,malignant(175)
gdph_sysucc/malignant(176),SYSUCC,1,auxiliary,SYSUCC/malignant(176).png,3fc698227b58504595a291bdf972990c892f3a53b3485a24d6bd30659871f695,malignant(176)
gdph_sysucc/malignant(177),SYSUCC,1,auxiliary,SYSUCC/malignant(177).png,e90533741a0f95c01e788c513299230fbfc53545db185dbf5e70f4f3bea8138c,malignant(177)
gdph_sysucc/malignant(178),SYSUCC,1,auxiliary,SYSUCC/malignant(178).png,38aabc30ce27a8afcafd61ff17bb241eeb8b5c037c1aa1309427a22f03524b83,malignant(178)
gdph_sysucc/malignant(179),SYSUCC,1,auxiliary,SYSUCC/malignant(179).png,9d9fbf959c764be615cd648e4750a9b7f7baaf6d4efcd01c4056ba02a46ccb28,malignant(179)
gdph_sysucc/malignant(18),SYSUCC,1,auxiliary,SYSUCC/malignant(18).png,ec82924d79bf6ab531455d34ddc86478df709aa1aa165230c9671eed0f1c53ef,malignant(18)
gdph_sysucc/malignant(180),SYSUCC,1,auxiliary,SYSUCC/malignant(180).png,fe3498aa3571bf61cbfc8b6215bb1028e07a599c272f06cf31709ae0c9f818a2,malignant(180)
gdph_sysucc/malignant(181),SYSUCC,1,auxiliary,SYSUCC/malignant(181).png,4bce8069905827b79003cf4597a38fa769d1a38fe99873411d28d6758971c6ea,malignant(181)
gdph_sysucc/malignant(182),SYSUCC,1,auxiliary,SYSUCC/malignant(182).png,81bf831022cdb3491188240e603c5dd8dc2db00f21d7241efe5b283e5f0a9b52,malignant(182)
gdph_sysucc/malignant(183),SYSUCC,1,auxiliary,SYSUCC/malignant(183).png,d37aaa74492c6de6936d85b7e88854685f397e31f38803087af2dd693a030ce2,malignant(183)
gdph_sysucc/malignant(184),SYSUCC,1,auxiliary,SYSUCC/malignant(184).png,3405c5ddaffc537459a4e272dcea41ce6dd06965fd06a42416438c68743475fd,malignant(184)
gdph_sysucc/malignant(185),SYSUCC,1,auxiliary,SYSUCC/malignant(185).png,a572928e833952d4d6ef8b83d9ea8162c09844666a2ad49c5646ffe85035e067,malignant(185)
gdph_sysucc/malignant(186),SYSUCC,1,auxiliary,SYSUCC/malignant(186).png,d8afbadb060503bdfe53716fdccaa803024ff5e76a13cce1d63c6b1aa9ad1c8a,malignant(186)
gdph_sysucc/malignant(187),SYSUCC,1,auxiliary,SYSUCC/malignant(187).png,34e1fbbf2ed6ca42812054b06d8cc58e0989d2f995a7f3face55e566880cc1a4,malignant(187)
gdph_sysucc/malignant(188),SYSUCC,1,auxiliary,SYSUCC/malignant(188).png,a797e66de284623f4d78cee1a49f8f61e05b0ca647f97d10e138668bb2a7e4e8,malignant(188)
gdph_sysucc/malignant(189),SYSUCC,1,auxiliary,SYSUCC/malignant(189).png,bd17153850a24c7e85f0ed506866db66200f6f995c4af5a1fffd313bf535a583,malignant(189)
gdph_sysucc/malignant(19),SYSUCC,1,auxiliary,SYSUCC/malignant(19).png,eab67d1090683d06a7cabbc8300d238d31e6d2fd129c9d6429a2afc544d4b26d,malignant(19)
gdph_sysucc/malignant(190),SYSUCC,1,auxiliary,SYSUCC/malignant(190).png,f4c979785f180f9bf36f259ade2227aa549644f37bfe0622c169439e76ec3bb8,malignant(190)
gdph_sysucc/malignant(191),SYSUCC,1,auxiliary,SYSUCC/malignant(191).png,2256fc27bebcdde19398bc2df5ebe67ac325d5fbb5e1374a5626a9bc0636292b,malignant(191)
gdph_sysucc/malignant(192),SYSUCC,1,auxiliary,SYSUCC/malignant(192).png,118a047a0a395b8ad023fc506a3b40b72d8976e466a42126bb6a06dae1ab5340,malignant(192)
gdph_sysucc/malignant(193),SYSUCC,1,auxiliary,SYSUCC/malignant(193).png,a396ee249ec6b1d0a22b2314d4f6d7309b53b1f58c152683950dd4a31ec66914,malignant(193)
gdph_sysucc/malignant(194),SYSUCC,1,auxiliary,SYSUCC/malignant(194).png,861e8ab4a03c608d3a8e8528d98a9bf92e82478e0652457fe8377e0cfb5a7d46,malignant(194)
gdph_sysucc/malignant(195),SYSUCC,1,auxiliary,SYSUCC/malignant(195).png,3b74ad1e67180633f7580d088a55d2cfc759eb68a2e926ed783a3946689c22ec,malignant(195)
gdph_sysucc/malignant(196),SYSUCC,1,auxiliary,SYSUCC/malignant(196).png,4db1a05f744068ded5ab7463eba3daf07653166477931b0e12a1699206497f7a,malignant(196)
gdph_sysucc/malignant(197),SYSUCC,1,auxiliary,SYSUCC/malignant(197).png,422c2e429dcceded7b4f059b661225d407a199793c70e42bc19c16f9e54f783b,malignant(197)
gdph_sysucc/malignant(198),SYSUCC,1,auxiliary,SYSUCC/malignant(198).png,b538e58b265be0f999e1ed654aee273313630a3f8b61e163f6c5773c78428148,malignant(198)
gdph_sysucc/malignant(199),SYSUCC,1,auxiliary,SYSUCC/malignant(199).png,1845e882a3b207df73a14493766677a0b703f8dc837fca636a6ba1c1a4d523d9,malignant(199)
gdph_sysucc/malignant(2),SYSUCC,1,auxiliary,SYSUCC/malignant(2).png,d9bd7f7e3138530e3b8286cd4ffd4a10b6143406f6e0d29ca4b8d91fba25df1a,malignant(2)
gdph_sysucc/malignant(20),SYSUCC,1,auxiliary,SYSUCC/malignant(20).png,ea3c7306380cfad37251334f17e63b6f7a6d81dd2ffb7f2c651bdb8b2adafc18,malignant(20)
gdph_sysucc/malignant(200),SYSUCC,1,auxiliary,SYSUCC/malignant(200).png,662031149a1c6bf9995025d89cd78365779d2e6c9bc3bf386b69316c2a7e9cd5,malignant(200)
gdph_sysucc/malignant(201),SYSUCC,1,auxiliary,SYSUCC/malignant(201).png,7f97d050fc1695f18535850be2e4dbad774515a30811f4b9193c75be100c735d,malignant(201)
gdph_sysucc/malignant(202),SYSUCC,1,auxiliary,SYSUCC/malignant(202).png,eab41901a2983ca2d01b35172b2e8ac1b7121cb2e254e61079ebf128b64c740d,malignant(202)
gdph_sysucc/malignant(203),SYSUCC,1,auxiliary,SYSUCC/malignant(203).png,8ced4a67e924b4fef002ac6ba380ec8e6e7e181611e45a8bf8d9d0d9cb08416f,malignant(203)
gdph_sysucc/malignant(204),SYSUCC,1,auxiliary,SYSUCC/malignant(204).png,b556ac64652ff557cd83b2bc2385656b0fd27290a10b6aefedbb389361f32216,malignant(204)
gdph_sysucc/malignant(205),SYSUCC,1,auxiliary,SYSUCC/malignant(205).png,29b5ebf24dd7972545248303503cc6a4c7856b1335b2de964b3c83d4c9338bf9,malignant(205)
gdph_sysucc/malignant(206),SYSUCC,1,auxiliary,SYSUCC/malignant(206).png,0db6b5ca68d74fadab76c075d31227ca229fd2d3d5ed3b65b26ec57964f792e2,malignant(206)
gdph_sysucc/malignant(207),SYSUCC,1,auxiliary,SYSUCC/malignant(207).png,c4a2da0ad9d7e3d7715bf9a45b2a13309fc7fefa6b41d43e6b16c2d64a2618b3,malignant(207)
gdph_sysucc/malignant(208),SYSUCC,1,auxiliary,SYSUCC/malignant(208).png,d62b112424c3df69b082ab216a07595b706dfd4a40ebec98feba19cc419dc726,malignant(208)
gdph_sysucc/malignant(209),SYSUCC,1,auxiliary,SYSUCC/malignant(209).png,b3fb37e60b64986dd0951411de7237882ac5505fda19beb3e3464ccff2ff55f2,malignant(209)
gdph_sysucc/malignant(21),SYSUCC,1,auxiliary,SYSUCC/malignant(21).png,861cf57488ee212c01adff79c7465789f6265f608156a5cbf6cfdd81eb892e10,malignant(21)
gdph_sysucc/malignant(210),SYSUCC,1,auxiliary,SYSUCC/malignant(210).png,f59c41f66108236e657d754d8218976a6c909f6e8e5a53b99adcfab648d8c765,malignant(210)
gdph_sysucc/malignant(211),SYSUCC,1,auxiliary,SYSUCC/malignant(211).png,28f896a1bebf3ea935df5398fd92e2675f9b71640837c6ce0e6bb500ee3d63c5,malignant(211)
gdph_sysucc/malignant(212),SYSUCC,1,auxiliary,SYSUCC/malignant(212).png,16dde9379cce785add3a079b77948e576eed5ddb4ece7bf1db8a07068e06e3c1,malignant(212)
gdph_sysucc/malignant(213),SYSUCC,1,auxiliary,SYSUCC/malignant(213).png,fe448967b39b5ae873b770931f07ff00f842345efee0f51800c8445e70d46a1c,malignant(213)
gdph_sysucc/malignant(214),SYSUCC,1,auxiliary,SYSUCC/malignant(214).png,911c9a8dd4907d205acb45059a7f79878bd6a42fdfcbd713d4f8b3e9334eef58,malignant(214)
gdph_sysucc/malignant(215),SYSUCC,1,auxiliary,SYSUCC/malignant(215).png,eb69873dc3ef186520c7a3150a66463be9e186e43283eead7d13d61c6b5cf8a2,malignant(215)
gdph_sysucc/malignant(216),SYSUCC,1,auxiliary,SYSUCC/malignant(216).png,70fb8a40d743bf59228dae7a38ea6952e2184a0494d5c14fe99f88193fa7b80a,malignant(216)
gdph_sysucc/malignant(217),SYSUCC,1,auxiliary,SYSUCC/malignant(217).png,6e853d3aece7276cbc2dc3afc090b72c89a1305468ffe64c06f0481c9f66a356,malignant(217)
gdph_sysucc/malignant(218),SYSUCC,1,auxiliary,SYSUCC/malignant(218).png,1f0e87b98cf560b8ef34262521bc93fc992911aeea857b88639d033a41150eeb,malignant(218)
gdph_sysucc/malignant(219),SYSUCC,1,auxiliary,SYSUCC/malignant(219).png,7cb8e5eee5f71cb0ddb2888f9827d69e8d02192115be50f1342f938cedc4de0a,malignant(219)
gdph_sysucc/malignant(22),SYSUCC,1,auxiliary,SYSUCC/malignant(22).png,1f4069701ffb0c033b5905375589cb54266167d3ef89109e7df0f8ce5e180bd7,malignant(22)
gdph_sysucc/malignant(220),SYSUCC,1,auxiliary,SYSUCC/malignant(220).png,7600ee39bac69e5258d234dce754f106377a27c7ef74362861cd803bcce5e17f,malignant(220)
gdph_sysucc/malignant(221),SYSUCC,1,auxiliary,SYSUCC/malignant(221).png,020099b33fd5b73f998f3d517b2a4f99827920b056b87506e4c2f7a871c3c90f,malignant(221)
gdph_sysucc/malignant(222),SYSUCC,1,auxiliary,SYSUCC/malignant(222).png,7f2fbae38eb955d7f3be2819ceca23a0091d8a522b46d809c7e5724b1d78865d,malignant(222)
gdph_sysucc/malignant(223),SYSUCC,1,auxiliary,SYSUCC/malignant(223).png,55579e925fa7d349ee448cd55445ff0923ae42fac6556314a7c6493405c067ce,malignant(223)
gdph_sysucc/malignant(224),SYSUCC,1,auxiliary,SYSUCC/malignant(224).png,483f0d9a6c6e90fecb2e51c25110395b87dbe7424a0a4535ebafcefc712a6d3c,malignant(224)
gdph_sysucc/malignant(225),SYSUCC,1,auxiliary,SYSUCC/malignant(225).png,d9b075b7b689fc8b0466d3728fb6ace6d969808d3ab2ca25c4dd4acb3dd67c33,malignant(225)
gdph_sysucc/malignant(226),SYSUCC,1,auxiliary,SYSUCC/malignant(226).png,a03856ba4b123245fd715a28fee9a30cb3169ce746700877fc421e7a3207d5fc,malignant(226)
gdph_sysucc/malignant(227),SYSUCC,1,auxiliary,SYSUCC/malignant(227).png,a7a13e3ab7f033c3ada6c154052a689fa2da6a1a9f533b01dbaf59e293fa8650,malignant(227)
gdph_sysucc/malignant(228),SYSUCC,1,auxiliary,SYSUCC/malignant(228).png,8cf43af58daf5ae694ecf9c9c18fd373a9269953e6f5ac860c0dc5e40c622ca8,malignant(228)
gdph_sysucc/malignant(229),SYSUCC,1,auxiliary,SYSUCC/malignant(229).png,e2ce18c5184f297c6289d012eb2883a769ba8d389d4c0a19f5b653363a6a389a,malignant(229)
gdph_sysucc/malignant(23),SYSUCC,1,auxiliary,SYSUCC/malignant(23).png,a239f2bf37c16db380f2816c5b305bf6b822bbe288f938bddc5f17196cce4c71,malignant(23)
gdph_sysucc/malignant(230),SYSUCC,1,auxiliary,SYSUCC/malignant(230).png,93d7c88bcfac2663c6e45bdf441e075f2412e2bd90133015ed429a91424d1c53,malignant(230)
gdph_sysucc/malignant(231),SYSUCC,1,auxiliary,SYSUCC/malignant(231).png,c24a286a0f6e4851de140c7f543f2c3d18add928ca13207c577121109ac6fa99,malignant(231)
gdph_sysucc/malignant(232),SYSUCC,1,auxiliary,SYSUCC/malignant(232).png,beb60d1767b9e2830a2fbda6e515d964c4a1918f63e97211ee7f9f7054ac3e92,malignant(232)
gdph_sysucc/malignant(233),SYSUCC,1,auxiliary,SYSUCC/malignant(233).png,b812e96966460888d8cbcf2ee252fb9078df7c6828d6fabe184a1d98e5034a21,malignant(233)
gdph_sysucc/malignant(234),SYSUCC,1,auxiliary,SYSUCC/malignant(234).png,2d21827f4e5233b2643ec335f6cb50868eee76c548b4d4d299a49925e4bb9bbb,malignant(234)
gdph_sysucc/malignant(235),SYSUCC,1,auxiliary,SYSUCC/malignant(235).png,82d570b5a9626ed4483fc5e36731f037e67815a4d0324d31309f11b6a37e7045,malignant(235)
gdph_sysucc/malignant(236),SYSUCC,1,auxiliary,SYSUCC/malignant(236).png,fcfe5abe6165685dbf8a4bf18b95141d3b54b7157477748606720b959770c329,malignant(236)
gdph_sysucc/malignant(237),SYSUCC,1,auxiliary,SYSUCC/malignant(237).png,4b5f2cafcf7f617af47fffa3f3f110da9cf0bbc16ea35298bb5352a8d982f2e1,malignant(237)
gdph_sysucc/malignant(238),SYSUCC,1,auxiliary,SYSUCC/malignant(238).png,f39f4ba0089e935014a4c8a687eae87de89fe023e685e66030f7f81f767e8dba,malignant(238)
gdph_sysucc/malignant(239),SYSUCC,1,auxiliary,SYSUCC/malignant(239).png,dfa1c549272114461e8c5771ad620c16ef1f77a2fd549d44fdc671cfb9e67fae,malignant(239)
gdph_sysucc/malignant(24),SYSUCC,1,auxiliary,SYSUCC/malignant(24).png,bfc94ad8fd23b5c5eb36d6710e5a7806755174f777f693ba16782b0d78d2efb8,malignant(24)
gdph_sysucc/malignant(240),SYSUCC,1,auxiliary,SYSUCC/malignant(240).png,da00dc857b77980201ec9980a2117bffbe1004a89a2a133c690de61d306a0f4e,malignant(240)
gdph_sysucc/malignant(241),SYSUCC,1,auxiliary,SYSUCC/malignant(241).png,276f81a4822be9b15bcf8781928c5f440e5e0ba3fdbd1fe792727c2e82c8cb76,malignant(241)
gdph_sysucc/malignant(242),SYSUCC,1,auxiliary,SYSUCC/malignant(242).png,29b6dbfad31db3f7c8ee55d381924952874dfe01056c431b176672128f378658,malignant(242)
gdph_sysucc/malignant(243),SYSUCC,1,auxiliary,SYSUCC/malignant(243).png,22c555f8bb915a39622e6834ac439352fcc1fc72ebd9ebbc8c0a1d46aec66140,malignant(243)
gdph_sysucc/malignant(244),SYSUCC,1,auxiliary,SYSUCC/malignant(244).png,f6789e660bec7d7f93a8bc31042a9cd3c82bd4bfbe768701e8bfe60dacec2e6d,malignant(244)
gdph_sysucc/malignant(245),SYSUCC,1,auxiliary,SYSUCC/malignant(245).png,c79c8f8a07a957626b4b39ef596592e6414f5d298bc5a9700ed7c26404640c61,malignant(245)|malignant(247)
gdph_sysucc/malignant(246),SYSUCC,1,auxiliary,SYSUCC/malignant(246).png,a9134376ac147bcfeabfe259bf325b903fca10cb8473dc84a5ab6a1f7d64daae,malignant(246)
gdph_sysucc/malignant(248),SYSUCC,1,auxiliary,SYSUCC/malignant(248).png,532f498eafa71b6091dbbe4596bd53beea998c667dc6fac087222566d67733c3,malignant(248)
gdph_sysucc/malignant(249),SYSUCC,1,auxiliary,SYSUCC/malignant(249).png,4d92bffb12cd74cfbf0ef35ec398b5260699e53dabbc905ec4d9453366effe69,malignant(249)
gdph_sysucc/malignant(25),SYSUCC,1,auxiliary,SYSUCC/malignant(25).png,dd8bbcf4a529591d73e2ddc425df3f223ff2932b889715d1dd30387030074d8e,malignant(25)
gdph_sysucc/malignant(250),SYSUCC,1,auxiliary,SYSUCC/malignant(250).png,77f6d9ebb4393202c42cb213a017f5c3830971e7f3811686de3229784ba3c3af,malignant(250)
gdph_sysucc/malignant(251),SYSUCC,1,auxiliary,SYSUCC/malignant(251).png,192f5a5d296f31b1d2ad7a9f3dc46a329da3e64f1f248b21e4c566ce75317458,malignant(251)
gdph_sysucc/malignant(252),SYSUCC,1,auxiliary,SYSUCC/malignant(252).png,8461eb32cc7354290ed399fe2187fbf61a6bc4c6cd762ad965f15f7ba6fa0b7e,malignant(252)
gdph_sysucc/malignant(253),SYSUCC,1,auxiliary,SYSUCC/malignant(253).png,49550bee59085eacd98d6000a7c2523f68da33f38afff0a52fa082187681406e,malignant(253)
gdph_sysucc/malignant(254),SYSUCC,1,auxiliary,SYSUCC/malignant(254).png,1b293d3455172af3ea0ca4bb8160c73c9c84ed6a47174f02b910252544f20903,malignant(254)
gdph_sysucc/malignant(255),SYSUCC,1,auxiliary,SYSUCC/malignant(255).png,e3cfa2bba7d196672409f9dd4ccf4c28f321b966ad4e6f37041c52cafd3cc19c,malignant(255)
gdph_sysucc/malignant(256),SYSUCC,1,auxiliary,SYSUCC/malignant(256).png,1477f579683901500777fcdc951129482327ba02a3ccd00b2c9531f3461e19c0,malignant(256)
gdph_sysucc/malignant(257),SYSUCC,1,auxiliary,SYSUCC/malignant(257).png,b0f5a38639fc3dde0789374e97af0c072c18b845ab6d315735987d9f284ba56f,malignant(257)
gdph_sysucc/malignant(258),SYSUCC,1,auxiliary,SYSUCC/malignant(258).png,9a4b6415c70f76cec46aba9bea6aff737c44b5de4d93047d4ca861c6eb09b91c,malignant(258)
gdph_sysucc/malignant(259),SYSUCC,1,auxiliary,SYSUCC/malignant(259).png,46436c3ce164ac7b8f19b4229d167090ad9a9257d0b94d8f972b0141c7b7098a,malignant(259)
gdph_sysucc/malignant(26),SYSUCC,1,auxiliary,SYSUCC/malignant(26).png,a035530f8070e8167983c2ed5635c3be7db9c28f3749fa0fec0f709cb7210ddc,malignant(26)
gdph_sysucc/malignant(260),SYSUCC,1,auxiliary,SYSUCC/malignant(260).png,174decd6084834c19bf728a3907649c7d836f726d682c2c8882d47d2dff33d5e,malignant(260)
gdph_sysucc/malignant(261),SYSUCC,1,auxiliary,SYSUCC/malignant(261).png,f9e181844631783022b8431a509723c97f9db8f9308efa22d37d17b68c4beb58,malignant(261)
gdph_sysucc/malignant(262),SYSUCC,1,auxiliary,SYSUCC/malignant(262).png,ff84ed143dbb5f53923d4dfb8590fd139687e18a0fad5cda3dc037acdcdfb447,malignant(262)
gdph_sysucc/malignant(263),SYSUCC,1,auxiliary,SYSUCC/malignant(263).png,48af9bed72958abda010ef92187c07608996bce26b4b158188822ed9fe4ba4e6,malignant(263)
gdph_sysucc/malignant(264),SYSUCC,1,auxiliary,SYSUCC/malignant(264).png,34bc94ba499689d07420a1d28ba00164a7bce411cec9261cdc7ac0a0b7479562,malignant(264)
gdph_sysucc/malignant(265),SYSUCC,1,auxiliary,SYSUCC/malignant(265).png,d88bf9dd43f85cd775927879dc58ed9a1c0f15f85cc95fdf1376f03775ce60d6,malignant(265)
gdph_sysucc/malignant(266),SYSUCC,1,auxiliary,SYSUCC/malignant(266).png,1ca3a37131c49db08a3e4b547aa83a84dd605359b45e2e85e4843a9921d0362e,malignant(266)
gdph_sysucc/malignant(267),SYSUCC,1,auxiliary,SYSUCC/malignant(267).png,bae9e8f3388c3840e9481b8d5a548ba707981329166c8029cc8e5fd4f632a2e6,malignant(267)|malignant(271)
gdph_sysucc/malignant(268),SYSUCC,1,auxiliary,SYSUCC/malignant(268).png,7db2fb8f5028b6f1c0aa663b267dfca7f14f8680c7b757b34f9b295adbf95965,malignant(268)
gdph_sysucc/malignant(269),SYSUCC,1,auxiliary,SYSUCC/malignant(269).png,1e24d43acd43a2547ea25f6391a0f6167195f18de1de0982763fef2487d5fb27,malignant(269)
gdph_sysucc/malignant(27),SYSUCC,1,auxiliary,SYSUCC/malignant(27).png,18123121ffa1329401ae27d20c890e27ec85550fb0529372a81f831ee61bfcaf,malignant(27)
gdph_sysucc/malignant(270),SYSUCC,1,auxiliary,SYSUCC/malignant(270).png,14a991b3aa99d44347222a64670126e9bc0213d77a54ff81d82909f15ef4b1f2,malignant(270)
gdph_sysucc/malignant(272),SYSUCC,1,auxiliary,SYSUCC/malignant(272).png,d4549916dc114134a063d07a4551752d1048f41b1fbd625d572c1ccc95b8029b,malignant(272)
gdph_sysucc/malignant(273),SYSUCC,1,auxiliary,SYSUCC/malignant(273).png,bae2f67dbc8dab988148309f9dbb764de7d6ecdd0d9382d43f150ea319593449,malignant(273)
gdph_sysucc/malignant(274),SYSUCC,1,auxiliary,SYSUCC/malignant(274).png,bc4ef652d4c459c2f6206707fc5698076d6f2875ac1554d42e3b8637e833b7ad,malignant(274)
gdph_sysucc/malignant(275),SYSUCC,1,auxiliary,SYSUCC/malignant(275).png,a53859dc96ce21a573ee769eeadfaa492fc115ea2e7dcfda650d3b0694d92ffb,malignant(275)
gdph_sysucc/malignant(276),SYSUCC,1,auxiliary,SYSUCC/malignant(276).png,f1c196b3fab1c9492bba956bd2c090c18dcac0cebca3b5a078bf5d9e47bb7dd1,malignant(276)
gdph_sysucc/malignant(277),SYSUCC,1,auxiliary,SYSUCC/malignant(277).png,7009ced5bd119ec680c18f00259d643602f8a77405b0dbacd64ddbec284b8165,malignant(277)
gdph_sysucc/malignant(278),SYSUCC,1,auxiliary,SYSUCC/malignant(278).png,3dd444c936a331dd68bc1e6f9bd33b943dfa239c92236529144ba1270da2c74e,malignant(278)
gdph_sysucc/malignant(279),SYSUCC,1,auxiliary,SYSUCC/malignant(279).png,75d74328595518aa4071a6a3ff93471547537b2c4cde312b8e1b14119678d795,malignant(279)
gdph_sysucc/malignant(28),SYSUCC,1,auxiliary,SYSUCC/malignant(28).png,b7ba702e8e7f2d34a328b776db8923ab161cf556e94756bd309ceeea649d44bb,malignant(28)
gdph_sysucc/malignant(280),SYSUCC,1,auxiliary,SYSUCC/malignant(280).png,a8fd361e8657dfdacfd773c12db88a7758a2b11cd9eb637c310442104c67af03,malignant(280)
gdph_sysucc/malignant(281),SYSUCC,1,auxiliary,SYSUCC/malignant(281).png,68959021ea4cefb2bacae57be55f90064e0b1f3ad2f30990682be32499e409fa,malignant(281)
gdph_sysucc/malignant(282),SYSUCC,1,auxiliary,SYSUCC/malignant(282).png,9f5224f98c2389a20433e5285fbb8083420ae421c14294d4b76ed28801474368,malignant(282)
gdph_sysucc/malignant(283),SYSUCC,1,auxiliary,SYSUCC/malignant(283).png,2a4cb2b1787647e0436a7960e7bc96f9ff51dd142511d354042f1ad039f048dc,malignant(283)
gdph_sysucc/malignant(284),SYSUCC,1,auxiliary,SYSUCC/malignant(284).png,b583737e7ddba89d303461fb31fbebac0ccd3082c86642e0fefe73f31ab38225,malignant(284)
gdph_sysucc/malignant(285),SYSUCC,1,auxiliary,SYSUCC/malignant(285).png,e559e2b07759823ef2f8ca3f0b1cf641fd00f2beaf75d2d8c7058aaa66cf9b1c,malignant(285)
gdph_sysucc/malignant(286),SYSUCC,1,auxiliary,SYSUCC/malignant(286).png,5ffb183157508c05a600544410d66c5741054f892135c9e2304cc87ed4a44359,malignant(286)
gdph_sysucc/malignant(287),SYSUCC,1,auxiliary,SYSUCC/malignant(287).png,68e0a5810e4ab6d4707f2075081375ccc8bbc084d559293029644bcdb3973ed9,malignant(287)
gdph_sysucc/malignant(288),SYSUCC,1,auxiliary,SYSUCC/malignant(288).png,b2f36ba1a1e0f844754e4600979293054a37f52e5efab4bd26136156e4e8ffe0,malignant(288)
gdph_sysucc/malignant(289),SYSUCC,1,auxiliary,SYSUCC/malignant(289).png,cea2dd6c7e569788a5962754ea8a06c17b3bdbc07cb501c5a421056afee6659d,malignant(289)
gdph_sysucc/malignant(29),SYSUCC,1,auxiliary,SYSUCC/malignant(29).png,e06e1ab92c35bbc83337a1ab4ae15c9eb492636aefbb535b1b9e4f21260c28e3,malignant(29)
gdph_sysucc/malignant(290),SYSUCC,1,auxiliary,SYSUCC/malignant(290).png,bf2fa093c1d6191108a3c032b4702989838e52a35d9ab3d65052dead6a86f02b,malignant(290)
gdph_sysucc/malignant(291),SYSUCC,1,auxiliary,SYSUCC/malignant(291).png,ea3aacdf2d88f5d23b536ff270b22fa0d2b63825e6abef520ff1b36fd9662c69,malignant(291)
gdph_sysucc/malignant(292),SYSUCC,1,auxiliary,SYSUCC/malignant(292).png,eedbe8580bd7c1b547ad8cd2746fb1dd216a2e8a88519cb3fc5bbcf7547dca60,malignant(292)
gdph_sysucc/malignant(293),SYSUCC,1,auxiliary,SYSUCC/malignant(293).png,d56e13272ffbeac501cdc32c52d63a5a392bdad069a00ae18345909c86326e8d,malignant(293)
gdph_sysucc/malignant(294),SYSUCC,1,auxiliary,SYSUCC/malignant(294).png,bfa344fac7dfc55573a66ebf6312b4bb2ae73b3c6fd29520a1df14266509e51c,malignant(294)
gdph_sysucc/malignant(295),SYSUCC,1,auxiliary,SYSUCC/malignant(295).png,1cb9c9c2df039baaaf22a8f8f4da305a8549238d44dee2cd125e82a2f3269dc1,malignant(295)
gdph_sysucc/malignant(296),SYSUCC,1,auxiliary,SYSUCC/malignant(296).png,0015185d9cc8cf9166e45e912aa9eec9125a6572c2f5825dacdc3c6aa6bbc0bc,malignant(296)
gdph_sysucc/malignant(297),SYSUCC,1,auxiliary,SYSUCC/malignant(297).png,f6ead97b374cb8b0067c21e40da082fe17ba58128bc69c37e191a34d4bd12f7e,malignant(297)
gdph_sysucc/malignant(298),SYSUCC,1,auxiliary,SYSUCC/malignant(298).png,3d89b810fd260c2bbcba3b146ea4ab7587c80a09ebd9e6996e985200b3514b36,malignant(298)
gdph_sysucc/malignant(299),SYSUCC,1,auxiliary,SYSUCC/malignant(299).png,b1c026c0f23d8e5c16ab4d0d7c25c5d070493547eee3fde6d6487ee32d84cffb,malignant(299)
gdph_sysucc/malignant(3),SYSUCC,1,auxiliary,SYSUCC/malignant(3).png,0c2052258a87d0eee1fe78dedd02af3f73888e9299f16ef489774bbb2bf6b2e0,malignant(3)
gdph_sysucc/malignant(30),SYSUCC,1,auxiliary,SYSUCC/malignant(30).png,d9ab9cf18f284e1e0c7ac39cb39cba8f41f04430671d68e1a9c562758b91ac96,malignant(30)
gdph_sysucc/malignant(300),SYSUCC,1,auxiliary,SYSUCC/malignant(300).png,35a3074773522296918ba9c05a840357421f082f0faab6d5bc02b24768e66bd8,malignant(300)
gdph_sysucc/malignant(301),SYSUCC,1,auxiliary,SYSUCC/malignant(301).png,e4cf0e38e6f5aa2e26fb9e20d0a42685de14e31ad3ce2d1b9e7b730302020221,malignant(301)
gdph_sysucc/malignant(302),SYSUCC,1,auxiliary,SYSUCC/malignant(302).png,9cd22576a9d5461213385e2bc2dafc0071f854b85ff291c0330624867bcda41d,malignant(302)|malignant(304)
gdph_sysucc/malignant(303),SYSUCC,1,auxiliary,SYSUCC/malignant(303).png,e7de6e1b2a38c5a8489235a94eb9c7cd5bf10e25a0e25f753b621bc561e080a9,malignant(303)
gdph_sysucc/malignant(305),SYSUCC,1,auxiliary,SYSUCC/malignant(305).png,93176d98f14ba66d59ec45babeeaf5cc3904e02d1fd941c87d025b644beb015e,malignant(305)
gdph_sysucc/malignant(306),SYSUCC,1,auxiliary,SYSUCC/malignant(306).png,26553fe3d97e39edf81d733e3079ea62d2c3d564cd85b8b904dcf9342967a434,malignant(306)
gdph_sysucc/malignant(307),SYSUCC,1,auxiliary,SYSUCC/malignant(307).png,0e2b4305c9832b46fd8b1517eceaa88eaf807390a739e4fff4a68a4639124822,malignant(307)
gdph_sysucc/malignant(308),SYSUCC,1,auxiliary,SYSUCC/malignant(308).png,8027c0baa1c2d5501825e92d536c0227352b904f032724968ac11cf9417ba72f,malignant(308)
gdph_sysucc/malignant(309),SYSUCC,1,auxiliary,SYSUCC/malignant(309).png,108495ce51db990a2687892a26eef13c1bf28e081d60fc1c24fb576b88421943,malignant(309)
gdph_sysucc/malignant(31),SYSUCC,1,auxiliary,SYSUCC/malignant(31).png,a6760f3f33dda1f9294cddf4eaa2cc5d7eb47159ddbf054ea1814f4885241a2f,malignant(31)
gdph_sysucc/malignant(310),SYSUCC,1,auxiliary,SYSUCC/malignant(310).png,5c081c4baf2de6ae4e05ca2d5ac81535f3027fdec9da81274a1c10fe8972954c,malignant(310)
gdph_sysucc/malignant(313),SYSUCC,1,auxiliary,SYSUCC/malignant(313).png,c5fff762a7c1e7bebbbecf3af7aa1cd7df4650515131304fc70745b60fe1f14e,malignant(313)
gdph_sysucc/malignant(314),SYSUCC,1,auxiliary,SYSUCC/malignant(314).png,5cb9362411279ae997f65f1688af829baacd29bb2e0a8ab8cc313bca65a15782,malignant(314)
gdph_sysucc/malignant(315),SYSUCC,1,auxiliary,SYSUCC/malignant(315).png,044fc64f9596e600c83a55f13591bc7de6019173cd428921236bdbe5587fe64c,malignant(315)
gdph_sysucc/malignant(316),SYSUCC,1,auxiliary,SYSUCC/malignant(316).png,b5d799066e4d17506f6d3cab97461e45c04ff3ed6c616fc145526a114df968af,malignant(316)
gdph_sysucc/malignant(317),SYSUCC,1,auxiliary,SYSUCC/malignant(317).png,9d9596bbfcd2f7cc43ffd3f8066891a30893b9b357b1de716dc4c14353835967,malignant(317)
gdph_sysucc/malignant(318),SYSUCC,1,auxiliary,SYSUCC/malignant(318).png,719f07666d2bea5128bc504e58d79e39d57b4412f944f9bb3f4959638df8304a,malignant(318)
gdph_sysucc/malignant(319),SYSUCC,1,auxiliary,SYSUCC/malignant(319).png,31850a943d59daf69cbcb066352ebbb838e4418dc0d5625e0c129a31ed756a00,malignant(319)
gdph_sysucc/malignant(32),SYSUCC,1,auxiliary,SYSUCC/malignant(32).png,fd3a313d4ea89776430862ccae6e1aaf7e7c5c6bdb5af038ed6bd2844a567910,malignant(32)
gdph_sysucc/malignant(320),SYSUCC,1,auxiliary,SYSUCC/malignant(320).png,ced45d219f8fa6103d70ef6eb6623d4e78aeeb9211d391d13efde8739d84a5cd,malignant(320)
gdph_sysucc/malignant(321),SYSUCC,1,auxiliary,SYSUCC/malignant(321).png,8bd07cd1b91781826beb05cbc0bcae0eefea1947996ae03bf94089ca2654b3c2,malignant(321)
gdph_sysucc/malignant(322),SYSUCC,1,auxiliary,SYSUCC/malignant(322).png,0c656dedc4408b810de5a238c07d95602febcb846777ecd12dd9db8982a21dda,malignant(322)
gdph_sysucc/malignant(323),SYSUCC,1,auxiliary,SYSUCC/malignant(323).png,8981ecc022565352ac703c7892d45cffa4abdbaa7540e07e503228f6e1b7d1fb,malignant(323)
gdph_sysucc/malignant(324),SYSUCC,1,auxiliary,SYSUCC/malignant(324).png,47beb8ff4b9e8e0cbae90014fd45f3c7efc61f5d737888291058c316ea6f47e1,malignant(324)
gdph_sysucc/malignant(325),SYSUCC,1,auxiliary,SYSUCC/malignant(325).png,daf169af885769a36d77a1bcb64cb77af8d07503b16c7c8ac8038ee121478b97,malignant(325)
gdph_sysucc/malignant(326),SYSUCC,1,auxiliary,SYSUCC/malignant(326).png,703796ec22f9336cf551e11b4f7d006d34217401d36d4bac49f39b1417e821ca,malignant(326)
gdph_sysucc/malignant(327),SYSUCC,1,auxiliary,SYSUCC/malignant(327).png,e6cfc90b78989f6c0dc26d0def0f96053593735e8b4311e52a405537fdad6812,malignant(327)
gdph_sysucc/malignant(328),SYSUCC,1,auxiliary,SYSUCC/malignant(328).png,b2b212fff4976badd9c6bd4a46461f097d7b9218aeded7c872386856d27ec5ed,malignant(328)
gdph_sysucc/malignant(329),SYSUCC,1,auxiliary,SYSUCC/malignant(329).png,52473be111b0d7ebc6820d746c16b49065e580e9946f71d37ee175a7d3ffbbfe,malignant(329)
gdph_sysucc/malignant(33),SYSUCC,1,auxiliary,SYSUCC/malignant(33).png,12407687dcb206a02da6d9a1bff123c84ea1f2def50a9a5c58feba65c3325649,malignant(33)
gdph_sysucc/malignant(330),SYSUCC,1,auxiliary,SYSUCC/malignant(330).png,d57086eb2272e7e54d573e344ad1697de6d8d7ef49913434af05cbb69f2a5a7e,malignant(330)
gdph_sysucc/malignant(331),SYSUCC,1,auxiliary,SYSUCC/malignant(331).png,ed8d4af84a7b8fc4d6dcd0fa96cdbc5af8b861583039c738b2fa67be66990ac9,malignant(331)
gdph_sysucc/malignant(332),SYSUCC,1,auxiliary,SYSUCC/malignant(332).png,484bd4d4ff1eb3dddecb876f91d2558ec3930311fa39fe3ca5c81aeac74a98bc,malignant(332)
gdph_sysucc/malignant(333),SYSUCC,1,auxiliary,SYSUCC/malignant(333).png,7d9abfee45649e894f86b2e10f6971f57b6a922339533a3871e6c52cfb71287c,malignant(333)
gdph_sysucc/malignant(334),SYSUCC,1,auxiliary,SYSUCC/malignant(334).png,d6cea2c4e9e47a49cccf2bf87de603b3f1cc5757fd158fc9d561d3b6136a5853,malignant(334)
gdph_sysucc/malignant(335),SYSUCC,1,auxiliary,SYSUCC/malignant(335).png,235352f7ba7fb18a9fead414f80070fe86ec38e29b90711bbd185389e27a12db,malignant(335)
gdph_sysucc/malignant(336),SYSUCC,1,auxiliary,SYSUCC/malignant(336).png,fbcaf2cad2a1725abf134c52541da759b848934e64dfb58b26753ec7cd5fd761,malignant(336)
gdph_sysucc/malignant(337),SYSUCC,1,auxiliary,SYSUCC/malignant(337).png,4f428bc2a011ce400c3285cef1ab8ec9fa8e53f2ad00c92f2eaffbe502b97c0d,malignant(337)
gdph_sysucc/malignant(338),SYSUCC,1,auxiliary,SYSUCC/malignant(338).png,ac245212633198bc592b817666a8f84c57ec13db1e575bcd47993ba09d853761,malignant(338)
gdph_sysucc/malignant(339),SYSUCC,1,auxiliary,SYSUCC/malignant(339).png,ae34ae6f7c04517d482e8f97309813410d550e3e0c5e31f77108e04ffd214f10,malignant(339)
gdph_sysucc/malignant(34),SYSUCC,1,auxiliary,SYSUCC/malignant(34).png,c36bc1c5811757a4907fabd15d3fcd96a59c611209325fbbccc357e55cefd00e,malignant(34)
gdph_sysucc/malignant(340),SYSUCC,1,auxiliary,SYSUCC/malignant(340).png,c28ff4b8bca31ece4c4afb79f6b6434d72a46d5966679c2c5aaa2e80a670ebae,malignant(340)
gdph_sysucc/malignant(341),SYSUCC,1,auxiliary,SYSUCC/malignant(341).png,c0a46c48da73865193547509c1b4c4377dba72ab3cc885a25b12f1097656b0d4,malignant(341)
gdph_sysucc/malignant(342),SYSUCC,1,auxiliary,SYSUCC/malignant(342).png,9f6e8ba46480e95e7eab43fee9d806fe41a42c18990c841129fad4773b6f5778,malignant(342)
gdph_sysucc/malignant(343),SYSUCC,1,auxiliary,SYSUCC/malignant(343).png,88618d48af3830b1066d8c035694f8d731344060ee53ab45be66c529b0be6079,malignant(343)
gdph_sysucc/malignant(344),SYSUCC,1,auxiliary,SYSUCC/malignant(344).png,a07442e4a552c4440a1a049847f13edfa4fdb7ca0774ed9d0fc54f0a98358f50,malignant(344)
gdph_sysucc/malignant(345),SYSUCC,1,auxiliary,SYSUCC/malignant(345).png,954b882fe0c1e0d3f1911c63c6931bca6c4dc167ad2c656fa47d2abe63a0afde,malignant(345)
gdph_sysucc/malignant(346),SYSUCC,1,auxiliary,SYSUCC/malignant(346).png,f01821fdf2a9463bfbeeef4e674a0f2808d6aa731907aa24167f9aa38f1ac2cb,malignant(346)
gdph_sysucc/malignant(347),SYSUCC,1,auxiliary,SYSUCC/malignant(347).png,8086754abcdd9106e6168cc90ef0e8f13c41059dc949a9986eabd4728d67a949,malignant(347)
gdph_sysucc/malignant(348),SYSUCC,1,auxiliary,SYSUCC/malignant(348).png,ede900610a034259c95e523d105fe9ae828a5e0d8cac875e5c5d0731d66c03be,malignant(348)
gdph_sysucc/malignant(349),SYSUCC,1,auxiliary,SYSUCC/malignant(349).png,c32caf744b1c70467018573653a2080c60f90ebf14735c4e3de6464b2f62b04a,malignant(349)
gdph_sysucc/malignant(35),SYSUCC,1,auxiliary,SYSUCC/malignant(35).png,ee856d9c1c2f69446f6bb79e46ca7cfdfa13854790d7908dce8363da13518c2a,malignant(35)
gdph_sysucc/malignant(350),SYSUCC,1,auxiliary,SYSUCC/malignant(350).png,8251e60028923a8033d40c6f697273ee0137f611b266f83ba039908294ea606e,malignant(350)
gdph_sysucc/malignant(351),SYSUCC,1,auxiliary,SYSUCC/malignant(351).png,467708473e45b20ee1ef37db29bcb794c39619dd5b0ebf6a6c0c232e1ed44ee4,malignant(351)
gdph_sysucc/malignant(352),SYSUCC,1,auxiliary,SYSUCC/malignant(352).png,94a7f332dcf0f7368f27cf7f31efed2fc06ff372cec06f20bc1f83f6b279c279,malignant(352)
gdph_sysucc/malignant(353),SYSUCC,1,auxiliary,SYSUCC/malignant(353).png,8e36399cd879166842b6d7139e829914f84565058a6b7b6f44f1f246d483b759,malignant(353)
gdph_sysucc/malignant(354),SYSUCC,1,auxiliary,SYSUCC/malignant(354).png,3f9c3a2dd4270755defee658f2161629eca891ace12d115745b57dbf6ca9f239,malignant(354)
gdph_sysucc/malignant(355),SYSUCC,1,auxiliary,SYSUCC/malignant(355).png,5cd9024fa5544925a54313587fe1d05b1e8a5b66f792cfe933ad910506a1a9e8,malignant(355)
gdph_sysucc/malignant(356),SYSUCC,1,auxiliary,SYSUCC/malignant(356).png,2a608c64b6b8357f9ae1c5cc5bc04a8ae8b819454f6a93a2585f33328d29f225,malignant(356)
gdph_sysucc/malignant(357),SYSUCC,1,auxiliary,SYSUCC/malignant(357).png,55fcf7b8463da26290f758600878318dcc99e389c7bcdaf0aaea2f2eb7b9c36e,malignant(357)
gdph_sysucc/malignant(358),SYSUCC,1,auxiliary,SYSUCC/malignant(358).png,8533cfc50422bee8971eea679ab76aea40f2b75cafc538b731739def3bc19052,malignant(358)
gdph_sysucc/malignant(359),SYSUCC,1,auxiliary,SYSUCC/malignant(359).png,f54d1b7425596ae8cd60e495c4ce7d445fdec4df421c689fb7f306e44438e31e,malignant(359)
gdph_sysucc/malignant(36),SYSUCC,1,auxiliary,SYSUCC/malignant(36).png,952c806d716ced9d25306c81c0ae8f2690e9ed21675291ba330a536f7aa887f2,malignant(36)
gdph_sysucc/malignant(360),SYSUCC,1,auxiliary,SYSUCC/malignant(360).png,f6aa051244829882383b13180f3a6b7b6f0b26fdb06b2f8d40585be18b0ba9dd,malignant(360)
gdph_sysucc/malignant(361),SYSUCC,1,auxiliary,SYSUCC/malignant(361).png,ffc57b9a5cd2329e85b0d749261081c11f925928d1fa46998b9fcf9e3320399d,malignant(361)
gdph_sysucc/malignant(362),SYSUCC,1,auxiliary,SYSUCC/malignant(362).png,847938fc8a6739608b707eed550f659d6a8e5f44923268f969b7bd8e1990173b,malignant(362)
gdph_sysucc/malignant(363),SYSUCC,1,auxiliary,SYSUCC/malignant(363).png,d8576bfa0257c4e6c4147dac5f5d5af3636c66f1318d1d27e27d8696dff218ac,malignant(363)
gdph_sysucc/malignant(364),SYSUCC,1,auxiliary,SYSUCC/malignant(364).png,c5407e7ed094776f647637ec7bd557b8035f99a9ff09600893d3a687303f866a,malignant(364)
gdph_sysucc/malignant(365),SYSUCC,1,auxiliary,SYSUCC/malignant(365).png,7a30d817f6902a7abd335522f3a8d93fbbce82844eefc70fd0deaa56f567f2f7,malignant(365)
gdph_sysucc/malignant(366),SYSUCC,1,auxiliary,SYSUCC/malignant(366).png,a2a396b55804638b4e8845e99f3cab76b390066b41bb68bb119249167cabbec1,malignant(366)
gdph_sysucc/malignant(367),SYSUCC,1,auxiliary,SYSUCC/malignant(367).png,c07454eeaa94a3393d845beb30cd687d8997fdf73d05750d0e0f1d8c53652077,malignant(367)
gdph_sysucc/malignant(368),SYSUCC,1,auxiliary,SYSUCC/malignant(368).png,6379673e5f1a623a2f5cbdd995973cffc718a0deaa74bc587f838c0371d93319,malignant(368)
gdph_sysucc/malignant(369),SYSUCC,1,auxiliary,SYSUCC/malignant(369).png,1bfa57ad62fa8c3bc2c7395ce4cd8c90e91b47213eeec7e987657b484cfcf969,malignant(369)
gdph_sysucc/malignant(37),SYSUCC,1,auxiliary,SYSUCC/malignant(37).png,523c116319ab51a0dbbf1747c6a12203b6ba7b1b6a6d32b0b609b0b2c0ab16a5,malignant(37)
gdph_sysucc/malignant(370),SYSUCC,1,auxiliary,SYSUCC/malignant(370).png,118b281ca130e3c9630961a0c4c83e40624a9552753dfffa23f4c86f95a6d903,malignant(370)
gdph_sysucc/malignant(371),SYSUCC,1,auxiliary,SYSUCC/malignant(371).png,e7451ecc9b0309de1e77ed0268be05760d7de48d6511a34e3d4987b2e2f7ef72,malignant(371)
gdph_sysucc/malignant(372),SYSUCC,1,auxiliary,SYSUCC/malignant(372).png,2e0b8cee66f38f2d3d63fe1534ca64dc6673869a75fb3366989445b75beacc77,malignant(372)
gdph_sysucc/malignant(373),SYSUCC,1,auxiliary,SYSUCC/malignant(373).png,c3ccc6d1c7fac39caf6b28c0ccf7ee3fa475a914a4a11adb15cd1bd4fc676e32,malignant(373)
gdph_sysucc/malignant(374),SYSUCC,1,auxiliary,SYSUCC/malignant(374).png,f1fe9dbb0dbd92b1e1b7bd91ae1b079a4b3e3f39ae253a44be3e95792cfd7898,malignant(374)
gdph_sysucc/malignant(375),SYSUCC,1,auxiliary,SYSUCC/malignant(375).png,26b2a5e327380a254d7909dcf6cb07ed5b148d93f1feb56e4ee64c7f654c6472,malignant(375)
gdph_sysucc/malignant(376),SYSUCC,1,auxiliary,SYSUCC/malignant(376).png,b3ce2c5d3ccb6119982d35711047528fb7d11d2eab6043d732f82e21d4f7e051,malignant(376)
gdph_sysucc/malignant(377),SYSUCC,1,auxiliary,SYSUCC/malignant(377).png,ae0ac42080b05c085e01ce649fafd6c37de25146beaa6f1ca858efe6382eab25,malignant(377)
gdph_sysucc/malignant(378),SYSUCC,1,auxiliary,SYSUCC/malignant(378).png,a1b5efca0387b3514d81aade437f4217bffb60a0665b08054dc90e35b0810bac,malignant(378)
gdph_sysucc/malignant(379),SYSUCC,1,auxiliary,SYSUCC/malignant(379).png,fa88bafc28b938e6e3e88ada5e3013a9fd44f5c076c87e3a06fcbb424f1bad62,malignant(379)
gdph_sysucc/malignant(38),SYSUCC,1,auxiliary,SYSUCC/malignant(38).png,48607bb20f9e15e1abdd1ae3acdaf166faf7e094142984605f9764b2e0255a65,malignant(38)
gdph_sysucc/malignant(380),SYSUCC,1,auxiliary,SYSUCC/malignant(380).png,85ead9d6b384e3123b2df0ee838ca75ae37ef84cbcad31d571b816e98bc110f4,malignant(380)
gdph_sysucc/malignant(381),SYSUCC,1,auxiliary,SYSUCC/malignant(381).png,8bd4b69e8a7fdf04914d7557dfefe609a0693b3c79820a2b5ebe16e122761735,malignant(381)
gdph_sysucc/malignant(382),SYSUCC,1,auxiliary,SYSUCC/malignant(382).png,6de33388aa07b2500754140a3cf156e078c7fe8bb0cbcd3102f0032f659256a6,malignant(382)
gdph_sysucc/malignant(383),SYSUCC,1,auxiliary,SYSUCC/malignant(383).png,c6f86cd81d1988025676f7d4ab9d718506a10d2c30c837fcca41881dc0032f9c,malignant(383)
gdph_sysucc/malignant(384),SYSUCC,1,auxiliary,SYSUCC/malignant(384).png,577f9581ccdbe801d3df365edd79f4b094ea45039a7db847b7805c1063c5c612,malignant(384)
gdph_sysucc/malignant(385),SYSUCC,1,auxiliary,SYSUCC/malignant(385).png,31ce056d4d69bf02fc7ef4a66885557ee60857ed5c650a232019b9a5372e154b,malignant(385)
gdph_sysucc/malignant(386),SYSUCC,1,auxiliary,SYSUCC/malignant(386).png,158799f99cac27cc09ebb6fe8243e546c6229e0a25b2e385688642d7e4918a6f,malignant(386)
gdph_sysucc/malignant(387),SYSUCC,1,auxiliary,SYSUCC/malignant(387).png,bab99bd301d00d51bec552727315e15a6f0092047614d329199fb928124011a5,malignant(387)
gdph_sysucc/malignant(388),SYSUCC,1,auxiliary,SYSUCC/malignant(388).png,6333b0f6797e79bcf8e833e39cf75b5eebbad38e0fbec733906f0d6e597d6e75,malignant(388)
gdph_sysucc/malignant(389),SYSUCC,1,auxiliary,SYSUCC/malignant(389).png,97b269231383016c7ee45cbd5b2355137579b2dcef8aa7e725da84d9a00701c5,malignant(389)
gdph_sysucc/malignant(39),SYSUCC,1,auxiliary,SYSUCC/malignant(39).png,46a34fe3affdb542f967391075a2b3d7a29f53801b9694370dc12ea611d15726,malignant(39)
gdph_sysucc/malignant(390),SYSUCC,1,auxiliary,SYSUCC/malignant(390).png,25722bc5c2a047df416f15bf78c15bc32b4bdc3990b2ce6085373b1cff141d90,malignant(390)
gdph_sysucc/malignant(391),SYSUCC,1,auxiliary,SYSUCC/malignant(391).png,0f69d9e920e97cdb06bcd415b14a92516d3c24be03329a8569d890b37d656e86,malignant(391)
gdph_sysucc/malignant(392),SYSUCC,1,auxiliary,SYSUCC/malignant(392).png,2624319a1006a3596f82b54c59e274adca0cf485461b50e6c4174630484364db,malignant(392)
gdph_sysucc/malignant(393),SYSUCC,1,auxiliary,SYSUCC/malignant(393).png,85574b17d6fd66b7fd696a7e03ff12f994da98a669d990d076c79008f14db9e4,malignant(393)
gdph_sysucc/malignant(394),SYSUCC,1,auxiliary,SYSUCC/malignant(394).png,14e87a06c8813a98efc5bca90e185683dc79222429901ab843a159f824cf6c0b,malignant(394)
gdph_sysucc/malignant(395),SYSUCC,1,auxiliary,SYSUCC/malignant(395).png,6af45cc783e0bf99fea75adb85a2ac7f524be15332a520c2b3db8f2a5a6e3c79,malignant(395)
gdph_sysucc/malignant(396),SYSUCC,1,auxiliary,SYSUCC/malignant(396).png,f00080ee9357c78eec5bbda38306a94064a6f214a43143ba69c2f195d25185bc,malignant(396)
gdph_sysucc/malignant(397),SYSUCC,1,auxiliary,SYSUCC/malignant(397).png,5156308a5653318feb50829413cf04aee7b6c7507407538db53403f96baab30f,malignant(397)|malignant(947)
gdph_sysucc/malignant(398),SYSUCC,1,auxiliary,SYSUCC/malignant(398).png,5ccda2440e4c323d2d57c8946a911f04893a8bd16e8689504213c2a8330a630c,malignant(398)|malignant(948)
gdph_sysucc/malignant(399),SYSUCC,1,auxiliary,SYSUCC/malignant(399).png,247f4858b04ae4659178f38b19097c2b723c88c2458488b0f88a0e41b3425024,malignant(399)
gdph_sysucc/malignant(4),SYSUCC,1,auxiliary,SYSUCC/malignant(4).png,f885bb2918d41a648b7a6745f71a353dd57e42887f4d6b51e2e811d9a2fac104,malignant(4)
gdph_sysucc/malignant(40),SYSUCC,1,auxiliary,SYSUCC/malignant(40).png,530d7517c7906f020330a3e86ebc7688fa8f14a5684410339de583a9a7bbbe2b,malignant(40)
gdph_sysucc/malignant(400),SYSUCC,1,auxiliary,SYSUCC/malignant(400).png,f93f9d2ea59159d3f52f9a12d76cbc4e620b02b32f552b28f53007406ae352c3,malignant(400)
gdph_sysucc/malignant(401),SYSUCC,1,auxiliary,SYSUCC/malignant(401).png,1dc1b9f7a81af3dab275813c66e7672a6ccf831e871564755b32fb55496d4505,malignant(401)
gdph_sysucc/malignant(402),SYSUCC,1,auxiliary,SYSUCC/malignant(402).png,d6e0ed4cdd637837c5049adda6ae408d4ad0994ec27ecba0d5e290f469cb6a80,malignant(402)
gdph_sysucc/malignant(403),SYSUCC,1,auxiliary,SYSUCC/malignant(403).png,ce273c0aec8e8b22ea04885811dabc8e30ba137c9851b270ad39022f87005194,malignant(403)
gdph_sysucc/malignant(404),SYSUCC,1,auxiliary,SYSUCC/malignant(404).png,457800dca9f53796952b23c3b5442494c638e42f7fab1c885643fd45c41787fd,malignant(404)
gdph_sysucc/malignant(405),SYSUCC,1,auxiliary,SYSUCC/malignant(405).png,93e0677f631a2e7a365e89518fa9f426ed3c48f34b313d03c6ae4da5309819e9,malignant(405)
gdph_sysucc/malignant(406),SYSUCC,1,auxiliary,SYSUCC/malignant(406).png,b44d7a05ffe41785b72fe722c1ee8e5faba2d39fd1c5f6a680a57781ffe90c6b,malignant(406)
gdph_sysucc/malignant(407),SYSUCC,1,auxiliary,SYSUCC/malignant(407).png,52a32b9b06864446f797fc999c78ff52f0f1456bed9fb8b50a27fa9684c48e23,malignant(407)
gdph_sysucc/malignant(408),SYSUCC,1,auxiliary,SYSUCC/malignant(408).png,09af418c9a40de82a43752a855717837829ac485ff5ef04a33e9b5d54f15081b,malignant(408)
gdph_sysucc/malignant(409),SYSUCC,1,auxiliary,SYSUCC/malignant(409).png,f87ab272afb7644b59de9b8bfeff4dac1392432f0e0b0d48ac1c1d79a4be82b5,malignant(409)
gdph_sysucc/malignant(41),SYSUCC,1,auxiliary,SYSUCC/malignant(41).png,3d5272f055c5c6bbf15830baa78487d6f829e025018b54006becb9f500cca2db,malignant(41)
gdph_sysucc/malignant(410),SYSUCC,1,auxiliary,SYSUCC/malignant(410).png,7fc2c89594da090f2714e48b1d7d39dd82e9a8a4bf736431aa87d580c296a705,malignant(410)
gdph_sysucc/malignant(411),SYSUCC,1,auxiliary,SYSUCC/malignant(411).png,1da6fa22b626baa1e79a0519e5a3b87e715b07909904bfc57e1d19468b6d163d,malignant(411)
gdph_sysucc/malignant(412),SYSUCC,1,auxiliary,SYSUCC/malignant(412).png,4d4f810d45800d3a5970e660932ec4b148542fed38827221256aefe34e02ce5b,malignant(412)
gdph_sysucc/malignant(413),SYSUCC,1,auxiliary,SYSUCC/malignant(413).png,9c8089f29bbdeaaf3a8d892d72f1671a3d7793f7a0a051fe9f91248c1a577c0b,malignant(413)
gdph_sysucc/malignant(414),SYSUCC,1,auxiliary,SYSUCC/malignant(414).png,df97c6dc405a371b1627e298adcde6c7ba025bac043951a72539e59b3127a47e,malignant(414)
gdph_sysucc/malignant(417),SYSUCC,1,auxiliary,SYSUCC/malignant(417).png,a4cf0e790c0a735394d2912144a18690a46838ee156f2f20979b4d60270fc33d,malignant(417)
gdph_sysucc/malignant(418),SYSUCC,1,auxiliary,SYSUCC/malignant(418).png,6936728c5b5e1084f371c1a96bed483bdb2be597a8736b2868277b860aed3e2a,malignant(418)
gdph_sysucc/malignant(419),SYSUCC,1,auxiliary,SYSUCC/malignant(419).png,23ee8f4005f554e0c4c2516717bf444acfa2456f75052ab3d47e75caadd82834,malignant(419)
gdph_sysucc/malignant(42),SYSUCC,1,auxiliary,SYSUCC/malignant(42).png,bb9ef626fb7aa62637c1095d652731e3d7a92be8b1354b68acd607b2a8ce8f1b,malignant(42)
gdph_sysucc/malignant(420),SYSUCC,1,auxiliary,SYSUCC/malignant(420).png,247b413ea5b6bf797182a0613273971990797153d757f9db051573a8ebb9bad8,malignant(420)
gdph_sysucc/malignant(421),SYSUCC,1,auxiliary,SYSUCC/malignant(421).png,670f339059f9dbd33c5efe4fb37724edbc33162d604cfeaf3e45eeb7184b7602,malignant(421)
gdph_sysucc/malignant(422),SYSUCC,1,auxiliary,SYSUCC/malignant(422).png,31ccb884c1a4e6fde5ba028505a2c51c925eb67ee37c88fbfe6ef4cbc6194188,malignant(422)
gdph_sysucc/malignant(423),SYSUCC,1,auxiliary,SYSUCC/malignant(423).png,c60b005d98327329ff19e9fcec1a4330fd0c85e834c09df863578778cebd22a3,malignant(423)
gdph_sysucc/malignant(424),SYSUCC,1,auxiliary,SYSUCC/malignant(424).png,9e4bf18f28225fed23499eaa6328b618da8afed07c4245038d84409c575f5309,malignant(424)|malignant(425)
gdph_sysucc/malignant(426),SYSUCC,1,auxiliary,SYSUCC/malignant(426).png,79ac6edc33aa07cc9f2f16f4b8728db471d35d48f809c58dd00d04c2814e8b60,malignant(426)
gdph_sysucc/malignant(427),SYSUCC,1,auxiliary,SYSUCC/malignant(427).png,3445904b84d19559444c93d879859d91ae8a6ec5bd76e4c99ff10e64ef69b6a3,malignant(427)
gdph_sysucc/malignant(428),SYSUCC,1,auxiliary,SYSUCC/malignant(428).png,c480ca3663a6e2395aea61e84c72e58d73006f1bf214846b2c0b7e5d79079305,malignant(428)
gdph_sysucc/malignant(429),SYSUCC,1,auxiliary,SYSUCC/malignant(429).png,0bcfb673b0cca5ad8382f4af9711f858be74fa3dd189682bfa65d2273c0301d2,malignant(429)
gdph_sysucc/malignant(43),SYSUCC,1,auxiliary,SYSUCC/malignant(43).png,f107425b0f5b808013c5c945dd866615330a884b4a379e2bc26745cc7b099e47,malignant(43)
gdph_sysucc/malignant(430),SYSUCC,1,auxiliary,SYSUCC/malignant(430).png,d420b8cb5f4ba8503f8b5e2cf2bd0170076025bf9b8b5186e770acb677dea087,malignant(430)
gdph_sysucc/malignant(431),SYSUCC,1,auxiliary,SYSUCC/malignant(431).png,474955e6545ffeac954152eb407a3da717b3b9fdaacedb6f11cf1c261a6465a5,malignant(431)
gdph_sysucc/malignant(432),SYSUCC,1,auxiliary,SYSUCC/malignant(432).png,968b4d80b99608700e958422bfc0e466d60c061c3f317bdceadcd5ff81869e0a,malignant(432)
gdph_sysucc/malignant(433),SYSUCC,1,auxiliary,SYSUCC/malignant(433).png,09ed2a8e72375ad3c7d796aa0ee937b9e309053b0e7bc121434fa507847d970e,malignant(433)
gdph_sysucc/malignant(434),SYSUCC,1,auxiliary,SYSUCC/malignant(434).png,ac1eb3134a6a91253e70608e0270de555eadee85a3f16e811e704a1f42804b3d,malignant(434)
gdph_sysucc/malignant(435),SYSUCC,1,auxiliary,SYSUCC/malignant(435).png,016c3dfeb4c278dd21269e556a43d7fab171dc1ccd2de30961f0f7fffda2c528,malignant(435)
gdph_sysucc/malignant(436),SYSUCC,1,auxiliary,SYSUCC/malignant(436).png,909f4ac85fa0cd3e28e12d6a20e44e96ffee17f0d0eaaa4f1a843542eac83711,malignant(436)
gdph_sysucc/malignant(437),SYSUCC,1,auxiliary,SYSUCC/malignant(437).png,60d10f20b42b05957f11e63f907ab629276ccbc22036a89a84bbaaa25be62454,malignant(437)
gdph_sysucc/malignant(438),SYSUCC,1,auxiliary,SYSUCC/malignant(438).png,4c3b44c9ea3326032073f5077e80a82c2c057c2846d0dbd0b36773b9df881cf5,malignant(438)
gdph_sysucc/malignant(439),SYSUCC,1,auxiliary,SYSUCC/malignant(439).png,ef4af0583a981a946e40fcca7c746b6fdc936228ed4a3e82f19ae2fd001eddf9,malignant(439)
gdph_sysucc/malignant(44),SYSUCC,1,auxiliary,SYSUCC/malignant(44).png,e9213922ee7cdfee0b0fb49de86e2ffd5ca402ba042e947e202a87638f8b05b9,malignant(44)
gdph_sysucc/malignant(440),SYSUCC,1,auxiliary,SYSUCC/malignant(440).png,ed9f9b35d241c0f75ff9d30ffae403c5aab5c94a83bf3df03dee974cdc66f0c4,malignant(440)
gdph_sysucc/malignant(441),SYSUCC,1,auxiliary,SYSUCC/malignant(441).png,c5b7ffbb2df39ac8b604563af74b14ccf6051ba8418799dde41aae4c420878cb,malignant(441)
gdph_sysucc/malignant(442),SYSUCC,1,auxiliary,SYSUCC/malignant(442).png,81a413564eb5272a2956d86810f17ffb297aef6f7c25f21ab556f1b0fdcfea57,malignant(442)
gdph_sysucc/malignant(443),SYSUCC,1,auxiliary,SYSUCC/malignant(443).png,22ab447bdd5463d3a39713c89dea5fb71052227421b8b7ff106dbacf07ea8ada,malignant(443)
gdph_sysucc/malignant(444),SYSUCC,1,auxiliary,SYSUCC/malignant(444).png,4b7560fa62fea90c3d31cf23bcf0f543c5d9e665d55cedfd75c5990281f14c04,malignant(444)
gdph_sysucc/malignant(445),SYSUCC,1,auxiliary,SYSUCC/malignant(445).png,02ade32eb2920c3ca6b72daff4f72fd0db9bb1193f41f755366389f2af6b92a7,malignant(445)
gdph_sysucc/malignant(446),SYSUCC,1,auxiliary,SYSUCC/malignant(446).png,3b26da7d9d7acbc652fe7fa9f76e95d99535dee2803c549c72067fc370ad88ec,malignant(446)
gdph_sysucc/malignant(447),SYSUCC,1,auxiliary,SYSUCC/malignant(447).png,843965271e4700b120b60f6c55800357f2cc93ac0f58c0ffc00f164460e80b66,malignant(447)
gdph_sysucc/malignant(448),SYSUCC,1,auxiliary,SYSUCC/malignant(448).png,0b32b3944ec3622af4e00fd7bc2c954b56e8d31e21e7edb2b08d892650277df8,malignant(448)
gdph_sysucc/malignant(449),SYSUCC,1,auxiliary,SYSUCC/malignant(449).png,32b570ad300064d22e9fe6d1c2c513ea4a1f21ddc8af309cb88bdd84bd4e85af,malignant(449)
gdph_sysucc/malignant(45),SYSUCC,1,auxiliary,SYSUCC/malignant(45).png,f411af38c5638a4bdc86f642ba442acee7d7e33b506b44bed3760c3ef6564044,malignant(45)
gdph_sysucc/malignant(450),SYSUCC,1,auxiliary,SYSUCC/malignant(450).png,b2690173211b572139dd64b6a8462b672f483d5061f24e4f5d0a1721576924f6,malignant(450)
gdph_sysucc/malignant(451),SYSUCC,1,auxiliary,SYSUCC/malignant(451).png,142f1cf60c05f92f0b1199961e4dc0dd5f0df5dcf0755752c781c10491a0c14c,malignant(451)
gdph_sysucc/malignant(452),SYSUCC,1,auxiliary,SYSUCC/malignant(452).png,79023e7e533e448883f84e1f65bcaae53a3ba0005c451734d516fab860c6cd08,malignant(452)
gdph_sysucc/malignant(453),SYSUCC,1,auxiliary,SYSUCC/malignant(453).png,53cd08ab9b3df0660a9c17167e76caa649d3b7ca02001e9ff2a26e2bed0836e4,malignant(453)
gdph_sysucc/malignant(454),SYSUCC,1,auxiliary,SYSUCC/malignant(454).png,7a718dcc3bb1f2d351a538ef04b49e2bf79f9a41810e78c0b0dd691ec59b02ff,malignant(454)
gdph_sysucc/malignant(455),SYSUCC,1,auxiliary,SYSUCC/malignant(455).png,a6c972b8ea614a81ecb0b4300efb844b0a7e04f8d56f08d5417ad525891cf284,malignant(455)
gdph_sysucc/malignant(456),SYSUCC,1,auxiliary,SYSUCC/malignant(456).png,9b4cfe3c694b776ff4427d63b99cd00ac9945c54ca461b864d9b1212d9684cfa,malignant(456)
gdph_sysucc/malignant(457),SYSUCC,1,auxiliary,SYSUCC/malignant(457).png,ac39aa7ddf4f9363901f7b2a48aa25f6919f661d00ba7221e3ac05f826c3a2df,malignant(457)
gdph_sysucc/malignant(458),SYSUCC,1,auxiliary,SYSUCC/malignant(458).png,9cba40d0750b4f65725d1323b2b964239350664716b42e14340134638a977dcf,malignant(458)
gdph_sysucc/malignant(459),SYSUCC,1,auxiliary,SYSUCC/malignant(459).png,dbd0a901e9dc2a945cf14fea52277bc8d17994d81c688609255871146075f3e1,malignant(459)
gdph_sysucc/malignant(46),SYSUCC,1,auxiliary,SYSUCC/malignant(46).png,c224134d3f1404e415eeff680b96c8f291042c0cb7ad065733e86cf9fa969633,malignant(46)
gdph_sysucc/malignant(460),SYSUCC,1,auxiliary,SYSUCC/malignant(460).png,51540cb6499a8d1f6bee494561a6cd5b0186e2e8cda6381829c528659812b1e0,malignant(460)
gdph_sysucc/malignant(461),SYSUCC,1,auxiliary,SYSUCC/malignant(461).png,68184fcae22c59c46286090d8a31cbcbdb3b461a5310299a65a3df6f99f476c1,malignant(461)|malignant(704)
gdph_sysucc/malignant(462),SYSUCC,1,auxiliary,SYSUCC/malignant(462).png,d9512efc54ac58f95973dbf6337cc350b043db6d942d1101db23deb9f79d5633,malignant(462)|malignant(705)
gdph_sysucc/malignant(463),SYSUCC,1,auxiliary,SYSUCC/malignant(463).png,e75e55226ca998a0428d3fed2a00815479bbe61a6f9d7575fc743a26edc68462,malignant(463)
gdph_sysucc/malignant(464),SYSUCC,1,auxiliary,SYSUCC/malignant(464).png,9e6e451617dd270905f3b50b8e5a6113e7c83bae8a720419b273e99fe821b3dc,malignant(464)
gdph_sysucc/malignant(465),SYSUCC,1,auxiliary,SYSUCC/malignant(465).png,1fa9a4feb5f03f450bc9b9e833369ef90591240ee6c75416757e4a7e81485d1f,malignant(465)
gdph_sysucc/malignant(466),SYSUCC,1,auxiliary,SYSUCC/malignant(466).png,79d3798e5ff0debe5e397cdee2c11d0cae1b2a639f26e3b8eb5768c4f3981c11,malignant(466)
gdph_sysucc/malignant(467),SYSUCC,1,auxiliary,SYSUCC/malignant(467).png,1091ae4d91d4b69375b4115bb68324d37585a08f91ae4e62f6f1cc1d965348fe,malignant(467)
gdph_sysucc/malignant(468),SYSUCC,1,auxiliary,SYSUCC/malignant(468).png,91ce092ef37299c35db56ba01f7c481709f2cd58de5a74bb15dc51345e9ed956,malignant(468)
gdph_sysucc/malignant(469),SYSUCC,1,auxiliary,SYSUCC/malignant(469).png,b915e1f4e75deca3f511debecdbf87e815a778f346f47c913c9c5637c2b41994,malignant(469)
gdph_sysucc/malignant(47),SYSUCC,1,auxiliary,SYSUCC/malignant(47).png,41aa87f194a6b4c22afed85d3e8eabaa4e3e5a244f3fa752f8b62c718230f7c6,malignant(47)
gdph_sysucc/malignant(470),SYSUCC,1,auxiliary,SYSUCC/malignant(470).png,48852e733b05f5a1f905d49f87c98e150698742c9b92409887a3a2536a3d1b5a,malignant(470)
gdph_sysucc/malignant(471),SYSUCC,1,auxiliary,SYSUCC/malignant(471).png,5e2b9bb968a0b6d6fb619e8da4e74ba1c3fc4505b28f3f18a63e1bda8088696a,malignant(471)
gdph_sysucc/malignant(472),SYSUCC,1,auxiliary,SYSUCC/malignant(472).png,136b306c8a25cd0c9b7f1fde206b86c76c179c2f8f21a13aa2f3604b95131d0b,malignant(472)
gdph_sysucc/malignant(473),SYSUCC,1,auxiliary,SYSUCC/malignant(473).png,c1aecabbec81b429ad348a01ee40074e1964a052750dd4fecde4698ffe116335,malignant(473)
gdph_sysucc/malignant(474),SYSUCC,1,auxiliary,SYSUCC/malignant(474).png,b6c59db16f52adf2041dd03bb7dae64f9145c4e3ad8613dcda901dccf234833c,malignant(474)
gdph_sysucc/malignant(475),SYSUCC,1,auxiliary,SYSUCC/malignant(475).png,29e14732b912ebd5d4c68933956b99d033269808eb41d67d6bfd09e4856f10b3,malignant(475)
gdph_sysucc/malignant(476),SYSUCC,1,auxiliary,SYSUCC/malignant(476).png,c6e8bc007852be15d1bffc6ef91d2137b2d6b4e0d3720e0fac9495d16749a2de,malignant(476)
gdph_sysucc/malignant(477),SYSUCC,1,auxiliary,SYSUCC/malignant(477).png,99c5ea0991ffeb149d9105dfac54b47439192d36ae03ded3dabc3f850512f25c,malignant(477)
gdph_sysucc/malignant(478),SYSUCC,1,auxiliary,SYSUCC/malignant(478).png,c07f8a1d8bd90414eb61142e9f8cbc09198c697753b1d5e9641fb5a6d801241e,malignant(478)
gdph_sysucc/malignant(479),SYSUCC,1,auxiliary,SYSUCC/malignant(479).png,4a8ca73e9e5f9ef1ca80f8fdcb34a3a8f16fb63c2add03debfe4fb66fb1225dc,malignant(479)
gdph_sysucc/malignant(48),SYSUCC,1,auxiliary,SYSUCC/malignant(48).png,f8cf23f947f49a1cba7d121064f6af65a1cf000ef874d6d8873e024c00d52aca,malignant(48)
gdph_sysucc/malignant(480),SYSUCC,1,auxiliary,SYSUCC/malignant(480).png,d719a2705e5f87fabcd05fa0a9555635256d0dd052d7d54b87676acc07c1403c,malignant(480)
gdph_sysucc/malignant(481),SYSUCC,1,auxiliary,SYSUCC/malignant(481).png,8f9f6182ad434f9fd9bfc113ee11696b370165e7f944342c857dab88b5cd459e,malignant(481)|malignant(484)
gdph_sysucc/malignant(482),SYSUCC,1,auxiliary,SYSUCC/malignant(482).png,0134adf623391906d3cd4f9b6de544a4955f2ea1950842992d6d5218b7febf2a,malignant(482)
gdph_sysucc/malignant(483),SYSUCC,1,auxiliary,SYSUCC/malignant(483).png,43945cb31da5d638ed61dfa7a36c5e60beb4f5b3eff87fbdacdf26b4291c87eb,malignant(483)|malignant(486)
gdph_sysucc/malignant(485),SYSUCC,1,auxiliary,SYSUCC/malignant(485).png,0c5d8e845e7d2473895b24881a3baf54d851d7ded8e06cf5db2e70c84a7b317c,malignant(485)
gdph_sysucc/malignant(487),SYSUCC,1,auxiliary,SYSUCC/malignant(487).png,f96b2bbc7611000dc62b5f8c197440f7781a5f8a2b3069705d73834128104dfd,malignant(487)
gdph_sysucc/malignant(488),SYSUCC,1,auxiliary,SYSUCC/malignant(488).png,e2855dada8352fc043fe2c009543f16c4a323386c23c4248f2c10d763ff6afb9,malignant(488)
gdph_sysucc/malignant(489),SYSUCC,1,auxiliary,SYSUCC/malignant(489).png,cd8d2b5c4a2a79b344b846755e097a95da799c87e3366c87e8b2fb01f576816e,malignant(489)
gdph_sysucc/malignant(49),SYSUCC,1,auxiliary,SYSUCC/malignant(49).png,81ea80e2e5760ea1c2c0489fd1567a0dc8a36f0c99b3fc4158ba95805e56e636,malignant(49)
gdph_sysucc/malignant(490),SYSUCC,1,auxiliary,SYSUCC/malignant(490).png,92236a7583035028b784046572ecfc3d4c6f49266609eb676678db9c470b9903,malignant(490)
gdph_sysucc/malignant(491),SYSUCC,1,auxiliary,SYSUCC/malignant(491).png,5f847e5f3dcede07588dee6726b24dece5104cfdedd01b5ea974f830c809c441,malignant(491)
gdph_sysucc/malignant(492),SYSUCC,1,auxiliary,SYSUCC/malignant(492).png,72d7ef9a8e1252ed3ce5808ab62a453fb84e244f01dbc3e63667c1f256175c00,malignant(492)
gdph_sysucc/malignant(493),SYSUCC,1,auxiliary,SYSUCC/malignant(493).png,d703cc5bd487ae1d7a8fe68bd2bf9bfd68e7bf7f43e03c51c5a9b3e8f3c10400,malignant(493)|malignant(642)
gdph_sysucc/malignant(494),SYSUCC,1,auxiliary,SYSUCC/malignant(494).png,ce07cc1ed61b31a9aef5aa7207271bbbbb12775e80c396de9a31875bcfb7bba7,malignant(494)|malignant(643)
gdph_sysucc/malignant(495),SYSUCC,1,auxiliary,SYSUCC/malignant(495).png,ce9e1374bfc95d58c6fa952a1af62674c81db92d6eabac79162ec199e1d8d1f4,malignant(495)
gdph_sysucc/malignant(496),SYSUCC,1,auxiliary,SYSUCC/malignant(496).png,4dcdf80c204c4ec0ecc906aed39ba9de0d54ad6c10be529d44962b5563101c21,malignant(496)
gdph_sysucc/malignant(497),SYSUCC,1,auxiliary,SYSUCC/malignant(497).png,e0ee6c223374de19376048de00351d055a1133833c68b9b94abcd3d8f8bfc6ca,malignant(497)
gdph_sysucc/malignant(498),SYSUCC,1,auxiliary,SYSUCC/malignant(498).png,bc40a94d8c73d20d8dca72a3fbaf5516d7eabde01f45e28ffdbd487c29591518,malignant(498)
gdph_sysucc/malignant(499),SYSUCC,1,auxiliary,SYSUCC/malignant(499).png,7a8194bdafdc394c00246fb54a9e53d373b2694ba937a9ba45841c12c516dc2a,malignant(499)
gdph_sysucc/malignant(5),SYSUCC,1,auxiliary,SYSUCC/malignant(5).png,3c8034a021449caafd6dbe253e74fbb9eba328c0dd20f6fa84294d59fcb38bba,malignant(5)
gdph_sysucc/malignant(50),SYSUCC,1,auxiliary,SYSUCC/malignant(50).png,3ba9aefe7980a1b2f5d1350c904f161c676e4369b1f8006f47aabc9ae48c7787,malignant(50)
gdph_sysucc/malignant(500),SYSUCC,1,auxiliary,SYSUCC/malignant(500).png,f101f46539b1a43802196d715c941bedafe5fb5621d128b9700b4671c74a37f9,malignant(500)
gdph_sysucc/malignant(501),SYSUCC,1,auxiliary,SYSUCC/malignant(501).png,65f53ca219954d7a658db3f1a02d16ba2ec55c35b426d5fe6babe130f0e3b79e,malignant(501)
gdph_sysucc/malignant(502),SYSUCC,1,auxiliary,SYSUCC/malignant(502).png,e9e5c14f7bcb818c4e20e0629294bcd29108353d77992e06c314551a4213437e,malignant(502)
gdph_sysucc/malignant(503),SYSUCC,1,auxiliary,SYSUCC/malignant(503).png,3c5b11105317bbe1227863c6ca836666be580d37add0992f6d538981bd53514a,malignant(503)
gdph_sysucc/malignant(504),SYSUCC,1,auxiliary,SYSUCC/malignant(504).png,6b4d5dcd5afe5ed5210392af0a941a1c9cf085181f192d8ec3a6961ab8fd554b,malignant(504)
gdph_sysucc/malignant(505),SYSUCC,1,auxiliary,SYSUCC/malignant(505).png,e9c2cadc160e8df8f1b4f4970d64a66083b176fd6026305e238c15e02a3d0dce,malignant(505)
gdph_sysucc/malignant(506),SYSUCC,1,auxiliary,SYSUCC/malignant(506).png,367ee17cd2eb8b573c40543f019f3947022de3d80caef0c77cc2ce951506e08b,malignant(506)
gdph_sysucc/malignant(507),SYSUCC,1,auxiliary,SYSUCC/malignant(507).png,1a688054be4a31ac4ae0bf5d5398d6425e6227efbb45be6efdfa3eb513f29367,malignant(507)
gdph_sysucc/malignant(508),SYSUCC,1,auxiliary,SYSUCC/malignant(508).png,3370ffa5107449397c90da352c0c99af70bb4236e0aab905ad0b4d903fbed93c,malignant(508)
gdph_sysucc/malignant(509),SYSUCC,1,auxiliary,SYSUCC/malignant(509).png,b846d6127f79f5b8d3aa7fa249b58f83096e55e8c6a6522d3e8dcfdb9f6b6b8b,malignant(509)
gdph_sysucc/malignant(51),SYSUCC,1,auxiliary,SYSUCC/malignant(51).png,d31fbd571b48cce12f656f3e8eeb2044d648bd614a5d35ad97fc2917a5e85c69,malignant(51)
gdph_sysucc/malignant(510),SYSUCC,1,auxiliary,SYSUCC/malignant(510).png,bf9822dd2300bd0891901ff42b582a59f6d6950f4e50f9b3245df0281e53418c,malignant(510)
gdph_sysucc/malignant(511),SYSUCC,1,auxiliary,SYSUCC/malignant(511).png,237639938ee57e6b31c46f4e6881c3295207549c0d4b778aaed78e57d4e0b53b,malignant(511)
gdph_sysucc/malignant(512),SYSUCC,1,auxiliary,SYSUCC/malignant(512).png,46ce100d0251c6248b6861dcf5c796d86dc6ffabd11e16de4b3e20d5c6a46aae,malignant(512)
gdph_sysucc/malignant(513),SYSUCC,1,auxiliary,SYSUCC/malignant(513).png,5d50a222e7b779189ed04ea3afa79b9ec667d8c809e99ae47c33e31648a9b797,malignant(513)
gdph_sysucc/malignant(514),SYSUCC,1,auxiliary,SYSUCC/malignant(514).png,5a939a3af100a62f9cbec98666dc9d412e2344f84031dc341ce8f5c592df0741,malignant(514)
gdph_sysucc/malignant(515),SYSUCC,1,auxiliary,SYSUCC/malignant(515).png,705f3b9e0d9557dba3cbe4125b9a0fdb65d5c6628b632cadb66a1f5a4c606c54,malignant(515)
gdph_sysucc/malignant(516),SYSUCC,1,auxiliary,SYSUCC/malignant(516).png,b20a64b45f312ea5f3ba8529d452267aa73f5aacdb7228bd0a222e34d2513225,malignant(516)
gdph_sysucc/malignant(517),SYSUCC,1,auxiliary,SYSUCC/malignant(517).png,ce1929a0f9d322d5a8ee56892e0b5bf7656d69cab34c81cd1b4dedb51b84bb3c,malignant(517)
gdph_sysucc/malignant(518),SYSUCC,1,auxiliary,SYSUCC/malignant(518).png,a0f73a47c55970e2d0fcf6d06a6fb45e93b83dd16302efe8553f7ccf5479361a,malignant(518)
gdph_sysucc/malignant(519),SYSUCC,1,auxiliary,SYSUCC/malignant(519).png,aa5c993103c96f1035d65c038d265ff75cec5b91f705330062c3bff3c33ade6c,malignant(519)
gdph_sysucc/malignant(52),SYSUCC,1,auxiliary,SYSUCC/malignant(52).png,afb6d65b7af2a3ec16cc9b9cb74ed3352d50246675c86303f6bb310432b134c7,malignant(52)
gdph_sysucc/malignant(520),SYSUCC,1,auxiliary,SYSUCC/malignant(520).png,17b358ac3ef8a9718b871c7f5693c07e887c4a920af4a6ce5fb177ea2a805fbc,malignant(520)
gdph_sysucc/malignant(521),SYSUCC,1,auxiliary,SYSUCC/malignant(521).png,33d08cb1133423e25c738e28e6724ebab0990af297415e699e43bc9856e8d105,malignant(521)
gdph_sysucc/malignant(522),SYSUCC,1,auxiliary,SYSUCC/malignant(522).png,0c4f6d51d4532cd95d3db430ccf9a76520bcb123f9497e9cc89ccd64eddd2903,malignant(522)
gdph_sysucc/malignant(523),SYSUCC,1,auxiliary,SYSUCC/malignant(523).png,626cefc51c9ae77913497ff6bdaa5a925be80e8ca562078610e9ac9526031808,malignant(523)
gdph_sysucc/malignant(524),SYSUCC,1,auxiliary,SYSUCC/malignant(524).png,1cb2f204a37f7e3f6d4e72f75a84ffacb4ff5cf2a32be29943148813ecceabc0,malignant(524)
gdph_sysucc/malignant(525),SYSUCC,1,auxiliary,SYSUCC/malignant(525).png,7a705e768c0b0c4e952c4f635163ffe89678eeb1fd4b4110e7116019b7f38d4c,malignant(525)
gdph_sysucc/malignant(526),SYSUCC,1,auxiliary,SYSUCC/malignant(526).png,74f0d5c9cb9afaa1034bab63cfbd5fcfb6f0d5443ed9f40be21b120111df279c,malignant(526)
gdph_sysucc/malignant(527),SYSUCC,1,auxiliary,SYSUCC/malignant(527).png,cb7e49d96678f86f2c534e8b27752a08998a2fd2109fb4bf91464888be399328,malignant(527)
gdph_sysucc/malignant(528),SYSUCC,1,auxiliary,SYSUCC/malignant(528).png,7dd1f19550c95eed2305098b8916ffb6c897e864a728f1596193307d9e1b796c,malignant(528)
gdph_sysucc/malignant(529),SYSUCC,1,auxiliary,SYSUCC/malignant(529).png,5bdbb7241308cff0e99bf3462abc359ede4cadb1a9fef47cbb8980d0ae5845bd,malignant(529)
gdph_sysucc/malignant(53),SYSUCC,1,auxiliary,SYSUCC/malignant(53).png,99faf4429a2f9ae28681f697d305b7f0cccf5fa93b908f27d669766b56a83771,malignant(53)
gdph_sysucc/malignant(530),SYSUCC,1,auxiliary,SYSUCC/malignant(530).png,bb888bf6171f9f51969bf9ac1986297daf12606c22c08ea6ccf05923456f662f,malignant(530)
gdph_sysucc/malignant(531),SYSUCC,1,auxiliary,SYSUCC/malignant(531).png,304fd1147946e04c89d279c3895d27ca3b77817e74d4df82283a494cd035781d,malignant(531)
gdph_sysucc/malignant(532),SYSUCC,1,auxiliary,SYSUCC/malignant(532).png,5e6f59fe0af9f2e11d8a76bd9e12b0e43ff723f551ea91dbfc51a5b91b4ffd76,malignant(532)
gdph_sysucc/malignant(533),SYSUCC,1,auxiliary,SYSUCC/malignant(533).png,c549b9bf64ff8b5863d222309b2f5a9849bbe2df252020e12e3a703b377d6f66,malignant(533)
gdph_sysucc/malignant(534),SYSUCC,1,auxiliary,SYSUCC/malignant(534).png,5a5ab555f0d0e13eb786df0de2bfa4fe4bc431337821ca5c4004e13f439ca135,malignant(534)
gdph_sysucc/malignant(535),SYSUCC,1,auxiliary,SYSUCC/malignant(535).png,62301ae357004a80ee74eabe2eaa87976bb29f40a69a7bf394c524f33e0ae44d,malignant(535)
gdph_sysucc/malignant(536),SYSUCC,1,auxiliary,SYSUCC/malignant(536).png,b080ebc129629e7357b6803918361f57adf776695c5fc32bcb77a8a31ba9fdf0,malignant(536)
gdph_sysucc/malignant(537),SYSUCC,1,auxiliary,SYSUCC/malignant(537).png,e2d1f8dff4d63a1306fea90398ce2e4595f6006afe6b4a22be05942dfe0297be,malignant(537)
gdph_sysucc/malignant(538),SYSUCC,1,auxiliary,SYSUCC/malignant(538).png,03e97bded18f94253a099bcccde7c39c3fc2771e8aa5a2142be6e4f72873c529,malignant(538)
gdph_sysucc/malignant(539),SYSUCC,1,auxiliary,SYSUCC/malignant(539).png,2c4635a31665bd8182800ee8ec50549d078f8e15c68b78da00ae75e61a6b73e3,malignant(539)
gdph_sysucc/malignant(54),SYSUCC,1,auxiliary,SYSUCC/malignant(54).png,39ff72f1af6b806081f8a03f6cd9f2fa8b4eb68b7affd1cc3498b34480528ccd,malignant(54)
gdph_sysucc/malignant(540),SYSUCC,1,auxiliary,SYSUCC/malignant(540).png,65ad641eb23d6599318d31de417efbc0aa2d4365771466ff156ef1786c6e23c5,malignant(540)
gdph_sysucc/malignant(541),SYSUCC,1,auxiliary,SYSUCC/malignant(541).png,60cc9eee415983806ca9da6cd86cde28414af95ffdb42d5e99887685ec2a4451,malignant(541)
gdph_sysucc/malignant(542),SYSUCC,1,auxiliary,SYSUCC/malignant(542).png,276a205ba744f319922e4ec3d808e1f6f23af7b1408904e3782baa6cc5093c39,malignant(542)
gdph_sysucc/malignant(543),SYSUCC,1,auxiliary,SYSUCC/malignant(543).png,f031261f6959e6edbdcea1ca6be4519dd71317e72f115a6af4c6e572e2a48d56,malignant(1026)|malignant(543)
gdph_sysucc/malignant(544),SYSUCC,1,auxiliary,SYSUCC/malignant(544).png,700ab04fd384a6e2d0d986afcf76b68e2890bd20597f03bedd9a2a188d56af6e,malignant(1027)|malignant(544)
gdph_sysucc/malignant(545),SYSUCC,1,auxiliary,SYSUCC/malignant(545).png,796bb3dacbdd5bf80a1912c39ede8c39b2dcab3214d06aa9422cbe4e090518f9,malignant(545)
gdph_sysucc/malignant(546),SYSUCC,1,auxiliary,SYSUCC/malignant(546).png,bb8a175410bec021a93bbd0622ef4f58de11a9b9495c9559acdba585060380b5,malignant(546)
gdph_sysucc/malignant(547),SYSUCC,1,auxiliary,SYSUCC/malignant(547).png,d29b9ca73199eac9c61faba36220fcca4374810c3f8ca133ce05e0fe0e8744dd,malignant(547)
gdph_sysucc/malignant(548),SYSUCC,1,auxiliary,SYSUCC/malignant(548).png,855c2774ef9a1a2547db20bff3fdbf155d077a7abf16e8e9f39ea98c525b5fa9,malignant(548)
gdph_sysucc/malignant(549),SYSUCC,1,auxiliary,SYSUCC/malignant(549).png,fdad2bd971c192f1dad6e1117b7adbf68702d0b8946755bde0845a5078232a7b,malignant(549)
gdph_sysucc/malignant(55),SYSUCC,1,auxiliary,SYSUCC/malignant(55).png,85265fcd498e2be743df867fceade017a61f8925197c1a122a5efc5734357c88,malignant(55)
gdph_sysucc/malignant(550),SYSUCC,1,auxiliary,SYSUCC/malignant(550).png,8cbb59b68b79d5acb00d79ae67d2ff948c3f02526c6932df46581bed14d28411,malignant(550)
gdph_sysucc/malignant(551),SYSUCC,1,auxiliary,SYSUCC/malignant(551).png,04f1fb666325ed9a548e1bf63a1f962afda34bcde008b5c0ba5cca2143320de1,malignant(551)
gdph_sysucc/malignant(552),SYSUCC,1,auxiliary,SYSUCC/malignant(552).png,0f6d7fabd71eebfc107119a43fe64374b09a2699719aa8194d7df7e0bcbc325f,malignant(552)
gdph_sysucc/malignant(553),SYSUCC,1,auxiliary,SYSUCC/malignant(553).png,769d41ea78bd60052e3c7b81ea5dcbcef0367cc7723dba46d615f410c8e79adc,malignant(553)
gdph_sysucc/malignant(554),SYSUCC,1,auxiliary,SYSUCC/malignant(554).png,5e07dbb1d5328acab9db1d781ef7c8b20a0a2dd502044d102663e1cdb8d7e8ee,malignant(554)
gdph_sysucc/malignant(555),SYSUCC,1,auxiliary,SYSUCC/malignant(555).png,61f3d16116b7daa4ce57d6a92b4d8762f0654b170429913a9e916087b7275bf4,malignant(555)
gdph_sysucc/malignant(556),SYSUCC,1,auxiliary,SYSUCC/malignant(556).png,4098460118cc79c759b2212a0f23c8d0877e90b1cf584fb6c6b3fa62a5df23ce,malignant(556)
gdph_sysucc/malignant(557),SYSUCC,1,auxiliary,SYSUCC/malignant(557).png,0ff37e335547d1fb1b21d3859e0124e532b2e0c893eda3e397b70c4fb6dd312b,malignant(557)
gdph_sysucc/malignant(558),SYSUCC,1,auxiliary,SYSUCC/malignant(558).png,c8bef9b8997ec0ee5e1c1bd47ecdf9f307cd11361e7c0f0eb332160bc5b1c9be,malignant(558)
gdph_sysucc/malignant(559),SYSUCC,1,auxiliary,SYSUCC/malignant(559).png,dc8ce897a3ae46a25b0382c923f319a93a716cfbb66802275a7f30ff5bb311a8,malignant(559)
gdph_sysucc/malignant(56),SYSUCC,1,auxiliary,SYSUCC/malignant(56).png,359441460c32614645eaa780f2f801ba46e6c1859ce351c2de3233c101d96d90,malignant(56)
gdph_sysucc/malignant(560),SYSUCC,1,auxiliary,SYSUCC/malignant(560).png,393b14cfbbd49a86c034d271338601ace2542e6a21fc3bf530ea6a815a2868d7,malignant(560)
gdph_sysucc/malignant(561),SYSUCC,1,auxiliary,SYSUCC/malignant(561).png,9ae3cabbceaa7a3981a6516d3970b8fdf01020c16c55c8420e65427284cd9357,malignant(561)
gdph_sysucc/malignant(562),SYSUCC,1,auxiliary,SYSUCC/malignant(562).png,84639e6cd9df1095eaf188c51f5671a676f132878667a4019ea36ae562a031b2,malignant(562)
gdph_sysucc/malignant(563),SYSUCC,1,auxiliary,SYSUCC/malignant(563).png,7543ce1c43ae260282b1077b15cf4c575ae5f918a0ae8475859e7696caed3238,malignant(563)
gdph_sysucc/malignant(564),SYSUCC,1,auxiliary,SYSUCC/malignant(564).png,f79056581b74b03be81757c5b97604a144c3444d5e8fcb40e83e43e90e4eb58f,malignant(564)
gdph_sysucc/malignant(565),SYSUCC,1,auxiliary,SYSUCC/malignant(565).png,e17308abc89558296b1e1339b0fa4fc140462d25a2165f0b9ee79fd56c023f2f,malignant(565)
gdph_sysucc/malignant(566),SYSUCC,1,auxiliary,SYSUCC/malignant(566).png,2bf530204a09891eff9b41f37052fb0427ae74dd0718533b1a0e1b62726fe2b9,malignant(566)
gdph_sysucc/malignant(567),SYSUCC,1,auxiliary,SYSUCC/malignant(567).png,7119967e460b79e3931556fcb71bb7c9b3edb4403c1877c979b97b3d48d0a6a7,malignant(567)
gdph_sysucc/malignant(568),SYSUCC,1,auxiliary,SYSUCC/malignant(568).png,5428bb957b9abd57cb9c95ab8b8d2c86aabdef2b5cd40037bb80eb97ac5b10cb,malignant(568)
gdph_sysucc/malignant(569),SYSUCC,1,auxiliary,SYSUCC/malignant(569).png,c42120580ee2b314e27ce11ae1aa81f50a330eae4201b348ef6b8260f6c14e2e,malignant(569)
gdph_sysucc/malignant(57),SYSUCC,1,auxiliary,SYSUCC/malignant(57).png,9a4bfada58d921950aee55e5b1a2cc091a2de6d083059100c285f61282971936,malignant(57)
gdph_sysucc/malignant(570),SYSUCC,1,auxiliary,SYSUCC/malignant(570).png,7411a30e2ee7fc7cba298f130605a87fdd5647b2befff984331dacb0bbbbed7b,malignant(570)
gdph_sysucc/malignant(571),SYSUCC,1,auxiliary,SYSUCC/malignant(571).png,f213735e0c624383cc8175c36425f49c452688c59b800af9baab13c25c1cb1a7,malignant(571)
gdph_sysucc/malignant(572),SYSUCC,1,auxiliary,SYSUCC/malignant(572).png,99404f8d40a55ea0340333b14a524322198b0fcdbda71b5fdfe749609e5a3a41,malignant(572)
gdph_sysucc/malignant(573),SYSUCC,1,auxiliary,SYSUCC/malignant(573).png,f18499f361c1857e5518cc42d2a40ba957ca411c522785db495ef18312c40aad,malignant(573)
gdph_sysucc/malignant(574),SYSUCC,1,auxiliary,SYSUCC/malignant(574).png,198e63c9589721905dadcddc177df3b1bcafb0b9733d9ded6651ca1e43cc35e2,malignant(574)
gdph_sysucc/malignant(575),SYSUCC,1,auxiliary,SYSUCC/malignant(575).png,fea9b9c865497edad3594de6746f3c0c57fe591d23d43fd82f2fe8269c17c829,malignant(575)
gdph_sysucc/malignant(576),SYSUCC,1,auxiliary,SYSUCC/malignant(576).png,536adc4611d5a43417d95038194c6645fa84d01c99290db25f5278e2822099bc,malignant(576)
gdph_sysucc/malignant(577),SYSUCC,1,auxiliary,SYSUCC/malignant(577).png,42657c58996ff9fe93ac14383cbd59cd9b40653331c07f5519da494c95bea7ac,malignant(577)
gdph_sysucc/malignant(578),SYSUCC,1,auxiliary,SYSUCC/malignant(578).png,6ad1bde6aac1f5ba0cbf795ddf19202a70c9940eb3c60b6ccf4547fcd9c58e46,malignant(578)
gdph_sysucc/malignant(579),SYSUCC,1,auxiliary,SYSUCC/malignant(579).png,1c1efa26cc4ed83eac1d13eea3adb57b7890b6680838c177821dfd04aff5d965,malignant(579)
gdph_sysucc/malignant(58),SYSUCC,1,auxiliary,SYSUCC/malignant(58).png,556a919c20a3a3963de5b84dbf29add5f3f209cac18cc8dfb9616c33c2d5c968,malignant(58)
gdph_sysucc/malignant(580),SYSUCC,1,auxiliary,SYSUCC/malignant(580).png,343a255956db47e1907b79b976ef7fc467e317621c47ec47f7260618a2db6d07,malignant(580)
gdph_sysucc/malignant(581),SYSUCC,1,auxiliary,SYSUCC/malignant(581).png,ad4e4b2617902cc01001199397e738f960e2fe823c33ed3fb00083ceaf43a695,malignant(581)
gdph_sysucc/malignant(582),SYSUCC,1,auxiliary,SYSUCC/malignant(582).png,7b1c4f626199a863d71a75c58fd0e10ed276fbed788815462885e67b97963e96,malignant(582)
gdph_sysucc/malignant(583),SYSUCC,1,auxiliary,SYSUCC/malignant(583).png,2fdca01cd2b333637df78c7cfc1720a0b12b58dbf91e52190b2354f62a34fafe,malignant(583)
gdph_sysucc/malignant(584),SYSUCC,1,auxiliary,SYSUCC/malignant(584).png,8a7cd8bcc84a302760b7ee61ea57f83d72342bc7f46cd0351b2f9f98c4fb2b6d,malignant(584)
gdph_sysucc/malignant(585),SYSUCC,1,auxiliary,SYSUCC/malignant(585).png,5062c7ecf9c1f2bfd3fe9b2cf9082091b592f45a2e3524d08c783b445b46e87a,malignant(585)
gdph_sysucc/malignant(586),SYSUCC,1,auxiliary,SYSUCC/malignant(586).png,bb6f04df3c2c925f029278aba249fa2ba2d90a78a50683553fe02af63e50abbc,malignant(586)
gdph_sysucc/malignant(587),SYSUCC,1,auxiliary,SYSUCC/malignant(587).png,900b2f5821bcf338f28165e720edb76867c7c2f555aaaaf6548ecac43b4bf77c,malignant(587)
gdph_sysucc/malignant(588),SYSUCC,1,auxiliary,SYSUCC/malignant(588).png,5cf64871d2605b7773a78b4330949fdc08cb065b6dabb910e5bd730bed21704d,malignant(588)
gdph_sysucc/malignant(589),SYSUCC,1,auxiliary,SYSUCC/malignant(589).png,b3b8b67fa8bc4df951a5c8b6e51ad302b6092cec438aa2e0131bb23a664447ba,malignant(589)
gdph_sysucc/malignant(59),SYSUCC,1,auxiliary,SYSUCC/malignant(59).png,8b6e82842fe7d954041111bfeac9898ab8faa34882d66d1029c72a6aaaf70844,malignant(59)
gdph_sysucc/malignant(590),SYSUCC,1,auxiliary,SYSUCC/malignant(590).png,02e984823b8415975d68547063fe9861f4237afe20fb56381fe485bffe011176,malignant(590)|malignant(592)
gdph_sysucc/malignant(591),SYSUCC,1,auxiliary,SYSUCC/malignant(591).png,c93b33d2ac7b3d237cf7ac9e6800452d079e83be520dfb027e0d24805bac1428,malignant(591)
gdph_sysucc/malignant(593),SYSUCC,1,auxiliary,SYSUCC/malignant(593).png,9ea5aa4295010f3a447b85a890a10dcfe11c134b0727a8d75f471b9281bbd7e8,malignant(593)
gdph_sysucc/malignant(594),SYSUCC,1,auxiliary,SYSUCC/malignant(594).png,57ff08413fec9744dc6886328332031ecb56199a921f9b7ee1e2655c573d382a,malignant(594)
gdph_sysucc/malignant(595),SYSUCC,1,auxiliary,SYSUCC/malignant(595).png,9434549166abcf482d6940e46b85b8371f278a332136ee75f31d3a2f339596aa,malignant(595)
gdph_sysucc/malignant(596),SYSUCC,1,auxiliary,SYSUCC/malignant(596).png,3341b4bcf4338d636c5d19b17a915d90a538a3908d99bcc5b9c2e25209580d93,malignant(596)
gdph_sysucc/malignant(597),SYSUCC,1,auxiliary,SYSUCC/malignant(597).png,f9f065018599d7c62c4ffe487a27019c20d1e2ccbbd908c2958f04855ab93d88,malignant(597)
gdph_sysucc/malignant(598),SYSUCC,1,auxiliary,SYSUCC/malignant(598).png,df73715a6afd60bb1925e5b35b31c5ce5d65968692771964ec040a9e2eef7b05,malignant(598)
gdph_sysucc/malignant(599),SYSUCC,1,auxiliary,SYSUCC/malignant(599).png,966a81efa730cf59290ddd0716c7b557aa76ca97663ed38bad1d17c90fb67dc8,malignant(599)
gdph_sysucc/malignant(6),SYSUCC,1,auxiliary,SYSUCC/malignant(6).png,0b5a98434ecc3fbe6ee7d27a538ba2b7bbd94d73a22a8029a684b2590b9a2b4a,malignant(6)
gdph_sysucc/malignant(60),SYSUCC,1,auxiliary,SYSUCC/malignant(60).png,4916b47adffb7877737bffb2cf61f9460e5633c99b18f900b5b2aef967e3bac7,malignant(60)
gdph_sysucc/malignant(600),SYSUCC,1,auxiliary,SYSUCC/malignant(600).png,5009c91c0c62e1c9237daa849583b07aa3675a451b05d2a42a214608ec767886,malignant(600)
gdph_sysucc/malignant(601),SYSUCC,1,auxiliary,SYSUCC/malignant(601).png,3fec2843bda814f0ec1a4bf82f994828168dd3085ede30d720b25f1c37912769,malignant(601)
gdph_sysucc/malignant(602),SYSUCC,1,auxiliary,SYSUCC/malignant(602).png,ccd783b7b99c68167fb23c1c0c6965499bdab5ba71b48351bbce55aec42e8b15,malignant(602)
gdph_sysucc/malignant(603),SYSUCC,1,auxiliary,SYSUCC/malignant(603).png,b29f75d6389ec48c870382c56e2396b22ed91fda3ab02a0677f1808a24a2df7f,malignant(603)
gdph_sysucc/malignant(604),SYSUCC,1,auxiliary,SYSUCC/malignant(604).png,52de8e0ed8980176b7b5846cddd344b39bd8410f974ccec32cb73edcbbf8aa21,malignant(604)
gdph_sysucc/malignant(605),SYSUCC,1,auxiliary,SYSUCC/malignant(605).png,99175c0fb5c98b5c467cdd4a08f75644aebc4edd7c5400be48db61dcd3ffa956,malignant(605)
gdph_sysucc/malignant(606),SYSUCC,1,auxiliary,SYSUCC/malignant(606).png,253753f482365ac1e3ff6b9a0aa6e6372e8272a0cda2f2ad929986d8150da4c0,malignant(606)
gdph_sysucc/malignant(607),SYSUCC,1,auxiliary,SYSUCC/malignant(607).png,dc11dcf5566de308463fdce0b2811ae87a5c764f4d1a7e75ff00b0768c5eac9a,malignant(607)
gdph_sysucc/malignant(608),SYSUCC,1,auxiliary,SYSUCC/malignant(608).png,f83a5a23e8843d2c3d0fd4e387bdc4227d0c7f0312a2cfec175ddb599d92e98b,malignant(608)
gdph_sysucc/malignant(609),SYSUCC,1,auxiliary,SYSUCC/malignant(609).png,d3523215bfcc9fcdacf9a8fd525fdfa7ea49cfa9f0888b51e90c6b9937cc3d82,malignant(609)
gdph_sysucc/malignant(61),SYSUCC,1,auxiliary,SYSUCC/malignant(61).png,4aea8b7bca518f150f8dc5f74f20eed188ae321420f7d7743bc783d65ce1cf07,malignant(61)
gdph_sysucc/malignant(610),SYSUCC,1,auxiliary,SYSUCC/malignant(610).png,080bdf109243e6ba11c8b2ccb3b3d02f0f4a0196515d5a8361d0d3bd8140c7b9,malignant(610)
gdph_sysucc/malignant(611),SYSUCC,1,auxiliary,SYSUCC/malignant(611).png,e45e0aff99cd83718bf13816f7e869b207685beb47431b83d0dd05163b2a02ce,malignant(611)
gdph_sysucc/malignant(612),SYSUCC,1,auxiliary,SYSUCC/malignant(612).png,3224fdf57d60424e31d9346f18972f60b76bcd6933c334e2db06bb8ecb1c1c20,malignant(612)|malignant(613)
gdph_sysucc/malignant(614),SYSUCC,1,auxiliary,SYSUCC/malignant(614).png,962da03d47d648879a32e331dc5590eeeae38d0ce9bfa0d5491070f1b4793da0,malignant(614)
gdph_sysucc/malignant(615),SYSUCC,1,auxiliary,SYSUCC/malignant(615).png,48321988e794b29f97a5cdd7b77a7138ef10ebf5c2a4622c596f3874172ee6ad,malignant(615)
gdph_sysucc/malignant(616),SYSUCC,1,auxiliary,SYSUCC/malignant(616).png,92c1351f32819e137ece55dbf3846bb35cb6724dfa13f79a47fef792de136d8d,malignant(616)
gdph_sysucc/malignant(617),SYSUCC,1,auxiliary,SYSUCC/malignant(617).png,c6b83f31c47559cd0d92332667d7d272bb376267c47c787a2c2cfae36dd16122,malignant(617)
gdph_sysucc/malignant(618),SYSUCC,1,auxiliary,SYSUCC/malignant(618).png,dd5c9bd2ecd74af894cafceb343380a204a405d69461474a5a6b0231b035d540,malignant(618)
gdph_sysucc/malignant(619),SYSUCC,1,auxiliary,SYSUCC/malignant(619).png,45d57647f030876c50d5969eca078926d201ea775dffb0f3b95f781641044e4c,malignant(619)
gdph_sysucc/malignant(62),SYSUCC,1,auxiliary,SYSUCC/malignant(62).png,562c532b8ae79be98b6750cbf5c91f7b4c084fae76af8e8c1542420d178dfa8f,malignant(62)
gdph_sysucc/malignant(620),SYSUCC,1,auxiliary,SYSUCC/malignant(620).png,5457ee85f8729d486b60faa247d666f79c0ea0caf45226d0f96cf6d017569633,malignant(620)
gdph_sysucc/malignant(621),SYSUCC,1,auxiliary,SYSUCC/malignant(621).png,6c569c1ccf369b4567925611d2e9e8fba02b5b423272189bf9d8ad702bdd0f80,malignant(621)
gdph_sysucc/malignant(622),SYSUCC,1,auxiliary,SYSUCC/malignant(622).png,a8786d7f0bd4bbf3677edfdd663c0fa53fb8e0eaa3f0a27dcfe8f815d1b917a9,malignant(622)
gdph_sysucc/malignant(623),SYSUCC,1,auxiliary,SYSUCC/malignant(623).png,eaea67876d53c5ddd483ecf313ea37d2b0ac220df7ef9ce9c079746b74c440bd,malignant(623)
gdph_sysucc/malignant(624),SYSUCC,1,auxiliary,SYSUCC/malignant(624).png,bede0a23d2ae567edacb134291fa72ba31485c3fcb164944e5f1355f34664081,malignant(624)
gdph_sysucc/malignant(625),SYSUCC,1,auxiliary,SYSUCC/malignant(625).png,54a9a8ac71f5b8bf72e6574a569b0ef7694baa243bc45923c400e27160bc8295,malignant(625)
gdph_sysucc/malignant(626),SYSUCC,1,auxiliary,SYSUCC/malignant(626).png,d40a3727e838977229ef9b3ccac024ccd0ff72626427a7d7e8f805f1486cb050,malignant(626)
gdph_sysucc/malignant(627),SYSUCC,1,auxiliary,SYSUCC/malignant(627).png,0b3d7c5f15f35d243c5bbbdf346bd529d4a428d844b78c7e62c2fe546e5582d1,malignant(627)
gdph_sysucc/malignant(628),SYSUCC,1,auxiliary,SYSUCC/malignant(628).png,c23876b4aca96f1f55a8c6a13466328fdd67ee5f4c0e05c76ce6f19c94247921,malignant(628)
gdph_sysucc/malignant(629),SYSUCC,1,auxiliary,SYSUCC/malignant(629).png,4ad01579949654c5ec1d66c74f51725d8abb4de730ef8ff1e8b28a2137ab1feb,malignant(629)
gdph_sysucc/malignant(63),SYSUCC,1,auxiliary,SYSUCC/malignant(63).png,c08926a1f85ccbb170098fecacdb775396bbbdf3f74f2add465a24e2ce05265a,malignant(63)
gdph_sysucc/malignant(630),SYSUCC,1,auxiliary,SYSUCC/malignant(630).png,881e74c9d01a1c96da06598589964e2fa1fc74aef4950077a1983dd2b29734a1,malignant(630)
gdph_sysucc/malignant(631),SYSUCC,1,auxiliary,SYSUCC/malignant(631).png,8bee7b78903e7b00f01ba0bd18632d5f8992af79cb4c921857c4eebe9268b04c,malignant(631)
gdph_sysucc/malignant(632),SYSUCC,1,auxiliary,SYSUCC/malignant(632).png,5f5c8ec5fe680ca7f2bd56fe209e10a83ae1775b255b311ce12dcfa387bbfe45,malignant(632)
gdph_sysucc/malignant(633),SYSUCC,1,auxiliary,SYSUCC/malignant(633).png,617e577d9cef2f01bf00cc2d350bdd6c050dcf89ea537e1c25c32362304542ea,malignant(633)
gdph_sysucc/malignant(634),SYSUCC,1,auxiliary,SYSUCC/malignant(634).png,5b8f4484a4a3765eca6533170dc4a22acda90924075a699d0514a856ce120dbe,malignant(634)
gdph_sysucc/malignant(635),SYSUCC,1,auxiliary,SYSUCC/malignant(635).png,d3355e0a79ad15179b026b7dc957c62ff35308b8a24908b162af140fa582c61f,malignant(635)
gdph_sysucc/malignant(636),SYSUCC,1,auxiliary,SYSUCC/malignant(636).png,f9b9170cb9d427e17cf2af077f3faf69d564a999a496298172a0c916607e0ce7,malignant(636)
gdph_sysucc/malignant(637),SYSUCC,1,auxiliary,SYSUCC/malignant(637).png,a48edeff55b0320c5d892c43e8781909488cac0343003e6db834c188100a7272,malignant(637)
gdph_sysucc/malignant(638),SYSUCC,1,auxiliary,SYSUCC/malignant(638).png,f87cb50b3df7463e16020c167a55bc1138fa00b0473a06096713ac51a7f081e4,malignant(638)
gdph_sysucc/malignant(639),SYSUCC,1,auxiliary,SYSUCC/malignant(639).png,08426cce66fbd9053c7510b2272619fabdb099cd55b66834f566928b06ea06e9,malignant(639)
gdph_sysucc/malignant(64),SYSUCC,1,auxiliary,SYSUCC/malignant(64).png,85bc24ce8bac190bbefc7f46f5b968761d51709688beed766ab7f698dff34c96,malignant(64)
gdph_sysucc/malignant(640),SYSUCC,1,auxiliary,SYSUCC/malignant(640).png,c00ac3883c343b881c575225e18a92fd282ccefaf964bc60b1e2b951e4497ac4,malignant(640)
gdph_sysucc/malignant(641),SYSUCC,1,auxiliary,SYSUCC/malignant(641).png,01bc7db06af8f5c489ec3285836395e1d06a58451bb8cf40e7b9d7cfbb05af6a,malignant(641)
gdph_sysucc/malignant(644),SYSUCC,1,auxiliary,SYSUCC/malignant(644).png,270bc8b4a9ec6358fe3eefc917fdb6584e146849c78da7d5fe33cf2445fb54d4,malignant(644)
gdph_sysucc/malignant(645),SYSUCC,1,auxiliary,SYSUCC/malignant(645).png,b1c38fd53c7586e23881c6467d1b363f3a5a90151e71f6e4c2418144e1d53db8,malignant(645)
gdph_sysucc/malignant(646),SYSUCC,1,auxiliary,SYSUCC/malignant(646).png,75756506de86f43259421f09e67f1c07a295a6157ed395626f5645c1a5ed68ad,malignant(646)
gdph_sysucc/malignant(647),SYSUCC,1,auxiliary,SYSUCC/malignant(647).png,0c1c65e91eaeaba0f2ed2464e9a1de02a609fb6522ece1e3126261027bc3c7e1,malignant(647)
gdph_sysucc/malignant(648),SYSUCC,1,auxiliary,SYSUCC/malignant(648).png,ff5f45128e4aa60ad2bd3de6ec56e7db5ea0cf885cb3794b63d1cf374f2c24aa,malignant(648)
gdph_sysucc/malignant(649),SYSUCC,1,auxiliary,SYSUCC/malignant(649).png,3871f61301c1fee8168e8dead970b579173012c29b58bea71dc60639fd518a0a,malignant(649)
gdph_sysucc/malignant(65),SYSUCC,1,auxiliary,SYSUCC/malignant(65).png,112f37f69afb8a5a3f678e68e49c86edacb6fb117043d5325262b52112b9abaa,malignant(65)
gdph_sysucc/malignant(650),SYSUCC,1,auxiliary,SYSUCC/malignant(650).png,14dbaff85f8a11eb5b1b623768aae429a18db9a232bee3f5740f862df329ef4c,malignant(650)|malignant(651)
gdph_sysucc/malignant(652),SYSUCC,1,auxiliary,SYSUCC/malignant(652).png,63d36c71f7cc59af959c9fb0161ff3e596072cb35f1b0c8eb54ab9fd1593d808,malignant(652)
gdph_sysucc/malignant(653),SYSUCC,1,auxiliary,SYSUCC/malignant(653).png,87d3a3b93c275469127dfdd3ab21011cde5fdb7ba35931cd530d49151287e6f4,malignant(653)
gdph_sysucc/malignant(654),SYSUCC,1,auxiliary,SYSUCC/malignant(654).png,48b388f0733131ea5c912f3316e94a17111604a721c891318613ba5023fc117a,malignant(654)
gdph_sysucc/malignant(655),SYSUCC,1,auxiliary,SYSUCC/malignant(655).png,9f01c17d1210dd1742c2652f5b22ae310802c6bcc9543257cdd71afcbef8ceb4,malignant(655)
gdph_sysucc/malignant(656),SYSUCC,1,auxiliary,SYSUCC/malignant(656).png,396f69c572643d4e949d1c2d2443da7e94e0c51c5539640644c9398e4d5658cc,malignant(656)
gdph_sysucc/malignant(657),SYSUCC,1,auxiliary,SYSUCC/malignant(657).png,faffd4a31dd49bc63da82fd7cccac84fa92110d788bd0237d5fec08229856860,malignant(657)
gdph_sysucc/malignant(658),SYSUCC,1,auxiliary,SYSUCC/malignant(658).png,987b3a531b3f2892b281899336a64a346146bf99f207d12731146ba3515d0a53,malignant(658)
gdph_sysucc/malignant(659),SYSUCC,1,auxiliary,SYSUCC/malignant(659).png,af760376a25b59da4ed361661f2282a1e839a0464dacb52211017f816d064ce0,malignant(659)
gdph_sysucc/malignant(66),SYSUCC,1,auxiliary,SYSUCC/malignant(66).png,2526f2181b94387ad2a41be0d06157026f44240215e8926ab9bcf6197c5e44be,malignant(66)
gdph_sysucc/malignant(660),SYSUCC,1,auxiliary,SYSUCC/malignant(660).png,652571eb7eb07f5a33d08e4bf74941bd7b2e6ab3e6cfcaab7669bada4f759c07,malignant(660)
gdph_sysucc/malignant(661),SYSUCC,1,auxiliary,SYSUCC/malignant(661).png,7f3f12f218005c82e4f16ceb30e8b506b71cde92e3554e53ffe25606a198cc2f,malignant(661)
gdph_sysucc/malignant(662),SYSUCC,1,auxiliary,SYSUCC/malignant(662).png,dc5a415c691ddc08e8c9ca567aea28f5ade5e81db93797df2985c23ec59924e1,malignant(662)
gdph_sysucc/malignant(663),SYSUCC,1,auxiliary,SYSUCC/malignant(663).png,bb171f22c3f0a726fa8c3a722d88a358a30abf9f815119841243c53e104885e1,malignant(663)
gdph_sysucc/malignant(664),SYSUCC,1,auxiliary,SYSUCC/malignant(664).png,535b790b1b2a61d9997592d3afa279756ffe5a72fc2b321895e61bc716e101bc,malignant(664)
gdph_sysucc/malignant(665),SYSUCC,1,auxiliary,SYSUCC/malignant(665).png,62adb9ba5e42717f11b7a1a71c8c9a51d6b709c4dcc14c92fd1dc996e99237c8,malignant(665)
gdph_sysucc/malignant(666),SYSUCC,1,auxiliary,SYSUCC/malignant(666).png,4824b3b4fe75814588ad4d587a3e5ece2f2b848a90c8f84bb84efdac253944d3,malignant(666)
gdph_sysucc/malignant(667),SYSUCC,1,auxiliary,SYSUCC/malignant(667).png,93c4c1cff59440087a9a8aa7ca65aba147ee22854d141b4dc6b7109d64dedcf0,malignant(667)
gdph_sysucc/malignant(668),SYSUCC,1,auxiliary,SYSUCC/malignant(668).png,88ebc99cff422422db6205b1165e903832c8d1a25f6d4a4b47d84a7414078975,malignant(668)
gdph_sysucc/malignant(669),SYSUCC,1,auxiliary,SYSUCC/malignant(669).png,3320df6788825e930db6ecf57d214c3b5feb9578688632b0372db4bbba6ba667,malignant(669)
gdph_sysucc/malignant(67),SYSUCC,1,auxiliary,SYSUCC/malignant(67).png,476b8db88061ff86208d687bee2e6d79ca9bc5a05db1a13874f42feecd0de026,malignant(67)
gdph_sysucc/malignant(670),SYSUCC,1,auxiliary,SYSUCC/malignant(670).png,73fb9fd93c7d27552fc761d7d3a129ad9bfa7ba911e64c8885b9b60452eb8a72,malignant(670)
gdph_sysucc/malignant(671),SYSUCC,1,auxiliary,SYSUCC/malignant(671).png,6cf92c4dee3b490f5fa354c09caa396dc38f00dc347cfb58df287bf9dc670ed1,malignant(671)
gdph_sysucc/malignant(672),SYSUCC,1,auxiliary,SYSUCC/malignant(672).png,21b09423f8a95ae8990e3e7d62221120c51dfd5f9f00b24d5041a515694daab9,malignant(672)
gdph_sysucc/malignant(673),SYSUCC,1,auxiliary,SYSUCC/malignant(673).png,92e59f5d723a48fee8327d3f1d527453f7fa02902ec2e2d24573c13eb8bc9267,malignant(673)
gdph_sysucc/malignant(674),SYSUCC,1,auxiliary,SYSUCC/malignant(674).png,456b991b6e4d354dd8c28b2d81ba28e05037a6fe5ed854831e6e5766b57dff9f,malignant(674)
gdph_sysucc/malignant(675),SYSUCC,1,auxiliary,SYSUCC/malignant(675).png,70eac2ac6b3899fcb04ddc1ec71199cd041ea7d4f48b55d346002f646cbeb78f,malignant(675)
gdph_sysucc/malignant(676),SYSUCC,1,auxiliary,SYSUCC/malignant(676).png,f1c66e75dd0bbb035dc643c413fcf75e317ed37a273fa22535d3518e38966b3a,malignant(676)
gdph_sysucc/malignant(677),SYSUCC,1,auxiliary,SYSUCC/malignant(677).png,6ba4783e925d06a4574c1c5166d29b723954714493d97912eb32ada86e1ca6de,malignant(677)
gdph_sysucc/malignant(678),SYSUCC,1,auxiliary,SYSUCC/malignant(678).png,df255afa0730a486c1f43168b30406ba2626d5dd124b5b5c489ed254bf901fc5,malignant(678)
gdph_sysucc/malignant(679),SYSUCC,1,auxiliary,SYSUCC/malignant(679).png,83b08b68f99dbc1f130cd34c825c445c8b80815d97e32b317b01cf26037cb04c,malignant(679)
gdph_sysucc/malignant(68),SYSUCC,1,auxiliary,SYSUCC/malignant(68).png,aaf38db0e3d3c1149018e10567a02a3f9eda1fcb22f3b40ce93544571ebdca80,malignant(68)
gdph_sysucc/malignant(680),SYSUCC,1,auxiliary,SYSUCC/malignant(680).png,325c7646dc7c06c84d37c133529542abe86fc69449635938b416013008821609,malignant(680)
gdph_sysucc/malignant(681),SYSUCC,1,auxiliary,SYSUCC/malignant(681).png,985e41bdd4c65afc3bf1c22378a3b178e028c719ccbb231d207b3983e61c6e68,malignant(681)
gdph_sysucc/malignant(682),SYSUCC,1,auxiliary,SYSUCC/malignant(682).png,1918ef280289eb6f2fbc4cdcb072ca741684ac4ebeccb631231fe80d25f47a89,malignant(682)
gdph_sysucc/malignant(683),SYSUCC,1,auxiliary,SYSUCC/malignant(683).png,c548137afc81b57a60d14083fe6ee9832ddeafa70b2a417d11336c3d1da2a34c,malignant(683)
gdph_sysucc/malignant(684),SYSUCC,1,auxiliary,SYSUCC/malignant(684).png,16044cd9bd7772c8d83739e72ca6f8ed171498259a900da3de4ef8a318fcf8a5,malignant(684)
gdph_sysucc/malignant(685),SYSUCC,1,auxiliary,SYSUCC/malignant(685).png,b00df8df0e3388a8b9c01fcbdc8a8f1c27bd9e5ce931273f287ee4f3721b11ad,malignant(685)
gdph_sysucc/malignant(686),SYSUCC,1,auxiliary,SYSUCC/malignant(686).png,6a0496efbe316568a70b998465fffbb58da0f8f23fc13b35cffedc05d53a6c2d,malignant(686)
gdph_sysucc/malignant(687),SYSUCC,1,auxiliary,SYSUCC/malignant(687).png,94714b9f1a358cd041daa640ca94cbf105dc36e48f970297c8246322bda4621f,malignant(687)
gdph_sysucc/malignant(688),SYSUCC,1,auxiliary,SYSUCC/malignant(688).png,d107769bcdede783c99d755a00532af952d6a78bccd267effa0792592435c30e,malignant(688)
gdph_sysucc/malignant(689),SYSUCC,1,auxiliary,SYSUCC/malignant(689).png,fd3530d0f2f903d063d769c4b8365ec9068f8b8e1942026278986ee020522dcc,malignant(689)
gdph_sysucc/malignant(69),SYSUCC,1,auxiliary,SYSUCC/malignant(69).png,b6854020cdbecea9eef3e86ab7da01af680d2c413be5005ef4090082b6fc08be,malignant(69)
gdph_sysucc/malignant(690),SYSUCC,1,auxiliary,SYSUCC/malignant(690).png,a4da83b4988d478a7ef59ab598e5c7148206bcbbf9c8194a6f83d88596c3ef6d,malignant(690)
gdph_sysucc/malignant(691),SYSUCC,1,auxiliary,SYSUCC/malignant(691).png,aa9033a7f9dc7553c8a265f68eb789faf985a31fc732fceb193d0cadbd82f886,malignant(691)
gdph_sysucc/malignant(692),SYSUCC,1,auxiliary,SYSUCC/malignant(692).png,63688c3d55741ed6c63cd853d8acf17af83a387249dbe4e8b4df01d8493c36f2,malignant(692)
gdph_sysucc/malignant(693),SYSUCC,1,auxiliary,SYSUCC/malignant(693).png,9fd7801fde0ee4318ddc1c7e5a9792187981ae3084217f434fb403015a472d69,malignant(693)
gdph_sysucc/malignant(694),SYSUCC,1,auxiliary,SYSUCC/malignant(694).png,47d38eb0224c63466471429e1fd1dcae571c4900a97bace372a5670d297a0a4b,malignant(694)
gdph_sysucc/malignant(695),SYSUCC,1,auxiliary,SYSUCC/malignant(695).png,c33aae762addef0bb022f3716e2afe3e0e9c1fe345d006fea2a037d9ebf167c2,malignant(695)
gdph_sysucc/malignant(7),SYSUCC,1,auxiliary,SYSUCC/malignant(7).png,311d67145650d7de82d3f0779e6b28f0294f37acfce97c1553fc318d2854ee63,malignant(7)
gdph_sysucc/malignant(70),SYSUCC,1,auxiliary,SYSUCC/malignant(70).png,d89eaac788fd623aa5f5462e9c7273c90c07593cbfb27b21207d0767c4c58fc0,malignant(70)
gdph_sysucc/malignant(706),SYSUCC,1,auxiliary,SYSUCC/malignant(706).png,19acf693c2b61465e87a6e862d46966187b58a8b88f8226f2385203e11b59ee3,malignant(706)
gdph_sysucc/malignant(707),SYSUCC,1,auxiliary,SYSUCC/malignant(707).png,67c8863b9cf373878f6bc60244f93dced7d93423718fa0dce9e2fe0907c9aafc,malignant(707)
gdph_sysucc/malignant(708),SYSUCC,1,auxiliary,SYSUCC/malignant(708).png,18f7b4b990e7c8e8c41c59fb63ce7ec214c9cffbf7fff47daa48382571671026,malignant(708)
gdph_sysucc/malignant(709),SYSUCC,1,auxiliary,SYSUCC/malignant(709).png,0a6a2ff6b6efaafe8ff489218ac2edb4187586e1807c40a2a13501b2336dbe19,malignant(709)
gdph_sysucc/malignant(71),SYSUCC,1,auxiliary,SYSUCC/malignant(71).png,06974f12945f439f13233da0bca75f3204a9a7cdd01721dfa4ce8817d4f922fd,malignant(71)
gdph_sysucc/malignant(710),SYSUCC,1,auxiliary,SYSUCC/malignant(710).png,553bd99230dac12323bb45d5351eb4b7004a036efbe961874b4e37ec4edd4d63,malignant(710)
gdph_sysucc/malignant(711),SYSUCC,1,auxiliary,SYSUCC/malignant(711).png,18d3a6ca08600e36acfb111a9cec97b0d855f892a4d8def5dc3001768b21e266,malignant(711)
gdph_sysucc/malignant(712),SYSUCC,1,auxiliary,SYSUCC/malignant(712).png,465ca8b14e1bbcfb930ae3a0e9fdf8f7453a485bc69878c50c15a466e84df0df,malignant(712)
gdph_sysucc/malignant(713),SYSUCC,1,auxiliary,SYSUCC/malignant(713).png,27748152ca85b5240d0bca627a7005505d5a9138d65c3b4190d36475f7bf1612,malignant(713)
gdph_sysucc/malignant(714),SYSUCC,1,auxiliary,SYSUCC/malignant(714).png,87afade85bf0f86375af3cc7880a9afa7e03e196484f8fc713ed29414146ae98,malignant(714)
gdph_sysucc/malignant(715),SYSUCC,1,auxiliary,SYSUCC/malignant(715).png,f739d1272bcc7f53c6f8bed9b28a2bfa1f1965c4d13633d72a1d2833b76d3d5e,malignant(715)
gdph_sysucc/malignant(716),SYSUCC,1,auxiliary,SYSUCC/malignant(716).png,023eeb1d89ace142295b08d45b34856b0cd36fde98d230345e0a07c400e711b8,malignant(716)
gdph_sysucc/malignant(717),SYSUCC,1,auxiliary,SYSUCC/malignant(717).png,622c7668272bfeee3329827dc16ea3fafb7f8620435ffcecd2087a6506d9fa83,malignant(717)
gdph_sysucc/malignant(718),SYSUCC,1,auxiliary,SYSUCC/malignant(718).png,817b608a33bb3593526063cbd1f43379b3d24ea87e60bcb8762d71155a1ecbf8,malignant(718)
gdph_sysucc/malignant(719),SYSUCC,1,auxiliary,SYSUCC/malignant(719).png,b551c4af37c191d0cc629cf6919ff50079024c3ba54c81da1363609e76d4a720,malignant(719)
gdph_sysucc/malignant(72),SYSUCC,1,auxiliary,SYSUCC/malignant(72).png,ae237ed4ac95eafcfe9f3cd14588ce5fae34fc5c4ceacf7c4fa4692793d70876,malignant(72)
gdph_sysucc/malignant(720),SYSUCC,1,auxiliary,SYSUCC/malignant(720).png,85b7edb4cbf799fa10a612a1ead7e4550e652ff54da65503e184dcd16813325d,malignant(720)
gdph_sysucc/malignant(721),SYSUCC,1,auxiliary,SYSUCC/malignant(721).png,e1d585a9c6577e6bf93d691f38a928efd978b42f0602fe35400fb9f21ec6ac48,malignant(721)|malignant(722)
gdph_sysucc/malignant(723),SYSUCC,1,auxiliary,SYSUCC/malignant(723).png,1fbd4789838cf5c7ab08246b21cb95a15cf3e895f9cd7b3c46fa0b6356435ffd,malignant(723)
gdph_sysucc/malignant(724),SYSUCC,1,auxiliary,SYSUCC/malignant(724).png,2d663c995ccbfcc0e319f3633eeec0892ff6fc73051ad0af00bcc1deb4472fb5,malignant(724)
gdph_sysucc/malignant(725),SYSUCC,1,auxiliary,SYSUCC/malignant(725).png,b6fcc1762ff71cf1f701c9cc4638165ce9df7613f05dc3751a86147a676610ea,malignant(725)
gdph_sysucc/malignant(726),SYSUCC,1,auxiliary,SYSUCC/malignant(726).png,f8fe8695bf0122fdc5159a7c924658d6dcf178878d245bd6dbc081c1a84d1a5a,malignant(726)
gdph_sysucc/malignant(727),SYSUCC,1,auxiliary,SYSUCC/malignant(727).png,76a49915e686aab42a1386fd5fd173aa62dd346e7baeb45ef274629c2400e585,malignant(727)
gdph_sysucc/malignant(728),SYSUCC,1,auxiliary,SYSUCC/malignant(728).png,bf4fa2b4acd133529c561ab186e60ccf4b05f9cac08c466befa942e39df89874,malignant(728)
gdph_sysucc/malignant(729),SYSUCC,1,auxiliary,SYSUCC/malignant(729).png,32bdc175aa6f7ed986185bdf27ba2fe1fb7ca7d439bdb6dce3148ac4280a77e0,malignant(729)
gdph_sysucc/malignant(73),SYSUCC,1,auxiliary,SYSUCC/malignant(73).png,c7a8728772e286e958faf6e654168b1467ecfe6489d339ade53425cea7b0780e,malignant(73)
gdph_sysucc/malignant(730),SYSUCC,1,auxiliary,SYSUCC/malignant(730).png,da7ecb20ddbd50b93125c0e83daab0174ca5c5600e18b062543c0a1d8591e259,malignant(730)
gdph_sysucc/malignant(731),SYSUCC,1,auxiliary,SYSUCC/malignant(731).png,28575a329ed11aded0f2e4562fa868c233e0fa6ffce8dd1b1b2b83e00c2c55c0,malignant(731)
gdph_sysucc/malignant(732),SYSUCC,1,auxiliary,SYSUCC/malignant(732).png,109c169071bc5733fc4896b7e0e8697a426f66c04ec3c3d5ba2430a322fbaaa5,malignant(732)
gdph_sysucc/malignant(733),SYSUCC,1,auxiliary,SYSUCC/malignant(733).png,cc60839d78fb749511edd4ead28e53d9f067bbbb413011054417d0b44e9cad3c,malignant(733)
gdph_sysucc/malignant(734),SYSUCC,1,auxiliary,SYSUCC/malignant(734).png,13218fc6304229540c163f4394ef1c96b5e6747322adcfc27c36b76fce5a7512,malignant(734)
gdph_sysucc/malignant(735),SYSUCC,1,auxiliary,SYSUCC/malignant(735).png,e80598a5829e0de3aadfed12405495574f06d0ceb24f9b3c6226dfc84fcb0449,malignant(735)
gdph_sysucc/malignant(736),SYSUCC,1,auxiliary,SYSUCC/malignant(736).png,482fe776efdff37d25116b55c13a2159073bfb8fc43dea88fbf1ed14d5a6ffc6,malignant(736)
gdph_sysucc/malignant(737),SYSUCC,1,auxiliary,SYSUCC/malignant(737).png,c90018f0fb25d72c3cdcacab4f4185513ef594d4dd0dd9b785f5c3421d1d9251,malignant(737)
gdph_sysucc/malignant(738),SYSUCC,1,auxiliary,SYSUCC/malignant(738).png,9a9f9f4c1654a5d6e363dfddc6ea6613db786d0c3d400c5344fcce0faf7336f0,malignant(738)
gdph_sysucc/malignant(739),SYSUCC,1,auxiliary,SYSUCC/malignant(739).png,f9c1771fd75801be5ee192eb8f478274a74bb75034a0b9d1698dc162350f873a,malignant(739)
gdph_sysucc/malignant(74),SYSUCC,1,auxiliary,SYSUCC/malignant(74).png,72985ac315199643d7b0cdce5b3144996aae23ac832436ac8a48cd8f9ad8707a,malignant(74)
gdph_sysucc/malignant(740),SYSUCC,1,auxiliary,SYSUCC/malignant(740).png,c10f89454c80ff2b0c8334c2c9f6481ad10624974706f5e7f6f3ed362918d2b6,malignant(740)
gdph_sysucc/malignant(741),SYSUCC,1,auxiliary,SYSUCC/malignant(741).png,57b42cd7070aed703cf844a1b2251fb25ca1e441ceba7064e4a9895db460f443,malignant(741)
gdph_sysucc/malignant(742),SYSUCC,1,auxiliary,SYSUCC/malignant(742).png,5d6e6bca95770cb42f8cf5fabc0d6925589d00a524115a8422eab013565eabfd,malignant(742)
gdph_sysucc/malignant(743),SYSUCC,1,auxiliary,SYSUCC/malignant(743).png,ba5cf2a510a01dc0f7e6196d6e79f3bfbdf206a37502bf354d0d5992bbcc9d15,malignant(743)
gdph_sysucc/malignant(744),SYSUCC,1,auxiliary,SYSUCC/malignant(744).png,355c3dce5598f96bbd6fa6b82b8373265652aaec0a2b3a1312353aab4c797edd,malignant(744)
gdph_sysucc/malignant(745),SYSUCC,1,auxiliary,SYSUCC/malignant(745).png,85d1ec0f3a7dd8784f4da5f336dddfe567d1ac903b67aa79d0074666ac33ecd1,malignant(745)
gdph_sysucc/malignant(746),SYSUCC,1,auxiliary,SYSUCC/malignant(746).png,26d0a295bdfed04e4fb19df55da8654ffe0414848b0ef06e38b82453ce8f5aeb,malignant(746)
gdph_sysucc/malignant(747),SYSUCC,1,auxiliary,SYSUCC/malignant(747).png,ffe899d996fddac4027960d20ecb6dcec5ce71e1b510455d1fb4d1abcaeae57c,malignant(747)
gdph_sysucc/malignant(748),SYSUCC,1,auxiliary,SYSUCC/malignant(748).png,41e29cbbe0f74d1834e6c6672c2bfff3cfdbc0e3be6d537d530396f5c42a9665,malignant(748)
gdph_sysucc/malignant(749),SYSUCC,1,auxiliary,SYSUCC/malignant(749).png,354c5df1356d3c3005a2b1e8035f22661a8d8a8bbd4ffd328a5ec4eee6ecf69b,malignant(749)
gdph_sysucc/malignant(75),SYSUCC,1,auxiliary,SYSUCC/malignant(75).png,f5fe3540538700587059253778b0fd81952fe1028a35621d2e4a3c51314b1c9c,malignant(75)
gdph_sysucc/malignant(750),SYSUCC,1,auxiliary,SYSUCC/malignant(750).png,1d5e7fb4b8474cacfe64f1765590ff3bfad01b384b9c16f99509466f1bacd0a1,malignant(750)
gdph_sysucc/malignant(751),SYSUCC,1,auxiliary,SYSUCC/malignant(751).png,645db77817f458c655c8141d76cf5bc6b157784af3ae085676050f112ce7be8b,malignant(751)
gdph_sysucc/malignant(752),SYSUCC,1,auxiliary,SYSUCC/malignant(752).png,6b6b5d94e6e586f063036f49ab88032ae186a3a9be633ddf489e38bb5900aed2,malignant(752)
gdph_sysucc/malignant(753),SYSUCC,1,auxiliary,SYSUCC/malignant(753).png,8722388addad60c03025391cdebbe88d31a212c41669da93118299089e0878b7,malignant(753)
gdph_sysucc/malignant(754),SYSUCC,1,auxiliary,SYSUCC/malignant(754).png,08284f1f3e2fe6286feeab005140865c972024f65bda4c0805515db6b8838d57,malignant(754)
gdph_sysucc/malignant(755),SYSUCC,1,auxiliary,SYSUCC/malignant(755).png,6bc99cf8db6edfda1224e5f3fcb5ffe1049ee5728e002490b0f15dc39886a601,malignant(755)
gdph_sysucc/malignant(756),SYSUCC,1,auxiliary,SYSUCC/malignant(756).png,6dae3a4b888fe93302abc99eb425ff8d1eef9d8bbd7d1557c57a2ba1f67b78af,malignant(756)
gdph_sysucc/malignant(757),SYSUCC,1,auxiliary,SYSUCC/malignant(757).png,bb601aa2327330582521833b7d3af37c1a320742d76821a5e9e29d7e4ecd12ca,malignant(757)
gdph_sysucc/malignant(758),SYSUCC,1,auxiliary,SYSUCC/malignant(758).png,9a33abdbba282fc9309794584e998e3586b5fb65b365dea700788943bed1d81d,malignant(758)
gdph_sysucc/malignant(759),SYSUCC,1,auxiliary,SYSUCC/malignant(759).png,fc6d747943a163c75cf114788fc493c809c396d99dbb90dd119e2ac482d06be1,malignant(759)
gdph_sysucc/malignant(76),SYSUCC,1,auxiliary,SYSUCC/malignant(76).png,7e7ce1f6c504fd9ae54df41389e197300663bbde0e1c3e1f456cc231111f795c,malignant(76)
gdph_sysucc/malignant(760),SYSUCC,1,auxiliary,SYSUCC/malignant(760).png,99a4df774f2cac92523db5b8a709063d1cae288da0b465aef9ee50395461f684,malignant(760)
gdph_sysucc/malignant(761),SYSUCC,1,auxiliary,SYSUCC/malignant(761).png,46b2eef911b13c6f8ed0b5f654aa380137e231746205f9590584592194bb8bed,malignant(761)
gdph_sysucc/malignant(762),SYSUCC,1,auxiliary,SYSUCC/malignant(762).png,3700296b7f95f5f5746f176e905164af78d3f8aae6d2a4a01c06122c53027dfc,malignant(762)
gdph_sysucc/malignant(763),SYSUCC,1,auxiliary,SYSUCC/malignant(763).png,2e68051c3f77bc985896438581e46915a6f543d9124b3aa8e4a0d031229ee533,malignant(763)
gdph_sysucc/malignant(764),SYSUCC,1,auxiliary,SYSUCC/malignant(764).png,fdadb0aa9390c298838c7a1215b1b504121e9d72b06472a813a448436fd3a916,malignant(764)
gdph_sysucc/malignant(765),SYSUCC,1,auxiliary,SYSUCC/malignant(765).png,b2e019d2469bd05ea7430b7addfbd2b770471bfb8dab4463c4df14c00dcfe41f,malignant(765)
gdph_sysucc/malignant(766),SYSUCC,1,auxiliary,SYSUCC/malignant(766).png,bbea5422b924884435cb8b5acfac3a345acf5f5919bb21a5630db256d768ca1c,malignant(766)
gdph_sysucc/malignant(767),SYSUCC,1,auxiliary,SYSUCC/malignant(767).png,50b51d3b09b9ea296824a05743e285f7b13b1d679790b2c06511534dfce77ef5,malignant(767)
gdph_sysucc/malignant(768),SYSUCC,1,auxiliary,SYSUCC/malignant(768).png,b90cfc7066ccca6d4e14580d31784e2fa5574b692edb47b4859e2c35ed6bcd3b,malignant(768)
gdph_sysucc/malignant(769),SYSUCC,1,auxiliary,SYSUCC/malignant(769).png,b5070a0250dccaf4d8c2aa559ff72b8a9f98ba3c310a339123bab39cab7e4d1c,malignant(769)
gdph_sysucc/malignant(77),SYSUCC,1,auxiliary,SYSUCC/malignant(77).png,8343f42eaccee1cb5baea7bb464450b9059b39cace0744e29ccd2070e7a90c43,malignant(77)
gdph_sysucc/malignant(770),SYSUCC,1,auxiliary,SYSUCC/malignant(770).png,590aeaa2c24aa43b92c40edffcaeb0468da608c20a2c37731c629629b4a67d0c,malignant(770)
gdph_sysucc/malignant(771),SYSUCC,1,auxiliary,SYSUCC/malignant(771).png,f4c93c53f8d7f57900fca3cb4a1d8e8db687ed67766c7e468ab1631eeda50d66,malignant(771)
gdph_sysucc/malignant(772),SYSUCC,1,auxiliary,SYSUCC/malignant(772).png,ae3fff431e63784d75adced6a5e7cc17f2379036d9ff3da8111fb93d9ea00b72,malignant(772)
gdph_sysucc/malignant(773),SYSUCC,1,auxiliary,SYSUCC/malignant(773).png,0c09f3b2dc705146cdaa1577e330ca9282c672f3a04b0de606d57bb91d684a65,malignant(773)
gdph_sysucc/malignant(774),SYSUCC,1,auxiliary,SYSUCC/malignant(774).png,bac2008f43d552b5e3391d27ef1a350e5601774a2d1dce48ebdcd6b38db926d6,malignant(774)
gdph_sysucc/malignant(775),SYSUCC,1,auxiliary,SYSUCC/malignant(775).png,a4718df63aea4765414d7305dec418687ef0b85ff572ef4d1c849a98f2392e08,malignant(775)
gdph_sysucc/malignant(776),SYSUCC,1,auxiliary,SYSUCC/malignant(776).png,bd77290d2e4f9188a2cff173ce6b56e3c36cb8c5e930139b872062b0155b1954,malignant(776)
gdph_sysucc/malignant(777),SYSUCC,1,auxiliary,SYSUCC/malignant(777).png,8672f58708482d73a4b9c5307a2b35eea32c128f182e4a8acec8ba5e3a1f6163,malignant(777)
gdph_sysucc/malignant(778),SYSUCC,1,auxiliary,SYSUCC/malignant(778).png,e9fb2a830faceca0974b9aa79fd1d014d7a6dc833c7d63e96ecb39d2a5d7bb66,malignant(778)
gdph_sysucc/malignant(779),SYSUCC,1,auxiliary,SYSUCC/malignant(779).png,17c45dc2f0a5a5bcd4a6c670435c24990958a6a7cc7f0602c376aab11e5f585d,malignant(779)
gdph_sysucc/malignant(78),SYSUCC,1,auxiliary,SYSUCC/malignant(78).png,b896479aa3ee58735ce47f7c00768ab2d407de44147a502d174bf41ee4f34e29,malignant(78)
gdph_sysucc/malignant(780),SYSUCC,1,auxiliary,SYSUCC/malignant(780).png,bd116f62bf97f7a0001dcd1311891664bbbd5e7d731c9b95fdf412bca29f4563,malignant(780)
gdph_sysucc/malignant(781),SYSUCC,1,auxiliary,SYSUCC/malignant(781).png,581a201a9de686ed8a0fcf081d56b4c74581cd08aec7f51f80eb0ddcdd851e2d,malignant(781)
gdph_sysucc/malignant(782),SYSUCC,1,auxiliary,SYSUCC/malignant(782).png,ed28a9d0d8bdd0288a38ccf2bfcc9472fa9d1f8b0711e3d2d12ff84e7f8dd3b8,malignant(782)
gdph_sysucc/malignant(783),SYSUCC,1,auxiliary,SYSUCC/malignant(783).png,6fefc699def4ed57765cb7362c30c00235bb61f7bd1a070248f258eb14ea1861,malignant(783)
gdph_sysucc/malignant(784),SYSUCC,1,auxiliary,SYSUCC/malignant(784).png,c0b3d3076a040e10695e418717a6be9b1838cce461ff7378f7c07ae3b362e4c4,malignant(784)
gdph_sysucc/malignant(785),SYSUCC,1,auxiliary,SYSUCC/malignant(785).png,5f857418936a160158099642ea8895dbfe5619c9cae8480afb7aeef81877a09c,malignant(785)
gdph_sysucc/malignant(786),SYSUCC,1,auxiliary,SYSUCC/malignant(786).png,5b3f469a69442aefcf28bcd4aa68dfdd4010bece230f8600ffe9c629d1d14a5f,malignant(786)
gdph_sysucc/malignant(787),SYSUCC,1,auxiliary,SYSUCC/malignant(787).png,53c824eba62b43b6587fe28d9b7c0b59920685c9508017c84779aabcba4d9184,malignant(787)
gdph_sysucc/malignant(788),SYSUCC,1,auxiliary,SYSUCC/malignant(788).png,4a03fb3495facd7b8dfde27ad61021e109c3aedc08d35f8a308efcbaf9a11190,malignant(788)
gdph_sysucc/malignant(789),SYSUCC,1,auxiliary,SYSUCC/malignant(789).png,62f91930aa4ee88ae4e552697cb3dc39d615bb2b52ef5baacdb532b0c5f3b4c2,malignant(789)
gdph_sysucc/malignant(79),SYSUCC,1,auxiliary,SYSUCC/malignant(79).png,f5bd972db9b4bed5155f49f2d7a0f155d04dd6209c09b14051335cc4e335b32f,malignant(79)
gdph_sysucc/malignant(790),SYSUCC,1,auxiliary,SYSUCC/malignant(790).png,8e548a3c5feadd2aa3e3202b809aba560ac560363ba44cd71132c5d07fbc78ac,malignant(790)
gdph_sysucc/malignant(791),SYSUCC,1,auxiliary,SYSUCC/malignant(791).png,261640cb780569c555611b5501ac1cb2cb2902542cc05c313c62b51005391807,malignant(791)
gdph_sysucc/malignant(792),SYSUCC,1,auxiliary,SYSUCC/malignant(792).png,ac74a9b9a5bfc10922a661e0e562ecaa9e994bc1b42b61f0b980224008b359b6,malignant(792)
gdph_sysucc/malignant(793),SYSUCC,1,auxiliary,SYSUCC/malignant(793).png,04c18743b7de090f24f8d35166bedd8dfa5513cb8732dace639be75fff7b94dd,malignant(793)
gdph_sysucc/malignant(794),SYSUCC,1,auxiliary,SYSUCC/malignant(794).png,121709c4a4c38c07e1dc69f3b8c681f438392f075e85a2e8a561430c2f861ecc,malignant(794)
gdph_sysucc/malignant(795),SYSUCC,1,auxiliary,SYSUCC/malignant(795).png,c486ed69fd21eef11d7e7970f48709963c662189637fbdec94c450c7ef689f40,malignant(795)
gdph_sysucc/malignant(796),SYSUCC,1,auxiliary,SYSUCC/malignant(796).png,b962ac9504a7a3331c93dad82744f5915a93a7aaf5cea4ec32a9a25cf27cd03e,malignant(796)
gdph_sysucc/malignant(797),SYSUCC,1,auxiliary,SYSUCC/malignant(797).png,7e1bf8d997329e366214aa194034d9dc5a8127defa645b9cad436ce1a6b2f808,malignant(797)
gdph_sysucc/malignant(798),SYSUCC,1,auxiliary,SYSUCC/malignant(798).png,9fda47ec6865c2945963e1be09ba499062a7aa370f893fb5611d3dd08414a63c,malignant(798)
gdph_sysucc/malignant(799),SYSUCC,1,auxiliary,SYSUCC/malignant(799).png,5e80b644e5292c192e931ba035aa596bdafe69ce364d1680f575cd8af3de877c,malignant(799)
gdph_sysucc/malignant(8),SYSUCC,1,auxiliary,SYSUCC/malignant(8).png,68a35615383a823c6f8e407814f85e10ff704083e2788b95bf34fdcc802ad1a1,malignant(8)
gdph_sysucc/malignant(80),SYSUCC,1,auxiliary,SYSUCC/malignant(80).png,cdbdfcdd9986a0ed90be60c0c5e39f24d61fb4d392e8673cdfad99e6a2fbe88e,malignant(80)
gdph_sysucc/malignant(800),SYSUCC,1,auxiliary,SYSUCC/malignant(800).png,16c5b05ce728180c85001d8ffe65f716b1a94244096020917b021c27ada3b313,malignant(800)
gdph_sysucc/malignant(801),SYSUCC,1,auxiliary,SYSUCC/malignant(801).png,8dd4a2ae78a46a7d90484dd74a66fb5f4e734806393ce4512d38df6e90047245,malignant(801)
gdph_sysucc/malignant(802),SYSUCC,1,auxiliary,SYSUCC/malignant(802).png,0931613a18153494e7d7dad915c19a3131bda7b4745605feda1ccefc54efe20c,malignant(802)
gdph_sysucc/malignant(803),SYSUCC,1,auxiliary,SYSUCC/malignant(803).png,709d5162727209ae28c2211845e22ecf307a096fd301b0d7e4c80daae58a7f14,malignant(803)
gdph_sysucc/malignant(804),SYSUCC,1,auxiliary,SYSUCC/malignant(804).png,b6466085859d32224255dab5eaeaaaa0a4da5e37dec2f34f86fdc1c3982ca2bd,malignant(804)
gdph_sysucc/malignant(805),SYSUCC,1,auxiliary,SYSUCC/malignant(805).png,888b692b4008638621fc330e0b3ddbbfc3fde7bea7816aa79cf8ad527774b7a6,malignant(805)
gdph_sysucc/malignant(806),SYSUCC,1,auxiliary,SYSUCC/malignant(806).png,df53363304e32926c59d10e897663567f5493b257e9d031e6ae0a8ebf56e2924,malignant(806)
gdph_sysucc/malignant(807),SYSUCC,1,auxiliary,SYSUCC/malignant(807).png,b5bb127ce0a5b3f4a711b376c3bd539c7fbeab0211b727134afedad31b330601,malignant(807)
gdph_sysucc/malignant(808),SYSUCC,1,auxiliary,SYSUCC/malignant(808).png,e1adaf015dbfd394c2fe5f1abeef7c943af20a0a25a6823bbcd7a6c5e6118213,malignant(808)
gdph_sysucc/malignant(809),SYSUCC,1,auxiliary,SYSUCC/malignant(809).png,3c6d305b313e7c66243dddee7a43220735ba586c8c154efca7b0a2cf42c17e37,malignant(809)
gdph_sysucc/malignant(81),SYSUCC,1,auxiliary,SYSUCC/malignant(81).png,47847bb4ff912ef430a0328f7736e74c266acc5bb90be4fb7ba029bec44ec245,malignant(81)
gdph_sysucc/malignant(810),SYSUCC,1,auxiliary,SYSUCC/malignant(810).png,08f5f7bd4d25ebee1a90d798d1a8d8fe2bae21730fbb69d80575e68d9d33be8c,malignant(810)
gdph_sysucc/malignant(811),SYSUCC,1,auxiliary,SYSUCC/malignant(811).png,eb8a3cc074b487b56aa8c3d910dc8ce085006b829fcf7b81ca74b0db023cbeff,malignant(811)
gdph_sysucc/malignant(812),SYSUCC,1,auxiliary,SYSUCC/malignant(812).png,359275e541a6a238a4d96afdc9724f9445b0b58eb0ce19b8eb82ae3d8dbd7135,malignant(812)
gdph_sysucc/malignant(813),SYSUCC,1,auxiliary,SYSUCC/malignant(813).png,f9616ebf349a0638766d237a123aeb429b19789a866441d8c2b9b8bbadc1cb7d,malignant(813)
gdph_sysucc/malignant(814),SYSUCC,1,auxiliary,SYSUCC/malignant(814).png,86fd3e3f1ce5dfc46f8a23718a842e921c1ea36e7ae275a32441c467d7f4f195,malignant(814)
gdph_sysucc/malignant(815),SYSUCC,1,auxiliary,SYSUCC/malignant(815).png,b183b3ae7c1e53ecdf16fdb9546fc99586076650c10c655cd7c3e715f309325d,malignant(815)
gdph_sysucc/malignant(816),SYSUCC,1,auxiliary,SYSUCC/malignant(816).png,2a6251da48515e779b7511423bc2201aa9bf828412e40dee3bab587efefcc019,malignant(816)
gdph_sysucc/malignant(817),SYSUCC,1,auxiliary,SYSUCC/malignant(817).png,cf0bf66f799d8fe21ba6837cbde8b0353aadfb97e5e0791bd2ee8c5a6a2a00f5,malignant(817)
gdph_sysucc/malignant(818),SYSUCC,1,auxiliary,SYSUCC/malignant(818).png,65f09c76e8a12f81f4fe2d35a6802d2a55c8f1f263bd7ccf58c169a0f8f8c427,malignant(818)
gdph_sysucc/malignant(819),SYSUCC,1,auxiliary,SYSUCC/malignant(819).png,bf3f54227c176dc93d114e725b8b41752cce4e2fe04340aef9500be7d54502c5,malignant(819)|malignant(821)
gdph_sysucc/malignant(82),SYSUCC,1,auxiliary,SYSUCC/malignant(82).png,ca120c0ed6d1bc9bf9feb4e413be8c015bb62d86d8e53e9e92c3ada02a678586,malignant(82)
gdph_sysucc/malignant(820),SYSUCC,1,auxiliary,SYSUCC/malignant(820).png,79048fa2a2d396590398a2d65afa69dcf6199bb1fffbfa503fcd1daf221a9d63,malignant(820)
gdph_sysucc/malignant(822),SYSUCC,1,auxiliary,SYSUCC/malignant(822).png,564f1cb21d7c189c539bf37998df4d9a8e2c00d8a355372557f60b624f1338d4,malignant(822)
gdph_sysucc/malignant(823),SYSUCC,1,auxiliary,SYSUCC/malignant(823).png,b20e42c88c72bcd7592fb8ccf044ab8d782eb976ead3c5feb2b9a8a653396161,malignant(823)
gdph_sysucc/malignant(824),SYSUCC,1,auxiliary,SYSUCC/malignant(824).png,c190a4acafc9b066d63eb4193a967e906fc183998f5c4af23a444c680b363988,malignant(824)
gdph_sysucc/malignant(825),SYSUCC,1,auxiliary,SYSUCC/malignant(825).png,0274fbc9a298deafa5a67136ea438082f695b1b5adda85c07c9a0bc88bb86577,malignant(825)
gdph_sysucc/malignant(826),SYSUCC,1,auxiliary,SYSUCC/malignant(826).png,6bcee14cca746bb10ce465f8e84458471fee43270f14512885c16f64725cf981,malignant(826)|malignant(829)
gdph_sysucc/malignant(827),SYSUCC,1,auxiliary,SYSUCC/malignant(827).png,67ab994762ef919876fe41d0b4869f092a9d8e4a3019567c36e82a68bc6fe739,malignant(827)
gdph_sysucc/malignant(828),SYSUCC,1,auxiliary,SYSUCC/malignant(828).png,7a8af2d574d722c1e86bbf408290a81e9889628ea90359d75c53008ab4633281,malignant(828)
gdph_sysucc/malignant(83),SYSUCC,1,auxiliary,SYSUCC/malignant(83).png,9c1385fe70fcd43f1085dcbb1c1f48f7e681dc285f5090f179d2ef4a33eabe8b,malignant(83)
gdph_sysucc/malignant(830),SYSUCC,1,auxiliary,SYSUCC/malignant(830).png,9138b529b4f7146e5f272fb941d7fdaf123d7f3a63b0bb42e85baf88d787440f,malignant(830)
gdph_sysucc/malignant(831),SYSUCC,1,auxiliary,SYSUCC/malignant(831).png,3f0577fcc2b0932a7e1cb23bf630513e41b1be6e27a6acc76b78bda364753950,malignant(831)
gdph_sysucc/malignant(832),SYSUCC,1,auxiliary,SYSUCC/malignant(832).png,156c5c0e3641ee5f98bf5422a3d50b677251072af6cd09d9521ff296fe0578c8,malignant(832)
gdph_sysucc/malignant(833),SYSUCC,1,auxiliary,SYSUCC/malignant(833).png,f925d8aebe62a42116d20c33876211f7f2964b305c38de3a041ba62872449ac9,malignant(833)
gdph_sysucc/malignant(834),SYSUCC,1,auxiliary,SYSUCC/malignant(834).png,434059e73d4611f11ef5d03f9ea4e6c095b69e52aa818edbafcd4d9ab2b4c95d,malignant(834)
gdph_sysucc/malignant(835),SYSUCC,1,auxiliary,SYSUCC/malignant(835).png,eac67e03cd30dc4fcc2392627066228594491b5fb7ace33a83287b75ac0003d5,malignant(835)
gdph_sysucc/malignant(836),SYSUCC,1,auxiliary,SYSUCC/malignant(836).png,1218ba77eeb631a5807070680bba6242bb2479af5f12ddc3164c5d971a635cf4,malignant(836)
gdph_sysucc/malignant(837),SYSUCC,1,auxiliary,SYSUCC/malignant(837).png,f0dc30f7c2ae78b15b32c27a6d505d84863b5a52cb5eec2e3337059265b3d47a,malignant(837)
gdph_sysucc/malignant(838),SYSUCC,1,auxiliary,SYSUCC/malignant(838).png,04b952a788280d276d828b6490525d281a09c570bb380f9b51c6e9dcd78e51f8,malignant(838)
gdph_sysucc/malignant(839),SYSUCC,1,auxiliary,SYSUCC/malignant(839).png,b29a5fcd423c945a7558cc5d65cb3a3974e8fe401aa83c7093a691466016b251,malignant(839)
gdph_sysucc/malignant(84),SYSUCC,1,auxiliary,SYSUCC/malignant(84).png,d3db10bb926d89f9c3df4ab272ad080f7cae851a048d60d87c5c23a38dadfe1f,malignant(84)
gdph_sysucc/malignant(840),SYSUCC,1,auxiliary,SYSUCC/malignant(840).png,087f66ac2bf2d571b73c85d5353b0aa0257312b27e9504b273823301642fa440,malignant(840)
gdph_sysucc/malignant(841),SYSUCC,1,auxiliary,SYSUCC/malignant(841).png,b5a7e50ef1ab395a6f0ae3e97a50601b8e112d51fef468795706d8c3fef87dec,malignant(841)
gdph_sysucc/malignant(842),SYSUCC,1,auxiliary,SYSUCC/malignant(842).png,d8713cf939d2c32432512695907b2e01d83bbd9b0c944278e6f826f0892ba16a,malignant(842)
gdph_sysucc/malignant(843),SYSUCC,1,auxiliary,SYSUCC/malignant(843).png,8a34539f1aa25053d8d3f81c05e478c6ac7071074f6bc627cfb5df08983e0ec8,malignant(843)
gdph_sysucc/malignant(844),SYSUCC,1,auxiliary,SYSUCC/malignant(844).png,31533223a869a7ea0972fc1a7b7a295f2e7c4a469dcf6b851dffd772d46e2594,malignant(844)
gdph_sysucc/malignant(845),SYSUCC,1,auxiliary,SYSUCC/malignant(845).png,d1fb47e2ad9e2f6bef4549f624c88861c707b47e94786d3a78a0b27b0b45e811,malignant(845)
gdph_sysucc/malignant(846),SYSUCC,1,auxiliary,SYSUCC/malignant(846).png,0a4cb246c0abf76562dfa9d8988cfbec7d3aa763036e02ebea57a971817e3d0b,malignant(846)
gdph_sysucc/malignant(847),SYSUCC,1,auxiliary,SYSUCC/malignant(847).png,f354f598410fc3a6bb1a1fda77f0780d10b25da4b3e5246194b1b55c58e5d0b9,malignant(847)
gdph_sysucc/malignant(848),SYSUCC,1,auxiliary,SYSUCC/malignant(848).png,be8b83f0ee087e1422e02feec6f82a9df991e8027aaf29529222494f15c5f523,malignant(848)
gdph_sysucc/malignant(849),SYSUCC,1,auxiliary,SYSUCC/malignant(849).png,86760efbd98011e987822558a8034dd5cef1f7d8f52b15cc7f3158f901027468,malignant(849)
gdph_sysucc/malignant(85),SYSUCC,1,auxiliary,SYSUCC/malignant(85).png,0f26aa33ef36317a24ba9bcb79d99e3c60248a52cf6c882538e46c9be5e509e9,malignant(85)
gdph_sysucc/malignant(850),SYSUCC,1,auxiliary,SYSUCC/malignant(850).png,88d95a44e27ed12d54339488f1b6eed0d5f247fcc36136efc6bd3c3d91ea4108,malignant(850)
gdph_sysucc/malignant(851),SYSUCC,1,auxiliary,SYSUCC/malignant(851).png,c6815175d9f12f2c9e846ab296765440ca1d27c0a3fe33c6f7565c4da0224554,malignant(851)
gdph_sysucc/malignant(852),SYSUCC,1,auxiliary,SYSUCC/malignant(852).png,a81bc40c8e67e409d2bf85f09be49d2e7f56c66309989120a91c3d84c85e62a2,malignant(852)
gdph_sysucc/malignant(853),SYSUCC,1,auxiliary,SYSUCC/malignant(853).png,3ada76b2f0ccb90626163291a741e1cc2d1c3deac4e646a46eb5b06ae10402b4,malignant(853)
gdph_sysucc/malignant(854),SYSUCC,1,auxiliary,SYSUCC/malignant(854).png,1e43cb6ae639d1b06352f8c3ab5ed2d15df3fdfe7950d03ea44de9c9a9cf0940,malignant(854)
gdph_sysucc/malignant(855),SYSUCC,1,auxiliary,SYSUCC/malignant(855).png,deff34ae812d2b3da939a4cc3ecc15498f7706c534695330be89e8cc0bcb49b8,malignant(855)
gdph_sysucc/malignant(856),SYSUCC,1,auxiliary,SYSUCC/malignant(856).png,a9b4f1d392031f9b433156c3c27b0185c962866ca50c8933f6b16ea3322bf282,malignant(856)
gdph_sysucc/malignant(857),SYSUCC,1,auxiliary,SYSUCC/malignant(857).png,d6d45f901d1d96c7084198cda525fa3384e05ae384dfa34e410f64590c283f9f,malignant(857)
gdph_sysucc/malignant(858),SYSUCC,1,auxiliary,SYSUCC/malignant(858).png,55b9077e6802e962f1a6b87372ba065ac639e0cb77f70170acfc5550969afef5,malignant(858)
gdph_sysucc/malignant(859),SYSUCC,1,auxiliary,SYSUCC/malignant(859).png,199c17195b88c37d8cd3a0e32a96746b097de3c98afd6d4b4d37a5622864fe0a,malignant(859)
gdph_sysucc/malignant(86),SYSUCC,1,auxiliary,SYSUCC/malignant(86).png,3a59f18613947129d076c477143dcd649f918a1821f6a2675ee55e501ec04f6a,malignant(86)
gdph_sysucc/malignant(860),SYSUCC,1,auxiliary,SYSUCC/malignant(860).png,f58877a368e9dd14a4e31909e170b7de8f50237e0a3b177e35b698d06e63e9f9,malignant(860)
gdph_sysucc/malignant(861),SYSUCC,1,auxiliary,SYSUCC/malignant(861).png,4648a2983c3516f5757911504e36af4c9ddb657221da1013dd06af1256432992,malignant(861)
gdph_sysucc/malignant(862),SYSUCC,1,auxiliary,SYSUCC/malignant(862).png,ba4826571175d1e3e6944038d4334bbc49bcb98f25ca7fc47aa20c6c4f4b991b,malignant(862)
gdph_sysucc/malignant(863),SYSUCC,1,auxiliary,SYSUCC/malignant(863).png,abf91791498c157276055e074182c2113427961a94017a717bdba4043cca8a88,malignant(863)
gdph_sysucc/malignant(864),SYSUCC,1,auxiliary,SYSUCC/malignant(864).png,a12602e2d2a63776c923d5060be41df0f0c068380cbf1b56c003267cdd897ab7,malignant(864)
gdph_sysucc/malignant(865),SYSUCC,1,auxiliary,SYSUCC/malignant(865).png,f83befd04cf8ab3910a1e7afbea6f1191fcf701f605068a12172ce64be0e2e07,malignant(865)
gdph_sysucc/malignant(866),SYSUCC,1,auxiliary,SYSUCC/malignant(866).png,f5b1d02c684458911e948f4c22c2ab22ae5f09c6c6b7a6589eec3119af74461b,malignant(866)
gdph_sysucc/malignant(867),SYSUCC,1,auxiliary,SYSUCC/malignant(867).png,4750618ab76851354f27577b12060d3d87b20270f4f63368473c52304699f193,malignant(867)
gdph_sysucc/malignant(868),SYSUCC,1,auxiliary,SYSUCC/malignant(868).png,dcd61a5b3e39d2305d90f78e6e2fb3ff24b04543bc68eb93f330c248c0987294,malignant(868)
gdph_sysucc/malignant(869),SYSUCC,1,auxiliary,SYSUCC/malignant(869).png,2dffd1c5e7700ce070df44b6618cce309da28c3196968a4679b5732c9bd7c82e,malignant(869)
gdph_sysucc/malignant(87),SYSUCC,1,auxiliary,SYSUCC/malignant(87).png,46683affca253e2859de897847683b232275e2f2799eed4d558c3945d8d455ef,malignant(87)
gdph_sysucc/malignant(870),SYSUCC,1,auxiliary,SYSUCC/malignant(870).png,b98ad0c8afc3fc1c470405b3717763502622069db94cbde09b05c87aa7ef65c6,malignant(870)
gdph_sysucc/malignant(871),SYSUCC,1,auxiliary,SYSUCC/malignant(871).png,69fc1daf7959c88a02dd88c98842863e1acd2e56b5107ee9020bdef5c676474c,malignant(871)
gdph_sysucc/malignant(872),SYSUCC,1,auxiliary,SYSUCC/malignant(872).png,ad36bcd29057fccab1df93a64b10c21064f7d15b0b2eaaf64cbdbf8af5d370f0,malignant(872)
gdph_sysucc/malignant(873),SYSUCC,1,auxiliary,SYSUCC/malignant(873).png,e532d0fb0185d9963cd8434b872c0d52a481cf53d429ed98b966d97f39f6233a,malignant(873)
gdph_sysucc/malignant(874),SYSUCC,1,auxiliary,SYSUCC/malignant(874).png,cf86858dae444052d709273dccf4a7f49a1235f9b761c2d07c9223d48d865df1,malignant(874)
gdph_sysucc/malignant(875),SYSUCC,1,auxiliary,SYSUCC/malignant(875).png,f87842be72e00ed8af669915603e1540f6c55869b1f2465a995ea0bf36af0ae0,malignant(875)
gdph_sysucc/malignant(876),SYSUCC,1,auxiliary,SYSUCC/malignant(876).png,d84a301d680541e6a1ac39d67add375830d92ad8e7a541388dc5e7aa91018a63,malignant(876)
gdph_sysucc/malignant(877),SYSUCC,1,auxiliary,SYSUCC/malignant(877).png,977ff101a80dad8f921db6d9885f566f7ac03acd81e52676d55a85005aa52ff3,malignant(877)
gdph_sysucc/malignant(878),SYSUCC,1,auxiliary,SYSUCC/malignant(878).png,2b29b365f31ae5be0d4d73a8959dea812ddb5cfe6fb8f0043bd69a4604f98775,malignant(878)
gdph_sysucc/malignant(879),SYSUCC,1,auxiliary,SYSUCC/malignant(879).png,08ed931543b9e835b22a5d528a2799323c45470c43275d4ab89beaf472911e38,malignant(879)
gdph_sysucc/malignant(88),SYSUCC,1,auxiliary,SYSUCC/malignant(88).png,2e3d9979eb337447c544f7c8102822f2177db55d742b43a95a67d69fb0b5cf38,malignant(88)
gdph_sysucc/malignant(880),SYSUCC,1,auxiliary,SYSUCC/malignant(880).png,18bde854dafc7b005f0b23da9f5194a00d3a0356db4c03b9041cf145cf4f7231,malignant(880)
gdph_sysucc/malignant(881),SYSUCC,1,auxiliary,SYSUCC/malignant(881).png,540a132c8f2f4b47e94f7e926f2a029e7e21b2d714135c581edf8d1a61af974e,malignant(881)
gdph_sysucc/malignant(882),SYSUCC,1,auxiliary,SYSUCC/malignant(882).png,8c5dec39f5f0ba1a6293271be79472c40ee91f20518c0125ef3fb30e8a54a8aa,malignant(882)
gdph_sysucc/malignant(883),SYSUCC,1,auxiliary,SYSUCC/malignant(883).png,747d70e4613d33c7f86dcc634dea47df85686c57e845277279fb94c473c8df21,malignant(883)
gdph_sysucc/malignant(884),SYSUCC,1,auxiliary,SYSUCC/malignant(884).png,1a9d0fe4df1080a01f62501fbbfd9130232d9ac6c5b728b13cf3dce0ebbf6369,malignant(884)
gdph_sysucc/malignant(885),SYSUCC,1,auxiliary,SYSUCC/malignant(885).png,86a0ae8cbdd55bd76943ca7e33a16415f4dd7e5e0912ba87d20d9d4a623688f6,malignant(885)
gdph_sysucc/malignant(886),SYSUCC,1,auxiliary,SYSUCC/malignant(886).png,a5ce4921e565d4d988e9c09d1c1815c09e38c22906ee2b17e906adf3091ce6c3,malignant(886)
gdph_sysucc/malignant(887),SYSUCC,1,auxiliary,SYSUCC/malignant(887).png,21e0e9248848062b32937cccb7a665674678507cdede16268249b2f82f195c24,malignant(887)
gdph_sysucc/malignant(888),SYSUCC,1,auxiliary,SYSUCC/malignant(888).png,ad54ff3751f3f179bd61eed5b8032545e0694f5316f56eb60aca158db6e37a09,malignant(888)
gdph_sysucc/malignant(889),SYSUCC,1,auxiliary,SYSUCC/malignant(889).png,377eab0061531cd72944e761cc00f00cbfee117f5b71cdd379d62683e6c44d51,malignant(889)
gdph_sysucc/malignant(89),SYSUCC,1,auxiliary,SYSUCC/malignant(89).png,84f33d6475231b71b9e0b5e847e34355a71bb1813b6c7f0e44d96403e82cda7d,malignant(89)
gdph_sysucc/malignant(890),SYSUCC,1,auxiliary,SYSUCC/malignant(890).png,3cc2f2f55bd4299af36e26d8a2edccbd6085064e7249cf44929f82ee7afe1d19,malignant(890)
gdph_sysucc/malignant(891),SYSUCC,1,auxiliary,SYSUCC/malignant(891).png,8358452c8947b23cc3dee51f0afbffbefe8183c693de574df35559a7982f68bd,malignant(891)
gdph_sysucc/malignant(892),SYSUCC,1,auxiliary,SYSUCC/malignant(892).png,89b5f9b4a41c3ec35960e9a17eda4a9eba6e248b7950fa3b5154347e8321342e,malignant(892)
gdph_sysucc/malignant(893),SYSUCC,1,auxiliary,SYSUCC/malignant(893).png,8d4eb64ad89940a616f4ef487e29ac393aed906c3d01b7f53cbbe0789fa57fae,malignant(893)
gdph_sysucc/malignant(894),SYSUCC,1,auxiliary,SYSUCC/malignant(894).png,1e8430274c65c1ba7bc43d0a9267aec257142ba516beae03ec12967672449d4a,malignant(894)
gdph_sysucc/malignant(895),SYSUCC,1,auxiliary,SYSUCC/malignant(895).png,3ba3432ac1f09283d96ea9a7f2165dd6e3631814ffb6681c7e3ed5bfb7efd103,malignant(895)
gdph_sysucc/malignant(896),SYSUCC,1,auxiliary,SYSUCC/malignant(896).png,763fe52d6a64a8f841e155d599360519fad1f92f42b414cd02cae0833f63b220,malignant(896)
gdph_sysucc/malignant(897),SYSUCC,1,auxiliary,SYSUCC/malignant(897).png,2ca2302d8b6bc84f54adbe83739c3f572ccf4c3116b7b1c4b1278de462c8fb1c,malignant(897)
gdph_sysucc/malignant(898),SYSUCC,1,auxiliary,SYSUCC/malignant(898).png,0e1edf5b64dade5bb6c4ef302192f463e5b8ec7453d37b8fc572daad3a818c4e,malignant(898)
gdph_sysucc/malignant(899),SYSUCC,1,auxiliary,SYSUCC/malignant(899).png,de30b0ecc4fe9c49f9e8787f6e4b9fcc8652d53adef96fdef842067e9cb5e084,malignant(899)
gdph_sysucc/malignant(9),SYSUCC,1,auxiliary,SYSUCC/malignant(9).png,5a2100b19fe3dbeeb662b0aa429d8e3d0226d6376eb493050a42b946fb898417,malignant(9)
gdph_sysucc/malignant(90),SYSUCC,1,auxiliary,SYSUCC/malignant(90).png,e26a8c10d4eda0a37268433a2197652be5f1d813df42bfba86ef007312ed55fb,malignant(90)
gdph_sysucc/malignant(900),SYSUCC,1,auxiliary,SYSUCC/malignant(900).png,de8c1d28d83052e1d86a2e01b1d7845760dc5a3286a1b052b43f49b88c53b353,malignant(900)
gdph_sysucc/malignant(901),SYSUCC,1,auxiliary,SYSUCC/malignant(901).png,701da01785c309b01e5c495809b0be40f25e4e809ff9dc6e41159c3c787bf972,malignant(901)
gdph_sysucc/malignant(902),SYSUCC,1,auxiliary,SYSUCC/malignant(902).png,f69713e1374621adf4d63863325eef96c2ba97261a4bda823363fd2745c24ede,malignant(902)
gdph_sysucc/malignant(903),SYSUCC,1,auxiliary,SYSUCC/malignant(903).png,b3d2269f8f7ef6af9fd5d190dc50b7a3cc152c5900a3bc202903f4f07cd00bc4,malignant(903)
gdph_sysucc/malignant(904),SYSUCC,1,auxiliary,SYSUCC/malignant(904).png,6c266a249e35fb7f95963d94071f0878fe0d5c7f31e0e96623300d9829a59835,malignant(904)
gdph_sysucc/malignant(905),SYSUCC,1,auxiliary,SYSUCC/malignant(905).png,8729648f23f3fcd61b557984fe24e986a7c7d68353dc889547b822803112a707,malignant(905)
gdph_sysucc/malignant(906),SYSUCC,1,auxiliary,SYSUCC/malignant(906).png,246c445a873176f97617b9c168d52bcadd7fb83f8e053c2e90037d072f0214f8,malignant(906)
gdph_sysucc/malignant(907),SYSUCC,1,auxiliary,SYSUCC/malignant(907).png,ecd801755d1c4d40c2a98483a461d3236fb9cebdfd17628772d07041b866f5c5,malignant(907)
gdph_sysucc/malignant(908),SYSUCC,1,auxiliary,SYSUCC/malignant(908).png,6a5b8d0cc6cba9725bd11014fa7a210c1e1c67a713415ef581c123a2c1786d7c,malignant(908)
gdph_sysucc/malignant(909),SYSUCC,1,auxiliary,SYSUCC/malignant(909).png,758ff330c85b8da31ab7b972453e15d57f16b5cec890ffc74039cf53d48e00ce,malignant(909)
gdph_sysucc/malignant(91),SYSUCC,1,auxiliary,SYSUCC/malignant(91).png,3d33badd078976105fceaad8c5e38693e2d0467baab4fc9826b3e6565fb9c497,malignant(91)
gdph_sysucc/malignant(910),SYSUCC,1,auxiliary,SYSUCC/malignant(910).png,c2dc831f3dca8ec4530706897c9c7cd81496c9e7cc5a91c6095630c6b52bda63,malignant(910)
gdph_sysucc/malignant(911),SYSUCC,1,auxiliary,SYSUCC/malignant(911).png,05cb5748a7bf326b2419f7ee7bc7d945ad95a5d1d06f92ed1937ac2784db1c53,malignant(911)
gdph_sysucc/malignant(912),SYSUCC,1,auxiliary,SYSUCC/malignant(912).png,3faa015a5076d2e83a282e25ee50503c4f05a2185cbd7dd7419e31c0680a96dc,malignant(912)
gdph_sysucc/malignant(913),SYSUCC,1,auxiliary,SYSUCC/malignant(913).png,6713e51be9a4b53733d7e50177e60a4fe6e9d9220b992c2eed841508cf7762c7,malignant(913)
gdph_sysucc/malignant(914),SYSUCC,1,auxiliary,SYSUCC/malignant(914).png,44a5d34e0e1f11891b26730663a8ef9dfc9f76a9f3070fcbf1ddc71b7209112e,malignant(914)
gdph_sysucc/malignant(915),SYSUCC,1,auxiliary,SYSUCC/malignant(915).png,61068ccc52e1f36d2263336957daad396c84b78dc83f55f383591febc2be8857,malignant(915)
gdph_sysucc/malignant(916),SYSUCC,1,auxiliary,SYSUCC/malignant(916).png,92036dad5ef59d69c8050bdf9d313677cde96bb08c32b1f6c9ce181a63b5a35f,malignant(916)
gdph_sysucc/malignant(917),SYSUCC,1,auxiliary,SYSUCC/malignant(917).png,01ea329c65981ced625b8a928ffaad64ed9428783545528cdd01c5db07da9c46,malignant(917)
gdph_sysucc/malignant(918),SYSUCC,1,auxiliary,SYSUCC/malignant(918).png,c9f2d8d9b3ce11c59cf2e3668e4bcf16b116f6cdffed35cf4ee6d84a066fa03c,malignant(918)
gdph_sysucc/malignant(919),SYSUCC,1,auxiliary,SYSUCC/malignant(919).png,22b80a77d258fa8908edd69af0c9c8fb76f1e6902ed78f6a4cd58da284d0e0db,malignant(919)
gdph_sysucc/malignant(92),SYSUCC,1,auxiliary,SYSUCC/malignant(92).png,f5b4753bd6e98c07e5491ceb0d67c81c3fa058a03982db410df9439b07339ca1,malignant(92)
gdph_sysucc/malignant(920),SYSUCC,1,auxiliary,SYSUCC/malignant(920).png,dfd19fbae7a5ca32f7302f6c9f457a01c36ccccc69467e5cd3189b64e2d4abcb,malignant(920)
gdph_sysucc/malignant(921),SYSUCC,1,auxiliary,SYSUCC/malignant(921).png,1434e7f8550e00b6ba0962f90c29e7340337b54d8df3f70315a94beea5dac87c,malignant(921)
gdph_sysucc/malignant(922),SYSUCC,1,auxiliary,SYSUCC/malignant(922).png,0c16d0d1a57e81ee7808ceafb917a622a7f7687ffac490b7683a40e4ef774ca6,malignant(922)
gdph_sysucc/malignant(923),SYSUCC,1,auxiliary,SYSUCC/malignant(923).png,3e9912f203a05151f93b298ac0c367c723ab27fd9faef3fbff981b848fba06f5,malignant(923)
gdph_sysucc/malignant(924),SYSUCC,1,auxiliary,SYSUCC/malignant(924).png,bcc4e0cb542d8e44960fb2272c2b5819866e346dcb0b5fc1591aa01e15794ed9,malignant(924)
gdph_sysucc/malignant(925),SYSUCC,1,auxiliary,SYSUCC/malignant(925).png,16c151a0bad6a1fdfbe71759ef8fcc042f08b1ccfeecb83ba5f0c9a0dc19b548,malignant(925)
gdph_sysucc/malignant(926),SYSUCC,1,auxiliary,SYSUCC/malignant(926).png,82a5bfa56d65404348c12899b3895421cb9fc199d8b259bde7cced887ef12915,malignant(926)
gdph_sysucc/malignant(927),SYSUCC,1,auxiliary,SYSUCC/malignant(927).png,8d58a889cd68c9bc8432b71c17040388a13477785eb57792fc16f21e52fdc28c,malignant(927)
gdph_sysucc/malignant(928),SYSUCC,1,auxiliary,SYSUCC/malignant(928).png,a4e2e9ace9f71e3dc90c7825d1916fa8a6a41e5b529253cd174ff4e0d2e23e57,malignant(928)
gdph_sysucc/malignant(929),SYSUCC,1,auxiliary,SYSUCC/malignant(929).png,40c6f840f6162d7e6111c6fbba87edd16e01d7a37e8b2497f64e97d6df6acbca,malignant(929)
gdph_sysucc/malignant(93),SYSUCC,1,auxiliary,SYSUCC/malignant(93).png,77b289417e697551a4025553a517192b55fbd061496c74bb2da69f97582a0ed8,malignant(93)
gdph_sysucc/malignant(930),SYSUCC,1,auxiliary,SYSUCC/malignant(930).png,1310bd386848820c5165735a4b6dceaf2c9e54507d31ba2fcee19cf752fdf2da,malignant(930)
gdph_sysucc/malignant(931),SYSUCC,1,auxiliary,SYSUCC/malignant(931).png,0c5a1cb0dedb16f6a56b3107c922e693fce96ff05f17824f49f08d2b659de8a1,malignant(931)
gdph_sysucc/malignant(932),SYSUCC,1,auxiliary,SYSUCC/malignant(932).png,7c0e32c236c0a61aecc1010ac91fce12c75d3959c7ad8f755983ea1d1706fec7,malignant(932)
gdph_sysucc/malignant(933),SYSUCC,1,auxiliary,SYSUCC/malignant(933).png,39cbd7875a6e05d67bc534581d87b55bc8cd4f042240c2887b675dec29da055d,malignant(933)
gdph_sysucc/malignant(934),SYSUCC,1,auxiliary,SYSUCC/malignant(934).png,037fdefafb7e09048cb5aab5327b969ec666f46255ee820d42fa907070c778be,malignant(934)
gdph_sysucc/malignant(935),SYSUCC,1,auxiliary,SYSUCC/malignant(935).png,a1a7d91a02c6c7e8ac81c873e67c99d98e6444d3de2474128e237c6d267b0602,malignant(935)
gdph_sysucc/malignant(936),SYSUCC,1,auxiliary,SYSUCC/malignant(936).png,3e3f8334402575a7c77c3efa970d1e90de001f848a745280827c24f3ecd7dae0,malignant(936)
gdph_sysucc/malignant(937),SYSUCC,1,auxiliary,SYSUCC/malignant(937).png,7db1e4179cfc82f90f21d4091c549e121479d84ddc7fcaa0d52f511325810e64,malignant(937)
gdph_sysucc/malignant(938),SYSUCC,1,auxiliary,SYSUCC/malignant(938).png,0a376f455f6392ef842711be6004e4a465bd13b7531b23647621921754a05233,malignant(938)
gdph_sysucc/malignant(939),SYSUCC,1,auxiliary,SYSUCC/malignant(939).png,7ad84de7336141c1291d30d9012965edc76a129dc009411d84c420ecd10cb515,malignant(939)
gdph_sysucc/malignant(94),SYSUCC,1,auxiliary,SYSUCC/malignant(94).png,2b28059e493841184c604ad8de82fd9ae849a7dbdb0e4925926f37cea748f48f,malignant(94)
gdph_sysucc/malignant(940),SYSUCC,1,auxiliary,SYSUCC/malignant(940).png,6185694a1f64227a44bd1b697201c9faf34f8828c0c9b8bfd9c419c23b3d9c0d,malignant(940)
gdph_sysucc/malignant(941),SYSUCC,1,auxiliary,SYSUCC/malignant(941).png,07a5a736a129cf61ae1877bd23f13cc5fa101ed7cb9648d54ecac0743a9f94e4,malignant(941)
gdph_sysucc/malignant(942),SYSUCC,1,auxiliary,SYSUCC/malignant(942).png,cee6a4568d5ede68f2100564b924cae67ea6caa89a97c1582dca6961a22c0368,malignant(942)
gdph_sysucc/malignant(943),SYSUCC,1,auxiliary,SYSUCC/malignant(943).png,f8b6461b8b5208d408c52029d2042fde351d57a38d5251860b3f6192eca4c9c0,malignant(943)
gdph_sysucc/malignant(944),SYSUCC,1,auxiliary,SYSUCC/malignant(944).png,88b2e3be7fabf44be7be316761f2de66dcc7938c02276e8a622ac7ff70dbdfb5,malignant(944)
gdph_sysucc/malignant(945),SYSUCC,1,auxiliary,SYSUCC/malignant(945).png,32dc01e3cffec6f72dd54bbd0ef466d2c29761bcfea2e374f72ed3552ae58a4e,malignant(945)
gdph_sysucc/malignant(946),SYSUCC,1,auxiliary,SYSUCC/malignant(946).png,716f9d8e4cef973e1ea97efb354a0da9699d66bcb989b9bfa9cab497fee05beb,malignant(946)
gdph_sysucc/malignant(949),SYSUCC,1,auxiliary,SYSUCC/malignant(949).png,aa3c4b1ee8fb6a81eb2ae1d4a04597053b541c6a6bf41e00d6369648027e8f60,malignant(949)
gdph_sysucc/malignant(95),SYSUCC,1,auxiliary,SYSUCC/malignant(95).png,01fc8144c4d0ce1aa04dedd7ffbb2497f74ad957d22e2474bd1e7b5ba5359e7d,malignant(95)
gdph_sysucc/malignant(950),SYSUCC,1,auxiliary,SYSUCC/malignant(950).png,8e659e23c1c5a47ae26acadec830bf3c5fa5084d38fe966f1e2b9ae7975263b6,malignant(950)
gdph_sysucc/malignant(951),SYSUCC,1,auxiliary,SYSUCC/malignant(951).png,6ba0e385714a333f95b8d7b66c4e07b4fcc4dbb6599e4a4af50463008c622555,malignant(951)
gdph_sysucc/malignant(952),SYSUCC,1,auxiliary,SYSUCC/malignant(952).png,5d5f4b07a9fca0d2f0b1beae07e91d83bbef0281d14b6cd088b105de9f9e4ccf,malignant(952)
gdph_sysucc/malignant(953),SYSUCC,1,auxiliary,SYSUCC/malignant(953).png,a7aabce3160d27d084186d84bf8d6070f3dc105b1d5ea032d1273a511c9705f7,malignant(953)
gdph_sysucc/malignant(955),SYSUCC,1,auxiliary,SYSUCC/malignant(955).png,3ea20367c021862e80ab34ae8497a69c9668f2cce147f6baa34a4c68f9b87d8b,malignant(955)
gdph_sysucc/malignant(956),SYSUCC,1,auxiliary,SYSUCC/malignant(956).png,8015eb43ad08dd89ec1f01266ccc330c20b4f91d6cf8e7cad41df23fdea26f00,malignant(956)
gdph_sysucc/malignant(957),SYSUCC,1,auxiliary,SYSUCC/malignant(957).png,2747b9b6ec93c6728b7b12b9a7f93bc9b71a35ba674df779467f36461d268e8d,malignant(957)
gdph_sysucc/malignant(958),SYSUCC,1,auxiliary,SYSUCC/malignant(958).png,24ae9ff65907bb1f70b7e6756b109e849c38ad753b5bd24eae81323330740365,malignant(958)
gdph_sysucc/malignant(959),SYSUCC,1,auxiliary,SYSUCC/malignant(959).png,f65010eb9f1d8552e5b08e1de630bd7c1119de050355fab832145c72b2ce5c4e,malignant(959)
gdph_sysucc/malignant(96),SYSUCC,1,auxiliary,SYSUCC/malignant(96).png,dc446996f7f20627a5b27f76a73239e196d715479f2d40e2414d2a396511e429,malignant(96)
gdph_sysucc/malignant(960),SYSUCC,1,auxiliary,SYSUCC/malignant(960).png,538646a90b774dea8acf23f7ac597aa088c0e933b4d7e1229e0bee08b0d4963f,malignant(960)
gdph_sysucc/malignant(961),SYSUCC,1,auxiliary,SYSUCC/malignant(961).png,e6f14c9c6ecb755b538ba5661869ad873193ff421c5e1d5c0f6ad0ddeff97354,malignant(961)
gdph_sysucc/malignant(962),SYSUCC,1,auxiliary,SYSUCC/malignant(962).png,5a9ce4ef2044995a2cf0a09c1820ae22a17d0bdfbde6de8c99e010129918f58e,malignant(962)
gdph_sysucc/malignant(963),SYSUCC,1,auxiliary,SYSUCC/malignant(963).png,be5879a9b727ed076bb21f6675824e6110d4fd6062868892294b5b56001b4e6d,malignant(963)
gdph_sysucc/malignant(964),SYSUCC,1,auxiliary,SYSUCC/malignant(964).png,516973242cbec95022b7da746d918f8a983ec48cdc1605d45fbbf735da1146c2,malignant(964)
gdph_sysucc/malignant(965),SYSUCC,1,auxiliary,SYSUCC/malignant(965).png,0c285761ebc25c20fc6fa77d7b3519d2f0ef0d12565c98d7840ba042cfd94c50,malignant(965)
gdph_sysucc/malignant(966),SYSUCC,1,auxiliary,SYSUCC/malignant(966).png,b21bd7d80572695c290cefe0e7f336a86ee8314e86d9578efa40ea49fe402e26,malignant(966)
gdph_sysucc/malignant(967),SYSUCC,1,auxiliary,SYSUCC/malignant(967).png,c12e9338afbe9ec1152cd35a94c94aa4ea7b1c7e1778b7020a17e774c84d9780,malignant(967)
gdph_sysucc/malignant(968),SYSUCC,1,auxiliary,SYSUCC/malignant(968).png,d798d0b825fdc65dd633d68f43bc4fab907cb8067b47d1b34cfaf0c659ae7ea8,malignant(968)
gdph_sysucc/malignant(969),SYSUCC,1,auxiliary,SYSUCC/malignant(969).png,0fafd4d9ffde9dcb6a10b195f59b89612cc7f9bbee39fc23d705044b7937f2bd,malignant(969)
gdph_sysucc/malignant(97),SYSUCC,1,auxiliary,SYSUCC/malignant(97).png,a8f510bb7032f295ec34ccd4eec52bc1968322732f4c1ee8d02b47b098a59582,malignant(97)
gdph_sysucc/malignant(970),SYSUCC,1,auxiliary,SYSUCC/malignant(970).png,1d50c50ee449cae47814f082adb6a2106552b274d0c99d533ac6270378e062a3,malignant(970)
gdph_sysucc/malignant(971),SYSUCC,1,auxiliary,SYSUCC/malignant(971).png,5dec1fc1a90ded5a8665b7b6d3b6a7a6d62c549dd47aeb700d2d289f513fc0d2,malignant(971)
gdph_sysucc/malignant(972),SYSUCC,1,auxiliary,SYSUCC/malignant(972).png,b3a8f7ad4a1006a49fad6bf0b181794277d07a68c47bcf2f17f5effadbc84969,malignant(972)
gdph_sysucc/malignant(973),SYSUCC,1,auxiliary,SYSUCC/malignant(973).png,36f1500243c405d0382b42ecdc2ad765a7440f54778fc62e95999deb4275a646,malignant(973)
gdph_sysucc/malignant(974),SYSUCC,1,auxiliary,SYSUCC/malignant(974).png,1f59623007d21242309cc75b154abae485f709a70e64b4471045589c6032babc,malignant(974)
gdph_sysucc/malignant(975),SYSUCC,1,auxiliary,SYSUCC/malignant(975).png,339bdedb12da4a1bb465fd6a664b3fa5cfc1b05199f2a79501fc53727b4c36e2,malignant(975)
gdph_sysucc/malignant(976),SYSUCC,1,auxiliary,SYSUCC/malignant(976).png,5813066546f58c4378ecb18d89c0592393c3aec53ce08ae72b9d0b0343bdba88,malignant(976)
gdph_sysucc/malignant(977),SYSUCC,1,auxiliary,SYSUCC/malignant(977).png,0fed3b628438fca68184ba07a721c0a60ce126f9e0aab0daeae1eb635dacd1fa,malignant(977)
gdph_sysucc/malignant(978),SYSUCC,1,auxiliary,SYSUCC/malignant(978).png,b1120784b488014fce716fccd5afc69cc928683259f9004dd075651dbc0b09c5,malignant(978)
gdph_sysucc/malignant(979),SYSUCC,1,auxiliary,SYSUCC/malignant(979).png,69a56b3f5aa74e7ea98ba25dc4807ea7da880dcb9f2dada4e695ed9456cfbd2e,malignant(979)
gdph_sysucc/malignant(98),SYSUCC,1,auxiliary,SYSUCC/malignant(98).png,2300e28a58d6ee37b54e0df1b9273369e814ce7b13f05c77a98ce2f6c0b803d6,malignant(98)
gdph_sysucc/malignant(980),SYSUCC,1,auxiliary,SYSUCC/malignant(980).png,8ca2a687227c563a95eb8437e9322096c02801f274367c7d654c10418f074c77,malignant(980)
gdph_sysucc/malignant(981),SYSUCC,1,auxiliary,SYSUCC/malignant(981).png,c06f03dd5de1881f205d12deca9c842e5c330f733fa0649ee282a839152e4041,malignant(981)
gdph_sysucc/malignant(982),SYSUCC,1,auxiliary,SYSUCC/malignant(982).png,3d12f75984c7495e655d1117fe17842a98c28ac28dc3c997e600793603786f1f,malignant(982)
gdph_sysucc/malignant(983),SYSUCC,1,auxiliary,SYSUCC/malignant(983).png,052a7aae3a48b051bf16f7d430e003878bc6b1d31da7b7be6c5022f7c2f3205b,malignant(983)
gdph_sysucc/malignant(984),SYSUCC,1,auxiliary,SYSUCC/malignant(984).png,8978903ab643556011cc8c66b9841e24cc414e47ec24368f7ba1b15f8775409e,malignant(984)|malignant(986)
gdph_sysucc/malignant(985),SYSUCC,1,auxiliary,SYSUCC/malignant(985).png,c769e962a266bf780265b10bc5668a47d4f20c8afb7a0ab924c3458809896747,malignant(985)
gdph_sysucc/malignant(987),SYSUCC,1,auxiliary,SYSUCC/malignant(987).png,6f7b41b18ddb0cff8bc21316171b8c32ae6205b50f3855434bde9046ffae74db,malignant(987)
gdph_sysucc/malignant(988),SYSUCC,1,auxiliary,SYSUCC/malignant(988).png,9f15beddffb8d44692cb60ebd86af699470049a6b2b2df844a310ad276387f5d,malignant(988)
gdph_sysucc/malignant(989),SYSUCC,1,auxiliary,SYSUCC/malignant(989).png,edaf6363e0df76cad07462abf7f70cc015e179b1595f99b75df34c36009beaa2,malignant(989)
gdph_sysucc/malignant(99),SYSUCC,1,auxiliary,SYSUCC/malignant(99).png,03531835a9fe8236df0ad58a048f7edf33b07cfadc38f9ff269c69cc0365ed5e,malignant(99)
gdph_sysucc/malignant(990),SYSUCC,1,auxiliary,SYSUCC/malignant(990).png,347a461170cf87766731e42705b692a2c868c8bf1434cbd76c5e4c9e4b63f3f0,malignant(990)
gdph_sysucc/malignant(991),SYSUCC,1,auxiliary,SYSUCC/malignant(991).png,cb1374bb55c0a69d94e5fc3e60b2a17792eef9fd315b90dbae9b6d933227174a,malignant(991)
gdph_sysucc/malignant(992),SYSUCC,1,auxiliary,SYSUCC/malignant(992).png,c8a0fe3b79615ee919abc4c5665d80f2542a4a35fac7a1273d94e88ef886277b,malignant(992)
gdph_sysucc/malignant(993),SYSUCC,1,auxiliary,SYSUCC/malignant(993).png,a7ab5cb4a52f68357ba19f34c4729703749c0b4c673984c4849320b192680142,malignant(993)
gdph_sysucc/malignant(994),SYSUCC,1,auxiliary,SYSUCC/malignant(994).png,646f5c0405a195fb8c2ca357eb845395cd4bc02d890860c0a81dc48afec11e46,malignant(994)|malignant(997)
gdph_sysucc/malignant(995),SYSUCC,1,auxiliary,SYSUCC/malignant(995).png,91cd19ee8d758b6fbd40f3fa3cf53646ec9493da1763efcef255e8eda2e47c88,malignant(995)|malignant(999)
gdph_sysucc/malignant(996),SYSUCC,1,auxiliary,SYSUCC/malignant(996).png,7e38b4e406a106d7d75b1431a2b8c136cffc126eb498a9dcefadf58938568532,malignant(996)
gdph_sysucc/malignant(998),SYSUCC,1,auxiliary,SYSUCC/malignant(998).png,0735bedfba47d08aefd84cce39351f6ee2f87e5dee350888f12007334f17e054,malignant(998)
