dataset,sample_id,label,root_key,relative_path,image_sha256,image_family_id,outer_fold
udiat,udiat/000134.png,1,udiat,000134.png,f55f5d51363dbe8c62f9cba4c730a2e12e3f827c3d3e8adf44990b3d0898943b,family_a2e30fc7d3be739f,2
udiat,udiat/000030.png,1,udiat,000030.png,f28286f1fadbf300b59d68142973e6f55e8c5c97a7d1aa19857b7b62318178c3,family_170e58ae6e853bcb,5
arc,arc/65,1,arc,65/BUS_1.jpg,6191ebebdcbf60cec274215793ebc0782c7f6ab28a66c7727a4b91920512ecc8,family_6aaf8118f98d685b,3
udiat,udiat/000103.png,0,udiat,000103.png,a3db87f380359d2e8b3646c7a148f242a9cab32710943e9075ddcf7def14b076,family_b72ff00b450e5467,3
udiat,udiat/000044.png,1,udiat,000044.png,d1905aae031fba620945ab7759dc06ff2509e2ee9e95ee03eeb5d533badd170c,family_5c4834ebbbf9e306,2
arc,arc/279,0,arc,279/BUS_1.jpg,a27f8ff0c9f0fc84705586ce1a6be22c450cd159e035697444248f3378cb563a,family_8dd5c4b300a585d4,5
arc,arc/90,0,arc,90/BUS_1.jpg,ff3caca3764daaf7409fede313c200fbc4777bd941c4b8a796697eb6e4fc8b01,family_4cb13b98d94beffa,1
udiat,udiat/000121.png,0,udiat,000121.png,975c8c772082815da601f7db9d8030f6512da4f60c74ba76fe6cc7843cdaf4e7,family_7ee13a5447976d74,5
arc,arc/209,1,arc,209/BUS_1.jpg,a5681eac950fb424890ad93e97bd083e0889de27f3bf0de858e1d3ee3015b7bb,family_8035e3919af03174,2
arc,arc/191,0,arc,191/BUS_1.jpg,afb69edd5871c8100cde84934c81c1a90c1e961e395213eef69f7c7829ace837,family_69a4d6ad0344570c,5
arc,arc/13,0,arc,13/BUS_1.jpg,6b7f564a94e7e7dee4abd616d7c256f537454a5a3c73342014904da477486871,family_41a6b522b958134b,4
udiat,udiat/000145.png,1,udiat,000145.png,94b1c820d9930274c05fc94d2620d941aee473edb8ab2741f56e8be7d3da3ff5,family_3693d47125db5d20,5
arc,arc/35,0,arc,35/BUS_1.jpg,b8bdcfd61b1426685346b1377d077a0df17ed0542776babc4918b2fab54fd441,family_1fda989145d12ca6,2
udiat,udiat/000091.png,0,udiat,000091.png,4dfe02f2eb5d1bd718e4df542fbc7f7c2e1e4daa60aa80811c14d6e796a8466c,family_b80a5b316722b965,5
udiat,udiat/000080.png,0,udiat,000080.png,8952abb5e873a72ad1c6895911ac346ee67d17367aae76e91ee1a1b49575be41,family_1374710aee555bf4,5
arc,arc/47,0,arc,47/BUS_1.jpg,437cbfabddefd9f136c8586cebdd091f16ead2d807db092f5985fd082ed80bd1,family_fd12af91a55d4843,1
arc,arc/21,0,arc,21/BUS_1.jpg,48891fb4f13cd68f70c521d8e7de041b2b5a3f9619d78e45fcfff5ae1b666322,family_695a189e8abcb77c,2
udiat,udiat/000083.png,0,udiat,000083.png,4230c99f63a791203c4f54e5d12d84566a1125d00b1d28dca9b5d31489809abf,family_66af029ea1c9143b,4
udiat,udiat/000036.png,0,udiat,000036.png,20c4cb9812afc0da0e9e33f9890c8347d2ced02a69f40d9807d57531a1a9c177,family_bb1f09f3c9c7842c,3
arc,arc/216,1,arc,216/BUS_1.jpg,f248b6f17df90e0eaf078a7b58494ab9f11a5361afd8fb5af5992c5f3228bb6c,family_1475a4a8c73efb86,5
arc,arc/40,1,arc,40/BUS_1.jpg,baf9a90abc1ceafed216f2bbf3a8a8b0aeae2135d90b88c3c45a85683205c8f5,family_5e876d38c30d2813,5
arc,arc/149,0,arc,149/BUS_1.jpg,b62c2c19fc6d99f84cb23e9aad8f33fd150b92eaef99e6038de80faa372279b2,family_acf2ba2f1503d625,2
arc,arc/32,0,arc,32/BUS_1.jpg,cd22b20f91486041aa46b73640e65a96c0d2c21efb42957727545a6e2093ea3b,family_1aed4615a4317eb0,3
udiat,udiat/000055.png,1,udiat,000055.png,bfe3efb881ce0e50899413ce7b5002b87e3518bd7e37f08f9fbd1632f995829a,family_72770368c02f7ccc,2
udiat,udiat/000034.png,0,udiat,000034.png,340670361cd13941347b585fdb8316c70aab1da14eae80f7cefcb5e980ebe891,family_fcb289d6150719f8,2
udiat,udiat/000139.png,1,udiat,000139.png,e336205b800d81c73dc21f887a66dad3b2c2c0e4c3b14beaab69aab373a9a08d,family_e7adfc2009a3cc27,3
udiat,udiat/000308.png,1,udiat,000308.png,bf976e3f56fc9b93f3cccb29a87132c3de0abdefec5bd588345c50a54a68f03a,family_5e074b8e95bf842b,4
udiat,udiat/000096.png,0,udiat,000096.png,e945010049a3e23be0548b02dee353041bb994ce15161360e97650b52ce0669b,family_1ccebe91bae66412,3
arc,arc/252,1,arc,252/BUS_1.jpg,a7e965a18f53e54ab71db33fda4b276255a1350d24f9618bf1df9bcfe75ffc9d,family_197178570c6a0c02,5
arc,arc/101,0,arc,101/BUS_1.jpg,ac73ff3a5bfd44c7ba9bcf52c34b65ef1df2962d362e16e3cc5ea26d71ef36a4,family_f95e512e00001e87,1
arc,arc/293,1,arc,293/BUS_1.jpg,66221a092e745a480e8e7db785f7333180fc808be9140b1e9232ceac3deab89d,family_862c5b7ffe88c668,3
arc,arc/137,0,arc,137/BUS_1.jpg,7287269151a0d643bb53bba032651ea7da36de60fadeb83cfa131e4732786fae,family_a49ef375f8674ee0,1
arc,arc/12,0,arc,12/BUS_1.jpg,0825242e860df5043c4d51b1ef1ba9acac01c78144ea3095730b7405083166b9,family_6588b73f0ddcabda,5
arc,arc/63,1,arc,63/BUS_1.jpg,a05dbf09e39fbe75ded5432260b79e7e1fc66cb62aaf367f3771b1fc0bce8631,family_67f9e1f9d22abe13,4
arc,arc/273,1,arc,273/BUS_1.jpg,6ed4b521efba38e7fcb98a63c2380bc42dee771e9d8c108aab313eb51c4a7d30,family_9e86f855ed6a27e4,4
arc,arc/73,1,arc,73/BUS_1.jpg,51745335b758cae0aaa4234bfe44f50ad830bbd575eccc3e5d49dd00b5c5856b,family_0adae9238e32f2cb,3
arc,arc/105,0,arc,105/BUS_1.jpg,60badbd1456c3e91681d4932b2aeba029c41c79483dea3fd4c96d8e24139394c,family_6b99b08818376523,2
arc,arc/24,1,arc,24/BUS_1.jpg,597557f9d9d09ce52401954d7c2d92e4f11780088bcca4e07757ddcef694423d,family_451eac3a64dcbfb7,3
arc,arc/18,0,arc,18/BUS_1.jpg,bfeb76f5b02ba3e888e38c71f5f32420ac230bed3ad8e68ece7cdaca9d86a280,family_76ec05b520404d0f,5
arc,arc/268,0,arc,268/BUS_1.jpg,480e2b3e8ecb4da6bb9ce588cc9724c85207b4b7283d8b1fa3fcb73ca44b4f67,family_53cdb4cb920f96b3,5
arc,arc/215,1,arc,215/BUS_1.jpg,36340b1cd7995916b85d36a661434fec7745cc6c302502aeee42b0aff997a9b6,family_b3a4db7724ef804c,3
arc,arc/272,1,arc,272/BUS_1.jpg,344152d1827672966f45ef27fb425f7be16918b2e706cb5c1c6ed444c051f6b0,family_1195533a4c5cfb05,3
arc,arc/41,0,arc,41/BUS_1.jpg,4c0c17ce00bf9c42c7d9b4d1c5ba2476625af09e60cea6eaffe40801ed2a0594,family_55d354c57c5e0bad,2
udiat,udiat/000010.png,0,udiat,000010.png,20b69c9e03e140b19a5c34b09313a52d5df1e42f384811fe9433c0694acd9782,family_8f80aaced71d0167,1
arc,arc/206,0,arc,206/BUS_1.jpg,fab8973b7454af23c4974c6e220771bef4581230d2894847f3c5cbb8c1edac7d,family_d3d3eb9c04cdd20e,1
udiat,udiat/000075.png,0,udiat,000075.png,aabd901bc46585f00dc33cf266726327bc13fb9dcb4be3a6ac0b3790cbec88c0,family_17bdae41da483c2b,1
udiat,udiat/000130.png,0,udiat,000130.png,5be5222d4d60696ba8cf5bd0d779cca25ec530f59a74011138d651d2be87b6ea,family_2b95726ccfbeec5d,3
arc,arc/55,1,arc,55/BUS_1.jpg,a7b6af348be128b0bbf3c8d735f3fabf54a762f41367eeb5d077c367d9f269ca,family_74105dc95ab6b629,5
arc,arc/173,0,arc,173/BUS_1.jpg,66a5966c2e76fdd2f441680824356c9285e46d4c48bdf6095ddd809287faed66,family_ae43db59ba079ad1,5
udiat,udiat/000147.png,1,udiat,000147.png,fc73d13607093317bbd3fcb7014ccc8ab1330289e43963de2edf2f9883785478,family_57f2c4d4d8904419,2
arc,arc/97,0,arc,97/BUS_1.jpg,d6d2ec6f72e219059df58027b4590e689d01f2d39c9e78dc8fe87674880036a7,family_39706e3f2759e7db,3
udiat,udiat/000102.png,0,udiat,000102.png,f84f94712a92943fbe749c336b8d57c9b917106397962557e26e38fc79235937,family_9662fef8b7bdb2c0,3
arc,arc/62,0,arc,62/BUS_1.jpg,3f63d29936a85d33eb9ad0e9b3e092a90cc8afba6e97d4c1ebedef7037827d1c,family_9a0a89d98acff711,1
arc,arc/192,0,arc,192/BUS_1.jpg,49c4f45dfd909a44fe7b9e889714c7a602bde7a6f964d0c240389fe43abab84c,family_2173f19b89e8cd25,4
arc,arc/142,0,arc,142/BUS_1.jpg,8c48d8b24e9faf84fea1c3145e1e991d849d927945df889bab39b382cc3169b8,family_a8c687e5c7999f85,2
arc,arc/31,0,arc,31/BUS_1.jpg,232b253f8d49482854e6c45e5b25f921d4f31a08ca30295313dff7019de5e1a2,family_3bb9931c5c466eb3,1
arc,arc/179,0,arc,179/BUS_1.jpg,3db9a12425369918571c78841879e54a7fef8ceeaf1bd279620260ddae9cdb6e,family_a197181a4b1eec1f,2
udiat,udiat/000101.png,0,udiat,000101.png,f21ab9ea7f8c72fb435ad67e68c03428a9e7fd33c71168279f135b3a89270d20,family_c6c265c6bea2eef8,2
udiat,udiat/000100.png,0,udiat,000100.png,24c5015b1275eba7c023bc31a983d0a7c30bb8f364405bd07bef0515df9274f2,family_7fb2275a895d0a61,5
udiat,udiat/000144.png,1,udiat,000144.png,443b85ff370c4fc3ee105ff53c75b9d5d75ff6443e23b50f89d4f3a4a1e73575,family_2e722e04ebea3997,1
arc,arc/94,1,arc,94/BUS_1.jpg,d12bfc8b5ce2a9d9338cea7eddcffd8f770737f0d759258e8101d11cb2a56ad9,family_63c53cf9a139cc82,2
arc,arc/183,1,arc,183/BUS_1.jpg,770db687b1e30e5c4cbaae3e87ff6dea2e16db2e6842961ee9d5a53457252c32,family_62b4fd87659f63e9,2
arc,arc/42,0,arc,42/BUS_1.jpg,db0a01571cc5ff644cc83c9f25f1e40c3a7572b723aec7f028884596b129e446,family_05766e6403376865,3
arc,arc/133,1,arc,133/BUS_1.jpg,fac29f7825ecf783120db78af813b5bbc8ff4d21480a8487bc2efabe8527ad63,family_f9bf9e62e38e3571,5
udiat,udiat/000128.png,0,udiat,000128.png,0ee236b4cb8633f874682c617fcc77d0b6667e56e26c01d4ba375d52fea16bd2,family_48eb4978e71504e8,1
arc,arc/211,0,arc,211/BUS_1.jpg,cebcf9d96ed384126bc17ce0e26495feba8d4c507d5d98cbaaf4182313d98dc5,family_edf6cf5dd52e706f,3
udiat,udiat/000018.png,1,udiat,000018.png,f954c40e4c1c2c7f3e434af77bbbf1b2156396746f482beb6c2bf6b83fd32eac,family_547042d7a4b8ddb9,5
arc,arc/88,0,arc,88/BUS_1.jpg,6c1ace902df38a315c9972c5d86b637cd9b6510c3f9c5639104d90b4308409ed,family_0faabf8824c3d74c,3
arc,arc/148,0,arc,148/BUS_1.jpg,c41a014319068e3f7cb077902c6e4e0509d8897444d7631ce5d1bc35b6a48a02,family_8ed1f134cdabb1e1,1
arc,arc/75,1,arc,75/BUS_1.jpg,1aae2ac34d69147bdd72586320ba50320405c1127cc962a0592ef2323206ff96,family_9374bc1d98a98c2c,4
arc,arc/9,0,arc,9/BUS_1.jpg,d5990d2e4788798639be9aed7abb3f96e1fcea113e1c22a9dbf06d4f99c296ef,family_a9ac1d70db59936f,2
arc,arc/118,0,arc,118/BUS_1.jpg,628c83df87d00c746b4c2d189eb4bad18a08807cf68ac4175f7a41600883c23f,family_ab18214bbd9d2eba,2
arc,arc/45,1,arc,45/BUS_1.jpg,7fdd0d376b705a9c6b625c09bab04f52a7bf7acb9efd91f0d219eb36e06f5456,family_cd6c52849cef7a45,2
udiat,udiat/000088.png,0,udiat,000088.png,594b3456cef11fa70587deace2bb5a00ba6302da7518f28edb5ec5d678ec4950,family_405c5c2c8cb8b3d7,4
arc,arc/122,0,arc,122/BUS_1.jpg,27a7b3f035bf17a95d548f46a4391c80d9027c2aefe2a83ee5ba6055c5103fad,family_630ad03d6616fb33,5
arc,arc/172,0,arc,172/BUS_1.jpg,7eaf3e91ea6f13f55adfd92888d4fc7d305baf6b7fd780cb5bdb5d35b99c747b,family_a444e70009179c7d,3
arc,arc/266,1,arc,266/BUS_1.jpg,c5a7799ab8b5101510c9a77c406e9a4b7a982fd25ec8f8d82a2ad5f0c2887d1c,family_007b495f26735f3f,4
udiat,udiat/000015.png,0,udiat,000015.png,ff654285e522a2f523591238f8df32def0d6b515942349b5105e357c7a0364e6,family_d86753c0b6a3acc4,1
arc,arc/38,1,arc,38/BUS_1.jpg,e48182ab6a1e2671fadea36c0a4220acee9a736bbbc7e6d83677365b374d153d,family_b9d7c221a0f12cbe,1
arc,arc/115,0,arc,115/BUS_1.jpg,9a656abd44e022380a44e5f70d4b18f8a6939bbfafb343d4976202539cad6ccd,family_6b99b08818376523,2
arc,arc/7,1,arc,7/BUS_1.jpg,61ba1fde8e65e1d168de01630c2b01f2282a651813a30f33d971cc8913cb4734,family_66340a3c535de020,1
udiat,udiat/000014.png,0,udiat,000014.png,b864da8266a76938d8c0f17e8b87f77c97fd78587f2717cd97ea16b106e2dd11,family_c66ef4a18413f452,4
udiat,udiat/000137.png,1,udiat,000137.png,aa526203e29ea6eca97c5262c44476d771d4f548728eaf4163f32d52023b2041,family_b2312d22ede0f724,5
arc,arc/269,0,arc,269/BUS_1.jpg,b7abe77859bd22e785281413d3e94e2b419148ab1f305acece8169c58bc1e3d6,family_8a0da09b18dd8644,4
arc,arc/103,0,arc,103/BUS_1.jpg,8c4a6fee9e6f3d8dc979df40fd7d3c08b032f79cb80e7446d3f887ccbfd64717,family_8a7b367cfa795ccb,3
arc,arc/39,0,arc,39/BUS_1.jpg,a2c51edbacd629b1d7a3fc09ab1bda523913c19c8ffe75e3de920aa2448fb858,family_bbf98992cd7a2b12,2
arc,arc/136,1,arc,136/BUS_1.jpg,4930d55c587de159aa8b1758c0b49c52d644265b309489d0e205b80d898df0ac,family_84faa34435c6c387,4
udiat,udiat/000303.png,1,udiat,000303.png,4ab711afb64c460f21eb99ce11627300aade9aede49970fa22db0fc5f2c96c33,family_6d569b16a2b6e1f9,1
arc,arc/175,0,arc,175/BUS_1.jpg,97ff76302947d27120edb34e378fbc9b0c430931714b7fc3ee21577fd769baab,family_922ad2f031560ae2,5
udiat,udiat/000304.png,1,udiat,000304.png,4fb40ea1434efc7e8e93a34d1183dcfdeed34f4e36c4791240bfaef4b917195f,family_db8f7b5eba0176d1,1
arc,arc/2,1,arc,2/BUS_1.jpg,86429ee5101cd8eda7c5f5f6fa5b80f2aa601c80f8ae699e020dbde784baaaa2,family_c6c5abe6c1a731e9,2
arc,arc/254,0,arc,254/BUS_1.jpg,f2f74440970f2f48fdacacbd5458f76a37871b2eb0bc3da35905955e80a621d0,family_6923f1ddb73e60e9,2
udiat,udiat/000006.png,0,udiat,000006.png,674fff7295c051a7a06571656a6ab972c8b96bfa81061382ca5048b6f510bbc5,family_c11bdca52b08e2f5,4
arc,arc/36,1,arc,36/BUS_1.jpg,9a6665d0663d0e2c42d4a3a5c9072d7641987eb5cd1ec23189e5e062111b8096,family_09dc81c8f64ec3af,5
udiat,udiat/000111.png,0,udiat,000111.png,7502d00fc8d6c685959ed6120a42ac3cc2540d003a3848d462d86acf43e9c646,family_91aadb63e34bfb9c,5
arc,arc/138,1,arc,138/BUS_1.jpg,f2a95af3a3712dc554a5487a44eb7e7175572cb29d95569929c183296aecdd3a,family_f22381d3774885ff,5
arc,arc/258,1,arc,258/BUS_1.jpg,215adfdb4bdf445f51ecaf6758ed7a80c11023db9bf830c4c00b83a26fe349a4,family_d666b167ceea69ca,1
arc,arc/271,0,arc,271/BUS_1.jpg,97db1147189e0484e4269fc3b0a3bebf3c241be9e40ec8f33eb04c6370b005c4,family_8439c1ac06b31c1e,4
arc,arc/275,1,arc,275/BUS_1.jpg,69b139cce39520c8b65e776ab4f6604c4685a99b37e47360a44a43826e4d4096,family_972c44eda4662d82,2
arc,arc/237,1,arc,237/BUS_1.jpg,837f939b5a367aced25a56df60c70b7f174f59e636fe89aac61a5d5097dcabc8,family_e8de67c36f15b864,4
arc,arc/242,0,arc,242/BUS_1.jpg,9b5f29e655e8c9c0fb8f65eda447ccefed1a09a73a5fe4ff1c1228e33ae46d9b,family_000003eae03962ee,5
arc,arc/244,1,arc,244/BUS_1.jpg,6cfd13bb00ae1c858ffd49041da206eecff8b0053962864b0c10d15b41d1b6d2,family_171d99d191a51bbe,4
udiat,udiat/000045.png,1,udiat,000045.png,7a75af7b745a2ffb22c07b5bb38300076f103a85166ccfc3a58026deffa08649,family_b5544dd118e948d3,1
arc,arc/245,1,arc,245/BUS_1.jpg,1cb182ba0f6ad48e50482079139893b4ab4bdb300fe97c257808dc2aa3bcb3db,family_02bb7842553367c4,4
arc,arc/143,0,arc,143/BUS_1.jpg,e616c9d955ed1dcaddab2cf785bcbbea1d408d72cf3d4357db39eb962c19e8c8,family_4b634d85427588fc,3
arc,arc/86,1,arc,86/BUS_1.jpg,8320c5170860981a7093f5eda4809d1fdb3598d12e356ccea08daff728bf16c0,family_e1b0e8c8a6bac7c5,4
arc,arc/288,1,arc,288/BUS_1.jpg,e87473e5fa4179006a4ee6b1e23b9e72f8fb02b3dbeac17902e89efd249445b9,family_7073cfa398003987,1
arc,arc/174,0,arc,174/BUS_1.jpg,4958fa9d71f469659377f3305c41a219cbb380e2bdcab2251a834dfea7fbf019,family_4f8fa7c6c67602d6,1
udiat,udiat/000060.png,0,udiat,000060.png,92994f05782a86d5a60d0dc494c5820e757123cd1909d5319c777eb4ed862522,family_d113cfcdf6020b96,2
arc,arc/278,1,arc,278/BUS_1.jpg,56e5afe6c9833b556a3227a30d45e3029ce0547ad0cdcf956af1ec6b3a4546a1,family_2e8c99b3c07c903a,1
udiat,udiat/000079.png,0,udiat,000079.png,85f1ed0f6ad56d471e39ed09551252fa573dafd05755f3e128e49f18d7fef0f9,family_53acf4209282531f,1
arc,arc/76,0,arc,76/BUS_1.jpg,8467c596fe785d2a465bfc10ea7630d3be32b4cecf723ed3618299a3b9368d1f,family_1c7f84e3105cf9eb,4
udiat,udiat/000008.png,0,udiat,000008.png,badb664d7969647587653a4228eb7b40270ce947a7d3189158da598a012b9254,family_7ba09e405bc43d43,3
udiat,udiat/000017.png,0,udiat,000017.png,f54065491318a383776896b1204375d05713e62ff9d097369d7b486a447afe18,family_f52d732f8fe1bb3d,3
udiat,udiat/000305.png,1,udiat,000305.png,f4c75b0199a1e54c20a44ba87eb346067b7ae94a8fb0b11f4ebb2c6901a37173,family_d9c5e5deed2b5b2a,4
arc,arc/134,1,arc,134/BUS_1.jpg,fb3ab818488c22493313d700444f97692a44208a23cbed526e2c1c88453399b8,family_fd7c90686a96e61a,3
udiat,udiat/000026.png,0,udiat,000026.png,45cd2dcf28bc182c299047d7bf7172b639fef1a73011ee1cd02ed42407cc6594,family_2596dae8d5baa0d5,2
udiat,udiat/000053.png,1,udiat,000053.png,cf8c371b8f54825ddb6295f9aceb46763bc6febff29bcd36e495da2a410519ed,family_51071904c1f74007,2
arc,arc/48,0,arc,48/BUS_1.jpg,1e3ca9ff6414d3cb718c10b54959c310bf95e9a4ad9853d87d73c7f0aa146f88,family_204f13733e497815,1
udiat,udiat/000037.png,0,udiat,000037.png,74b18b82491cd2516577255a123dccd072ce85beb1c880d03a888ebe220d91a6,family_04e41b5197b4e9ae,4
arc,arc/287,1,arc,287/BUS_1.jpg,e4d9215c04bd015cafc2e9eaa4173e24c37bf005d1c18455a9b4901959418492,family_50a7015f0590cfbb,3
udiat,udiat/000038.png,0,udiat,000038.png,b5fbda2b0ff5f2344ba2e7bf1ff6a7f1dc99dd95a0fe4809ae9468b824397a3f,family_9bd6ea9468a29523,1
udiat,udiat/000027.png,1,udiat,000027.png,7a42e82df914b0fd223b267bc6ff7fd128cf3fea3ab82a356a002000866cffdc,family_2190bdd1b56285a0,2
udiat,udiat/000104.png,0,udiat,000104.png,1c9d78534fbd0c16927f2454b0065ccd93a97af87357e3d8ab3fd9e8c2c7284f,family_3be153dfa526dc05,5
arc,arc/303,1,arc,303/BUS_1.jpg,8105d87abe857dfd9268c288624e9526942e9f5fc1125023857f623b5960c53f,family_d1a72dec8d488367,5
udiat,udiat/000146.png,1,udiat,000146.png,92cca62a8d5d257486886ef4a1e23855d28ed5cd55935f3fbd473dcaeaf93780,family_9a69269d7fd04228,3
arc,arc/85,0,arc,85/BUS_1.jpg,de119cdd2d35cd9dba09089a7b4ee0942174d9cabc66a218a41c6869ada4e3ab,family_c10510684f0e740e,1
arc,arc/147,0,arc,147/BUS_1.jpg,6bc74cdc7dba99318a8826a3b8d3ad6b8847cded0258efc3eb8936c86b8227f5,family_8a67162f7a46f544,4
udiat,udiat/000124.png,0,udiat,000124.png,93208c98bc4a32d1278264bfb6bacc3396590199237fe13088aab0a01da33fed,family_b2dfc45b058756f0,4
arc,arc/141,0,arc,141/BUS_1.jpg,74d561b2c1d327d31fdddcbc1d6033576b36ba4eb411730025f57d92699f47bc,family_023592a2f41bc5ba,2
arc,arc/151,0,arc,151/BUS_1.jpg,27c80ea00568e37580baa236366a547954b681bfdcfb6401c8a9ef0080233181,family_ec4c24924514e598,4
udiat,udiat/000307.png,1,udiat,000307.png,b52233dabad6c12856e45303fc86cfb4e98df09c4a312eb8a1d7defd90adc096,family_ddcb5f6c8832c177,4
udiat,udiat/000058.png,0,udiat,000058.png,b3909a7270d8d903706b5a8f078b841e57a04f0d872589125ab4737fde263c0d,family_34edf483f798654e,4
arc,arc/178,0,arc,178/BUS_1.jpg,a464cfdccd0bedd9efcba2403513691c8f4dd735a0b876e2c8142944514ae95c,family_1d89c880a75f3ef1,5
udiat,udiat/000095.png,0,udiat,000095.png,5a8669c6d3c397a0752ef0bd35664cbad90b65c7c4a3d5981ce747a167d9f9cd,family_699c1e07e33f9ea3,5
arc,arc/161,1,arc,161/BUS_1.jpg,d773b945947735f58022c69c0f9dc02493a693c5260e6994fb04ff2a942b9efb,family_c2f98a1037cfc2b2,4
udiat,udiat/000090.png,0,udiat,000090.png,0d64a7df8907a486565f78f44d4b0f53b579a61034383162185909c43e8fa5f1,family_7256d573a8200d17,5
arc,arc/274,0,arc,274/BUS_1.jpg,637ecf686f876a6ced547ec7570144d357e40febad9554109dc5a49b549fe455,family_bb8b6a564c538fe4,5
arc,arc/230,1,arc,230/BUS_1.jpg,fdbcca67ffbdc2dcd47b7a36f328ea95e5a377115b5081b0ba5c4fabcf4b3497,family_70da3b18dfa40fcd,2
arc,arc/198,0,arc,198/BUS_1.jpg,8086aba5d15f5397b60e55c6e40a17c94e287a0428827143e7d7cc43113904e0,family_c8eab640eec1efc5,3
arc,arc/15,0,arc,15/BUS_1.jpg,c8a9ee655ca0d25a151c6d69af24dce0d3b933723f8e839beb6f89680e01e645,family_bd7a53a6ff988f20,1
udiat,udiat/000087.png,0,udiat,000087.png,fd2051aecb22b84b049733619bd1bf4dcec0c5dd4657a48e65a0139acfa89411,family_458d84c23e6edb87,2
arc,arc/231,1,arc,231/BUS_1.jpg,c85abc21401a69a3efd7c5fab06c32322797053cb5ca73b045158adfed1859ce,family_575c3a3244c4e05a,4
udiat,udiat/000077.png,0,udiat,000077.png,d444d598f7eb78128a5bf91b1ab517f8f58e1d34e94c4941752a3aed1790dd68,family_d28520a2c5b82ad5,5
arc,arc/263,0,arc,263/BUS_1.jpg,04542c217101b7af74c7202269788c0da612ada07b5be47e8c5b705771567d47,family_2db42126befe7168,5
arc,arc/68,1,arc,68/BUS_1.jpg,1bdd36a9c8ae28d54c8bdc09795621d1b63962b4b889cc4a920c12fc5885280b,family_b52dd83c22e59e7a,1
udiat,udiat/000092.png,0,udiat,000092.png,746372547ea7f507917f984e8d571962bbc5f794c9568b2e1305c5eb0a999a1d,family_09c392b9caf53052,5
arc,arc/208,0,arc,208/BUS_1.jpg,3ba90e9ea9e211780a8521fd5f6c68437088192570441051055aa2b18fdd8eff,family_543a72b84938d707,2
udiat,udiat/000005.png,0,udiat,000005.png,3b86d193a9d15277467a24ac9461a82b9e3e23a9dc1e9083ea60937ca6215e52,family_91f2312046a8c4a2,3
arc,arc/16,0,arc,16/BUS_1.jpg,3ab95472b21c5abf885819c6372cd0c83d4514f45db0683f0d88212748dff0b6,family_9c562380c3e7411e,1
arc,arc/282,0,arc,282/BUS_1.jpg,60d542cec7cc5a5593bc261f8b1189c31b34acdfaf7a411ae5abd5874f7246c1,family_0d31428ccf74c8cd,5
udiat,udiat/000107.png,0,udiat,000107.png,a1932d9d31c9d6cc4f1cc3e5d3e3fb0475b27190c1d266cdcc1c076355b31ba9,family_4456d5eec2024404,2
udiat,udiat/000098.png,0,udiat,000098.png,2100a2b19064b82c7e4bf65eb56a3e410a688f310bd462a0ac43884e3eee3c1c,family_f1131ac74031e851,3
udiat,udiat/000073.png,0,udiat,000073.png,d376969b1ac0a7996b8c67b2c501399f83323bb994a958d263415834d4a633b8,family_01bf4fad29df20c6,4
arc,arc/171,0,arc,171/BUS_1.jpg,a8c8c8f12dd504a5eff468c8bc700ca28348737324beae3b95445f082526ff71,family_56c62b97149e510a,2
udiat,udiat/000301.png,1,udiat,000301.png,5ed5bf9df42257f048cf92ad42f64d6c812be4be702ee43eb21ef208fcf7e29f,family_7ed2bb980ce742cf,2
arc,arc/155,0,arc,155/BUS_1.jpg,ecb22330a9d9297093207e4317bd92c12c1520cb21fa8543de88c1ab566d9e4e,family_01c281a6265139d2,5
arc,arc/116,1,arc,116/BUS_1.jpg,50804c388bf645176432b29de43dd906db6fe4a48c49f7d31bd99fc6f430f94f,family_0088e051ca3f6784,1
udiat,udiat/000306.png,1,udiat,000306.png,d3732dc951b578c69f3f4255fca0cbd1b7852b6a027200b147b3295ac9ceeb51,family_f2a5f861fecbbbc3,4
arc,arc/226,1,arc,226/BUS_1.jpg,5966e1266e58c473df684c80593f489999ed8a61ca5c0588fb2076c1a06d2775,family_e0a9a8e444cd225b,4
arc,arc/220,1,arc,220/BUS_1.jpg,66290b662c0ffc34201029319670a3091fdaaa2ccc04b025d425d6109e0cfa5e,family_743d74448ddc48d7,5
arc,arc/189,1,arc,189/BUS_1.jpg,a5cb08c485c035cabc1bc73fc46dcfb4c88d62c5b01bf6677946d8d67420173f,family_6b5282cf85aca80c,4
arc,arc/265,1,arc,265/BUS_1.jpg,08ea656de12fb0e4a979505da3556407adf493bbad86983acf99b834fd405f0a,family_fb494842396b53bc,5
udiat,udiat/000068.png,0,udiat,000068.png,8a7d1071e321c4ef9e69a11cbd0eb40382e5b78b02b7998267d268ca270534c7,family_038c849d8418b8c4,2
udiat,udiat/000059.png,0,udiat,000059.png,3b583fd965987e950eef0c9149b0094e5f3dfd52416fdd5ed94ea797234bff76,family_e0cf1b9638e0c568,2
udiat,udiat/000019.png,0,udiat,000019.png,2f3c65f01ed64eb4f09ef2c540f41b030e786a5525ce215b6a568673b8cb3ee6,family_c7bbe9e5eb5e57c5,4
arc,arc/190,0,arc,190/BUS_1.jpg,55c0f40467a6220ac8e9208f4b91c54fc9d2effc19d6656903296e2a2ec75dfd,family_1124d28768ab57b3,3
arc,arc/19,0,arc,19/BUS_1.jpg,7e9ca4ebc8600bd72b5218de02c3a0fa69ca5fe7b03f0ab3e32be1d78f4f59f7,family_eaf02017a4797ce1,3
arc,arc/182,0,arc,182/BUS_1.jpg,63eeeeac499076f5ddca1eee508e3e96e4e9a5b5d1fdc48fc26db3152a67241c,family_4db014df6d33a4b2,2
arc,arc/22,0,arc,22/BUS_1.jpg,76004a88de42c537c367fd81b5c50399d0341c2cfbd4d5c8a83df537a776a0c8,family_113d9969682b4c84,4
arc,arc/291,1,arc,291/BUS_1.jpg,cef5f0a6d846a376bbf1a096ad6071e0856a4d1f8e5dcf1881c745fe48754c43,family_3b85dac577c87d87,1
arc,arc/44,0,arc,44/BUS_1.jpg,4360b3509949bccf4e4a2e5bae6d0c313d6e516efde5a23589df9eb9a36d2afa,family_0c78990aab035bc9,4
arc,arc/70,0,arc,70/BUS_1.jpg,3ff230ccb24fcfef1f30c40b34d1d9c919838bde126d53a5acfcc9d30179913a,family_4331f5e14991a127,3
udiat,udiat/000069.png,0,udiat,000069.png,08db39281a79c3d5ce3ab2d3d30998018f0362ba5e725e765adc4087d9a0ec58,family_d77bb2f9b5e1e63e,4
arc,arc/289,1,arc,289/BUS_1.jpg,328aff965dafd03cdd124ad050c6e1bfdebfaee6f1b1b48cb0dc4cede787a2c9,family_fc8a01c84bb89903,2
udiat,udiat/000050.png,1,udiat,000050.png,ec6f762a73802e45711fc42037138e8033eb38534f8c81bbf9fc5bf57007ca2a,family_0239f35a010da673,1
arc,arc/1,0,arc,1/BUS_1.jpg,04ce8a8d62e54c9fb65ce0af707518ffc0220956558cc53310780ea9132aaf18,family_0e110b898d2c728e,3
arc,arc/200,0,arc,200/BUS_1.jpg,4d15c341d36517d75b0dc55204cd5ef6416eb4512e39b40c2fda51d2e2f919bc,family_b1b4c2f3ff05538d,2
arc,arc/11,0,arc,11/BUS_1.jpg,2cb9d5a280f05c69f0922f37c89fa9c10ab43a63eb57efefd99bf39920b2bf6e,family_a47199c806f01105,5
arc,arc/238,1,arc,238/BUS_1.jpg,1ec223e6a57208515b4f0448886cc2922ebd5bb29defd6d7f75f477fd889f6e5,family_a877912da2b4c68e,2
udiat,udiat/000013.png,0,udiat,000013.png,c63981722568f4fba1a6cb7865746859a7b8156334ab6093b93daf064b8b7765,family_01b8bec3be24610d,1
arc,arc/164,0,arc,164/BUS_1.jpg,3899e1ed0418f635a3d67f58fc152f3b41a06430465a1607ddbd73bf028794f3,family_f28466c13541dd66,1
arc,arc/50,0,arc,50/BUS_1.jpg,ec9a5f3dca823c0330bf4ed67e92b602b0dd91cd20fbb2dad24eded205a00961,family_f85ce4cce8ecc1d6,5
arc,arc/108,0,arc,108/BUS_1.jpg,01ccdc6364ed9838aa67a113e3cffc2082d5592ac96bc38967cf496c5f2cadee,family_2d2a15eb03cb0acc,4
udiat,udiat/000067.png,0,udiat,000067.png,70d53fa09d3f9634a5c53c00735934d4621c3da5d61394a0a2d2a7eb41291497,family_148e5afc1a1b76c4,5
arc,arc/77,1,arc,77/BUS_1.jpg,ac462c6b1e480e4f17017e5249b703c33cabb4456776cbe3086a555574f930a1,family_8baf922815850de9,1
udiat,udiat/000085.png,0,udiat,000085.png,c245e354d5c33dfa27e9d8f5643d6407b7e63c2169c848d6e827549653a88e3f,family_65070ac1927c3ea5,1
arc,arc/251,1,arc,251/BUS_1.jpg,944d57099dc65aeeb4b21799bb21ca7f1499360bc0d929e6a5c5cf4b87c4ca9f,family_9a45afa0a44523d4,3
udiat,udiat/000094.png,0,udiat,000094.png,7aa5c5051324be1153d5b954b57b93635f85b4648c1e0387992d26541eb75922,family_45ff576d3ee1094a,3
udiat,udiat/000054.png,1,udiat,000054.png,d119688a68b9e202bab01e5749e02c55cb8618aae2ceb3b94c8bdb96845b2ed5,family_e7cfd33d0b4529aa,4
arc,arc/297,1,arc,297/BUS_1.jpg,654a6e3254732493268153f2469c3875f19157d53ed8b7b09875abaf12fc66d2,family_8b0cd218cab5d618,3
udiat,udiat/000120.png,0,udiat,000120.png,86cd19ea9e6d42947513c6325c71ad879c59418f8c0c72952e446de37c3d3623,family_86888506dd56a363,4
arc,arc/262,1,arc,262/BUS_1.jpg,5d4393d99df9def34508b624ad830545de170d4d36157d6ddc8122f4fbb97ece,family_d9e515c49ba1e35e,3
arc,arc/186,1,arc,186/BUS_1.jpg,42450609ee5807a01a3bad4a1ad0b2b1b00b19f3249a1c3b1803b3f0c448f4ac,family_35daf689c654b0e2,1
arc,arc/131,0,arc,131/BUS_1.jpg,9b36bcb1bfa529fdb172856d78c07924ac5ad1d07d25ab451da6d236f846bbb7,family_76e9fa48c7bf14f4,4
arc,arc/72,1,arc,72/BUS_1.jpg,5451e67f8cf1e0791ba082ee2ba34f73f877a6b3e08aa87e078b2f3f5f0df4e6,family_9f21ba007461cd2a,2
arc,arc/43,1,arc,43/BUS_1.jpg,94fa636774be8aa782839eb94876d970374e060bd526b67dc68afa2bb9110ad8,family_97b5c14dc2c63adb,3
arc,arc/285,0,arc,285/BUS_1.jpg,99bb812ee4095f78cddfda28e415a0e75f53f08f69628cec18a3b5f3543254af,family_de55931ccb7cd549,3
arc,arc/58,0,arc,58/BUS_1.jpg,8dd3b64e7d6fa2caf4ef914e305784a156152d5583ada91f4e7c3f3ea3dbd10d,family_b8fffaa6b8ff995e,1
arc,arc/123,0,arc,123/BUS_1.jpg,b069b69b007181bab53d45c795762f1c796dea35d27de3e0392d30c15afb0bd5,family_625d3fd852a186d8,2
udiat,udiat/000078.png,0,udiat,000078.png,83e9cf88b226f6389d6c388933c308b3e5ed888eb8dd07ca1db0686a639b2d3b,family_60a56e4432feaf4b,2
arc,arc/26,0,arc,26/BUS_1.jpg,e8a5e99e8afa225101a20252dd6dbbf5cdc2cafd917a7310c3907acfd269380f,family_b917e19ea39dd950,4
udiat,udiat/000131.png,0,udiat,000131.png,9c9c340d53872197a539f6581a8b4ca9747ba74a00824a8c7a27f377f1ab27d8,family_f090a4f6dd74c5ee,5
udiat,udiat/000041.png,1,udiat,000041.png,709ba25834f1fc98ddb169d7cc95ad0f2dad7408ffc6eb54211f90f86d479c02,family_d9c5e5deed2b5b2a,4
udiat,udiat/000043.png,1,udiat,000043.png,c3c1447e3d5730ee4bfe8eb1efa529f3aa3c44ad3d887376da83eb25d3663eeb,family_2c383b5b52a25f0f,5
udiat,udiat/000097.png,0,udiat,000097.png,8874ba561e80028e791953431ca0df60bbbf0c62d7a9e58d60902e96250e6e97,family_8b81641250d11aef,4
udiat,udiat/000046.png,1,udiat,000046.png,a6da335b64de45c7e3eda01092ed4e37841328492ee602b8803e4d1909801c25,family_ae56336fce51d615,4
arc,arc/296,1,arc,296/BUS_1.jpg,181162e9967bff0c73526cc6a916622fc9f421a34f737a59851f61e4e94c35d5,family_073b180aeef09ac6,3
udiat,udiat/000076.png,0,udiat,000076.png,0f0405f82ab48032253e001b401749a091bd9e31c9d971673a01d12c7f7a3905,family_d6f80af2382fe737,5
arc,arc/243,0,arc,243/BUS_1.jpg,e87ca837c9c0f343977efcbaf3fe56408bf9e2a61a326c06a9be3d71abf14781,family_5d3cd95721006ad3,2
udiat,udiat/000039.png,0,udiat,000039.png,2a817406aa7de250192afd63fc08881bc3aa0b9706f4c87b9e0fd85e78230687,family_c0f90b1da731cbe5,3
udiat,udiat/000065.png,0,udiat,000065.png,3e0614bf0b6d6e508e5bb60cb1c424e655a3b19788c7ab8eb268fb01f47d4b08,family_e915b76d810fbeea,2
arc,arc/25,0,arc,25/BUS_1.jpg,858d5cf5e675e18087f5730362f4d907e7e8af3930fca90d51e47347276d00f0,family_eb536c369cc72588,4
arc,arc/17,0,arc,17/BUS_1.jpg,ec7289ab73484bd2fa9c723fbd5d6e9afa2969faad7cda90112074439bcf2ccc,family_2f44fa5d60b0eb15,2
arc,arc/234,0,arc,234/BUS_1.jpg,3218640420cf1be3d275d1c6a3cce28ba7d2687824fc96ba30f9a33c0d9b889f,family_a962adf28c6aba12,3
arc,arc/212,0,arc,212/BUS_1.jpg,553a767300b9c69a26c2aea1e11eddd4ed54b649dcd974495b9552174637118b,family_fc624f25d44bcffd,2
arc,arc/6,0,arc,6/BUS_1.jpg,be0b2a16f8650d8d058b6dc8080d5882c88b21901be70084171a954a98b00c9b,family_6cece2cc452657c7,1
arc,arc/127,0,arc,127/BUS_1.jpg,f5bd368eda4bbd1dfb50dd65894c48a8aacfeddafdd4bc6f49f830112830ba6a,family_c1cd364a3810551d,3
arc,arc/199,0,arc,199/BUS_1.jpg,5b989b6fe5899ec47398a7e121e418e5a3f6b24a7264b0acb9bcb73af7fbaf62,family_3f19c3f216341d8c,4
udiat,udiat/000112.png,0,udiat,000112.png,18d6171c76f642692061e8148ba86a638048bb124ed14cf6ca1ef6f0c5748e1c,family_b5f1bca110fbf6b3,2
udiat,udiat/000082.png,0,udiat,000082.png,e2a3608836c1d324d8fac9d52bb0cebeac8f963c75ae80c53be411047ee613c0,family_6ea45f7cd31e4b72,1
udiat,udiat/000070.png,0,udiat,000070.png,60c4f583edf0eeaf9634594d0e7c0aea0b74e27556fef75a9c57330875a35efa,family_f019e73eb31d2ca1,1
udiat,udiat/000300.png,1,udiat,000300.png,6fd6ffacf58904d81ae2a37db5b68f1e0dd6e7549d86c4b95f8adc404a88eafa,family_78b38cbe47600046,4
udiat,udiat/000117.png,0,udiat,000117.png,2151f8a8889cc1a5bfdd4c30a83cbcd0846144ceced2c00178637feb22fe7b04,family_68917f940d710280,1
udiat,udiat/000108.png,0,udiat,000108.png,e36b0960019222ce299cf51dc7b9c37258cffdff86f3f8fee035ef8351f5a52a,family_56410aed5a78b362,5
udiat,udiat/000127.png,0,udiat,000127.png,162808877141fa78ff591302f5748f9f2068ccc01b2af4b6e25b914b6d79085a,family_768def932de06412,4
arc,arc/23,0,arc,23/BUS_1.jpg,08dd76fc345c8e335c2a791913d262511ac24f392abb700f7fa343d2565d4c08,family_4298142ae89a74c3,5
udiat,udiat/000143.png,1,udiat,000143.png,1f2491975200f6a10b4b479d333b41357e5d7f692eb33c7eb6fe0536a0dbd22e,family_b2d791e63e29dbb5,2
udiat,udiat/000062.png,0,udiat,000062.png,c8d7828c71a118ab4af7eef8440ec4a5680531bb9d695382101bc6291704c531,family_256b2362d7ad797b,3
udiat,udiat/000109.png,0,udiat,000109.png,09bef314e288989e6b34ce5b4bc22cef84dd0eedce811d823c4b2f17c45e3ff4,family_0970561415b22f69,3
udiat,udiat/000089.png,0,udiat,000089.png,95e8f762b1d47a6f4242be8db2e9a31bd2147d4191a8089d08595374a3dc35c7,family_2ca138cbe25c214a,1
arc,arc/197,0,arc,197/BUS_1.jpg,b3222572fd657db32dfa797abac8d61ddffd0d8422ffe01c50e99bb264d96c1f,family_8170660fd0e3466d,2
udiat,udiat/000119.png,0,udiat,000119.png,bf7d819a0c3661c9b94826b2db4c2f55cad17e579bf7c0b42d69ac8f73d36d3d,family_ce72c8bc6847e1a8,2
arc,arc/150,0,arc,150/BUS_1.jpg,c6624e63c5f2d0de7a7b84727572d72f21199ba91a57321676ef9caea984caeb,family_3bc5b36c76c571fb,3
udiat,udiat/000297.png,1,udiat,000297.png,4844ce68929d5d14989725a9e4f2e04ce249bdec709ecc80356404af09f22f79,family_b93d45df38e6110a,3
udiat,udiat/000125.png,0,udiat,000125.png,6a940d554432844cdc9905677afba4065ee1b459b63d666ff97302297b479acb,family_af393b06c59869b5,1
udiat,udiat/000025.png,1,udiat,000025.png,583d37b603231ef8783ca0c75f768a838c957a404ad8cde82d94cee6ddd46893,family_74ebd4a665f331ae,3
arc,arc/145,1,arc,145/BUS_1.jpg,0ccb583027b0344db4cb2dd68dfdfaa01e16637113e145cebf4733d619769eda,family_d54e5ed442d7dca2,4
arc,arc/301,0,arc,301/BUS_1.jpg,3578b0aabb544a93a24c30f5f2f48b05f8b6389e4a72f2722a3a8386fc574510,family_2644d6b888353c46,4
udiat,udiat/000123.png,0,udiat,000123.png,609039ad553325640857e2b932f14f039de2d439d024c1b68473a472cde73e2e,family_8b036f70a20751bc,4
arc,arc/8,0,arc,8/BUS_1.jpg,29170e73ebae555b25573a9957808e75ecabeddcced688274d290f16f905e7c6,family_2a85b2db2f794c94,1
arc,arc/277,0,arc,277/BUS_1.jpg,b0e9eecc73cdf5cedccca8eca1821636130ae68401359214eedb76f45a2bf2f5,family_0a06e10cf04be432,3
arc,arc/170,0,arc,170/BUS_1.jpg,4cd7da80ced0acc091e0d1ff1c9d5518c53a74b38d2fe004383fa0b98db0afc2,family_eb93b702e4bbe6e0,1
udiat,udiat/000105.png,0,udiat,000105.png,d2b0af0d7f3363cfb28a28a8421157da9bc91cfacb79b0ec710d5628d494ba77,family_0fb79327d29cf9c8,3
udiat,udiat/000035.png,0,udiat,000035.png,86ba708d6ca977927033ae2008c110c23564d102cd2055c13edbd1503176da62,family_c00ff097a3ff9fa6,2
udiat,udiat/000122.png,0,udiat,000122.png,12a6065d64183713161df7c5ee72f229b6c355e94175d882f3dc3548db225d3a,family_0aa906f7df0f39b2,4
udiat,udiat/000086.png,0,udiat,000086.png,4f3c524a1038bfd08c130a52cfba6898475207895b93254eaf5bab4cb33f467e,family_f1ee72a61d52bd25,1
arc,arc/64,0,arc,64/BUS_1.jpg,837ab3f385f866e8ccf24419fa451f3b9b79b92a043eb527a3d78b50632cbb46,family_e88ef426ae3c894a,5
udiat,udiat/000029.png,1,udiat,000029.png,3b3225df1109b0268765528e5339893db3ed46deb494155cc59507c3e8d1316c,family_22493ffbb22f0252,1
udiat,udiat/000138.png,1,udiat,000138.png,51206093af282cfbd0f7d49f33ee7ed4ef4d441511f8b2176d7ab8eb11f0519a,family_b1d60668fc951f12,5
udiat,udiat/000115.png,0,udiat,000115.png,5f9765ebc0aff641ee6102f171d958e7ed775dd82ff4cdf3d316b02abc332af8,family_00ae61d2e10aa7d3,1
udiat,udiat/000004.png,0,udiat,000004.png,d842d1520fa8fe585d7b79642daf71a8088d7ade55311d691eb300041eceb7f8,family_3ee52cf0e4e98043,4
arc,arc/14,0,arc,14/BUS_1.jpg,9fb1a01dc6ba3d7d2b486fe8fe3473c0da3bdd767e171754edb2471ce467bc6f,family_7b12aae681a25f0f,3
arc,arc/154,0,arc,154/BUS_1.jpg,14b93e5db95e2d9001fcfca51af66f1796df6c016480779584d968bc1d6fc3c1,family_1517624e018628e1,3
arc,arc/57,1,arc,57/BUS_1.jpg,8b19017be8c94981aa0a945b945ac4eb497a3c0d1dcf54fc2561e1a1f3b3066a,family_b58ef217dc518088,1
arc,arc/224,1,arc,224/BUS_1.jpg,6c47dd39c253f911b00ae08c71e93ea691a3df65116498bcd407dd7ee2262137,family_da04cb8778f6ea57,4
arc,arc/135,0,arc,135/BUS_1.jpg,66fdef2cb2a705a66805de74d9ffa279c312e2899f6f8db3b7fc46c84817979b,family_0425755583c95f50,2
udiat,udiat/000099.png,0,udiat,000099.png,4fbc814db56e7c6f4a96cdfb120197bf7069882b650175c35775eb69169bcf39,family_452ebb08d28d29b3,5
arc,arc/129,0,arc,129/BUS_1.jpg,f49641580be4aadfc349a89398304e5e161c270dfd58033d4b4091d3fbfe7155,family_4cedcac0eaf60e35,3
arc,arc/100,1,arc,100/BUS_1.jpg,27c203581b89b9916e9449186e3638e4255f1c82e4ffb7d0cc13f1fc80c724e1,family_01c3c73e8ca8c8a1,3
udiat,udiat/000047.png,1,udiat,000047.png,00f923bdbb087f853bd10f0a5178c9a135eca362364cbea3600bbd89ec8f029b,family_62233aee96b7d71f,2
arc,arc/246,1,arc,246/BUS_1.jpg,0e58bcd4bf21dc4bcd63b7ab50adda3fb3529920398abceb1a01ab6ceec53cb0,family_fa442d72d3e5c0ca,2
arc,arc/259,1,arc,259/BUS_1.jpg,9e37fb6ecec7c0c6d0669e0a9041eca85e9cc2151b6e206311b921599de1f0a9,family_c3d032e6b89b8a58,3
arc,arc/280,1,arc,280/BUS_1.jpg,3d89eaf317eb73c65704653620353d63f2bd9ee2475f5bf9e6c4d9216477714a,family_3add88495e24428a,2
udiat,udiat/000022.png,0,udiat,000022.png,69fbef013ff8b0365df892f63a45dee6ef52210cdad25b703cce6a71c13f91a2,family_cf74c4c2deb1185a,1
arc,arc/109,0,arc,109/BUS_1.jpg,4adebb6e269dccd49d5bf3d4ccafcfa02547482c7e23679c8fe693942d4396cb,family_eb55f90657fbaebb,2
arc,arc/201,0,arc,201/BUS_1.jpg,42ef2f5f06be90878004c1737f27a8941e3448ad305643b4674f434fe025d147,family_385e0fdabc8780e2,4
arc,arc/235,1,arc,235/BUS_1.jpg,396d8fc9928813f0a9eb8c47e0c5164efac911eb77433e23bb518aba0696b982,family_57fa52a70101cf73,4
arc,arc/56,1,arc,56/BUS_1.jpg,f7285f066e8fcb20aa2f816353ee7f872463f91bfe51b10d5018a31831bb45c8,family_caee528cecbe458d,1
arc,arc/236,1,arc,236/BUS_1.jpg,5e17f4a01a3c8a0ebee55e4d9978a7d797ca6d6c3320b15ca3b6be9c286369a2,family_fd85b7c1aa6d5ef7,1
arc,arc/210,1,arc,210/BUS_1.jpg,6dd0d35c112c4a44ba6da03ae0c6640a29b986c29ae9d74ba14eba2268832e52,family_1f959b31bdb7e17b,5
arc,arc/53,1,arc,53/BUS_1.jpg,22066c05166d553f01a66fa1d014835ed26b6e9bd262dc892e3c4af60c9b6713,family_74df4eebd8a83cb6,3
arc,arc/30,1,arc,30/BUS_1.jpg,28d43361d8c87d8e12cbfbcb953d56e2ec29763490fe05479157e9ef69b333b9,family_7c97c60fead27f3d,1
udiat,udiat/000048.png,1,udiat,000048.png,8dd0eeaca71c5713840bf069b50b0c31b1d05415a26f6234cf8e75d99478324d,family_b803e758e9854e4e,2
arc,arc/169,1,arc,169/BUS_1.jpg,b564bea82d0bfac1ae7a6bb0169c952227a08e7c2d2a14e1f230fca772beacbe,family_67236331ad1c1c45,1
arc,arc/79,0,arc,79/BUS_1.jpg,ae092da3b99e4507e298474625e8e4858861a3893f804e15bfb824f69e890518,family_3b2e36beecfee92a,4
udiat,udiat/000028.png,1,udiat,000028.png,7d666916397b48fd70743120dcc67f6a8545b4c42daf9ebf1be9e0fc316d438f,family_a3d8db58e64beca8,5
udiat,udiat/000071.png,0,udiat,000071.png,0997665183714badcf8f5055e3c2b2f39f4278b1408e44d52525c9a8ca1c13d1,family_f4ab5343424f272b,2
arc,arc/34,1,arc,34/BUS_1.jpg,51c8db8e09a62db1dce18ccd2361cc7e63278a72c5a58bd1c3c567b2fe93f41a,family_d01ecf1d8343fb55,1
arc,arc/84,0,arc,84/BUS_1.jpg,dc795e6e399e0c9da52b5c11b0841f293e2d4ca3bcd1da030b818cae9ca9b3d4,family_bc83d9858503a7b2,4
arc,arc/67,1,arc,67/BUS_1.jpg,fc05cfb29baecd489760a1af4aee407a1c932eb20c51b1cf3db894276a9941f5,family_eeac4105d88960e1,2
arc,arc/121,0,arc,121/BUS_1.jpg,aced5eba8cd20c050b648ce0bea0ed89c53b8af26e2fef0c644ca35adb7ee153,family_e4d556145cb7c249,4
arc,arc/128,0,arc,128/BUS_1.jpg,d493b49c771fd49bd26553fe5d5d3a7c1ba759ce9a026f55b2dc5d715324a219,family_2b727f01cefe4b88,4
udiat,udiat/000295.png,1,udiat,000295.png,3e3d1dc143ad07f53abc20d768198e684714ab14980390d1c55e4b7947210bfb,family_3673a949d9b2aa3d,4
arc,arc/180,0,arc,180/BUS_1.jpg,483b2eb80b29998b5ceaa57565c66b0093b95e3a7f3147e44b5db2499a2dd873,family_a580d8a132326fee,2
udiat,udiat/000110.png,0,udiat,000110.png,9e971848f0d1023b911ad3d11208a3d340228540e14893fb179ce1870df42f73,family_46cae0b24f92a9c1,3
arc,arc/102,0,arc,102/BUS_1.jpg,2569f1f1e61c7c74b9b5eb0627470f32473922622a0ea7d11bba46baaf07bd05,family_470a9d1db06bce5d,1
arc,arc/98,0,arc,98/BUS_1.jpg,371de42df59a25480cf58fe453c2df9659844c3220b9682b72a9558deec632e1,family_203433349e012c44,1
udiat,udiat/000007.png,0,udiat,000007.png,34914a2f6a5c86b98050a25b6fe95437135611475a459210d0611cc38471e408,family_5282c20fa37018a2,2
arc,arc/184,0,arc,184/BUS_1.jpg,01e2096c4797173839ae7e771a0b467f2d32fb91f8ba37d4773b7093b9b51138,family_e746e7f67799e484,5
udiat,udiat/000023.png,1,udiat,000023.png,80d5fec5670721912f0c361f01a4e329c59e12007aa0e05812a828ce52cf82c5,family_3380820637c12c76,3
udiat,udiat/000011.png,0,udiat,000011.png,7440e214d327369dfddde9a53651e533b4ff10c70a848464c05c3224c1e638ce,family_372bf8605bdfc3f9,4
arc,arc/140,0,arc,140/BUS_1.jpg,c3c99a233f71dffd44cccbe4475c45b6583105cdf052a0c246db11fa777329e3,family_300406f7c6882603,5
arc,arc/158,1,arc,158/BUS_1.jpg,f319946d572e9da982d295bc7fab3aedcd32b8d994301b5a5b9cdf5fa4c6a5e2,family_5779cf95050c8f20,4
arc,arc/46,0,arc,46/BUS_1.jpg,57d5b5e9eb5bceaca8ae9e46eaeec411c8ffdd6206c8741be22d99064fab7f7a,family_aafa90756e8f7698,1
arc,arc/4,0,arc,4/BUS_1.jpg,60a3512aa0eff8c65e52b040014f4b8b715fd0d1eb4377cee8ba2c548b5e4783,family_9e8510136a74e2bf,5
udiat,udiat/000024.png,1,udiat,000024.png,dd454ca59270be13ffae28478fe596faafb7610e90c0df548b1cbc6c9d94155e,family_0c88fc1e6f789f7b,3
udiat,udiat/000052.png,0,udiat,000052.png,556c410c34445cf6ad885d1b7c81c636d7a0f20f6a950dd145a03ccb49b15711,family_0afbea514cf8a803,2
udiat,udiat/000056.png,0,udiat,000056.png,aaea18fe55b525fe642d1dccc3687beaabf217a3d2722021ca041a61fbfbfc02,family_275e218f75fa9a15,3
arc,arc/227,1,arc,227/BUS_1.jpg,9fd8117aa8e4acfc842abcac2f202b30a819196924ddaed5161b2c25f602e2a0,family_b4c07e620b49ad0d,5
arc,arc/139,0,arc,139/BUS_1.jpg,305dccfdb18e292ea8d6a2ccdfd36008ef9e36625b8f3973dbb68864657f2398,family_17ce299b2997b2cc,3
arc,arc/93,0,arc,93/BUS_1.jpg,e2f155f21ce7beaf53f4c4111fd0ef4894912a3b66c478ea99f031bddeb153d9,family_f05b60ce9a673bc9,2
arc,arc/294,1,arc,294/BUS_1.jpg,dcbf83fd389e0054765a69b4ba9868666316da22953947396d5d02bc028e1cd0,family_579f09876ce90741,5
udiat,udiat/000136.png,1,udiat,000136.png,1be2539288d1343ab24e803ca4a920f6478f237dd9b68eb353b1eb6a74471ee6,family_d7cb8b0dd9f2abc7,5
arc,arc/270,1,arc,270/BUS_1.jpg,f14e5c801d984c170475e3118a3d528740a618a64148eee0817117e3635b7fcf,family_d6ae9b5355d63687,2
arc,arc/112,0,arc,112/BUS_1.jpg,9a1d6d66c35c190b9f09d04633244dcbc0a2aeed8dac48d4f0d7f74c75478a09,family_043cfe7ff7971d8b,3
arc,arc/51,1,arc,51/BUS_1.jpg,bfeba4610a9f3b12b447f1921de313947a9128f0f7c84f931fc39e49906c9f38,family_18251b33624b9951,2
arc,arc/69,1,arc,69/BUS_1.jpg,bb63234d1521b56c64d8cf2a197215bb67925219f26cf775041a7971085a44e6,family_310de0111480662e,1
arc,arc/196,1,arc,196/BUS_1.jpg,9345a0dc598d9f0a3a67d7d5b45e36edc363d1274f6cd94f55fe8f35f5022d02,family_66128c51aa518340,5
udiat,udiat/000135.png,1,udiat,000135.png,ffdf19a2d3b76ece016c366b73f10c6a944ba2eb6aa8acf61a05bf845ed99328,family_5b0f668f90ea5a90,5
udiat,udiat/000016.png,0,udiat,000016.png,f966c80f2e6a3f00ff0adb592a1b77d7f1f3cab50c38de546cc04e9ca70c9435,family_0a92d532a4454fd1,4
arc,arc/66,0,arc,66/BUS_1.jpg,993fb5d5be6c675756557f2b098c2abb69cdae8f29e150d4bca7b4d97613c60f,family_10c9fef79d309d9b,3
arc,arc/292,1,arc,292/BUS_1.jpg,40e9c869719a2b0a0cb13dbfe14924fb7a10004d0212425cc47e6e59e8775939,family_8bbf71edb82ea291,5
arc,arc/111,0,arc,111/BUS_1.jpg,badf5de18d9a9c252087b3e4cace881f74522402fd4baf2cd47cd76764c3f356,family_6cece2cc452657c7,1
arc,arc/176,0,arc,176/BUS_1.jpg,8caba90c3bf8b93e00a7e1898b5836b8bc1462408ca47c964bdc93af370eadad,family_d27a43575e02a070,1
arc,arc/185,0,arc,185/BUS_1.jpg,51849b6d70b573e6de7133525374e8281adeb44da6733cf2ac68905428d84114,family_2162916d5777ce7f,3
arc,arc/299,1,arc,299/BUS_1.jpg,59034f0a321b3be36208fe3f72068dcdd25a11dcdff82e4770528a6cbd35b72c,family_3c184eac35784340,2
arc,arc/82,0,arc,82/BUS_1.jpg,c18eeb0d75efccb40ae98bde8ff91c3aeb529fd3af7a7fce64d6d9eff8042fba,family_dacc6670b9d5a70b,4
udiat,udiat/000021.png,0,udiat,000021.png,d1199dc495e2dd8a8aa8acd18631d26e654d0f1e44073e9a023f5c4305d33d05,family_9540a75012314e69,2
udiat,udiat/000049.png,1,udiat,000049.png,bf6a005c6a1f6e0cf96268ac31dc8af2098be76e92ac99c066dfa7fd0c41229d,family_fc892208b144cac1,3
arc,arc/27,0,arc,27/BUS_1.jpg,a42ca42780c7bbf1cd5a15ca7f1b7e84bf1231931a29b9df7c0d5fff8eae4373,family_cacf6bed42b0eb17,4
arc,arc/49,0,arc,49/BUS_1.jpg,b41402d2df1737bf77f52e2e70fa8b466a3672cfbf4a037f0b1efecb25da7611,family_d1f4cb63bdb0d96e,5
udiat,udiat/000113.png,0,udiat,000113.png,f7c8c67f36a3039cc6f4afcba187f1e11b2d7968bc32250976414809c4bafe3a,family_ea2889b3576237e1,2
udiat,udiat/000061.png,0,udiat,000061.png,34e1867f0637ccd63640f0a3bad6267bbefcabad4c6cfa5bfb6707b93bfcbe43,family_1cdf7979b741d9fe,1
udiat,udiat/000020.png,0,udiat,000020.png,f6e5716764f8245c1978333df8dc62e6a0da45c12f912e4ec7acea3e1e2edb3c,family_23c26f86f3cff825,5
arc,arc/229,1,arc,229/BUS_1.jpg,72c47cd2ed6e750402c655d03ae92e20d5cc5062c52f5df6a5bb138b16348175,family_91720718d12b1c04,2
arc,arc/104,0,arc,104/BUS_1.jpg,b2c7b29d474eaf31bdf2d2e28f0f5157911c004dec6fd40a6e82b5b97f9fbf89,family_2a91f1af058c9d1e,3
udiat,udiat/000002.png,0,udiat,000002.png,47f62440cae62723d34927193dfda906a337d958f8fe1785595432dd671bd8c8,family_67172a7a769297fb,1
arc,arc/214,0,arc,214/BUS_1.jpg,bfb08d55924b1ec32153f6c3c32fa5f27aa4ff7cf4d9906d9ce305abb5871408,family_3fd0367451717329,5
arc,arc/267,0,arc,267/BUS_1.jpg,8d6e78dc36486da9f9fef6c504c3ffb4c9dc8bee1be57b60aa5d1232ffa1cd8c,family_df236335f8cd70f7,2
udiat,udiat/000114.png,0,udiat,000114.png,56529ed64f7113206fd4e374ca0fbd58d2c09b5422d2b1a9ec91d5307b8157dc,family_b2222182a714b5ad,5
udiat,udiat/000140.png,1,udiat,000140.png,66aacc699184d42510396b0ee221daf64ccfa59c42ab87c0b583e1454ab73157,family_7516383ceeeff0e4,5
udiat,udiat/000012.png,0,udiat,000012.png,8cd9751981bbe382958354e359044bc303b6aa3594b3d164be84821f154fb91b,family_f0cc2dbda3ce104d,4
arc,arc/117,0,arc,117/BUS_1.jpg,1fa55b5c4fe824c0b766fed8beb6b5e1bdc1d52c87e77d898e437eab953a318e,family_d867a257b3f4a614,5
udiat,udiat/000057.png,1,udiat,000057.png,75f436906c0b4d8ed32b67743ee58194157c49b977c672ccfcbbcbac21c8d4b0,family_a03ed40421af656c,2
arc,arc/153,1,arc,153/BUS_1.jpg,7b33b13e3d427883f1dd310760a528fadf94daad7fe039aa1d26910ad2c536f8,family_125b69d8da4004f7,3
arc,arc/120,0,arc,120/BUS_1.jpg,2c09c0c8cbd04dd3c1166e577ccb4a5d40d3dcd77ffc685c32681223de535a64,family_3a76bb21e51d0f48,2
udiat,udiat/000003.png,0,udiat,000003.png,300dd64f0aeda7f699606a856d3cd9628dc13cad6e60ee7db620080ad9f84eca,family_fec982260e2db9a2,1
udiat,udiat/000064.png,0,udiat,000064.png,c7b81715195ef8e160a37bec315eba1718b48a6ede8b2002109d7e633b83e112,family_1dac1ae73c7ce02b,2
arc,arc/54,1,arc,54/BUS_1.jpg,5eba09086099d341aca8ca5fadf5771ec8e308892202cd41a5030742c514586b,family_28c0f1f4d7e6b6c3,4
arc,arc/253,1,arc,253/BUS_1.jpg,ff38cb597d830f4e49fb5761d9c8d0229ca5ac6acc0d5266e9e2aebb29d6e899,family_20bea822e1ffddc7,5
arc,arc/218,1,arc,218/BUS_1.jpg,60f79aed10a2b71054d01a230ff262a42fda005c62dc134c070ba19ad76b038e,family_950b77e0c08dd736,3
arc,arc/261,1,arc,261/BUS_1.jpg,f61da10727ba42d9cff7347d639ce79cd6be6a4e4f63a2dce97a188b153532e8,family_a98d1500ddc5eeea,3
udiat,udiat/000296.png,1,udiat,000296.png,1f474c6c880c911b3b75da125b95824306a50e81976f8d3a5126649025b69e2c,family_2a74f7c3a093f819,4
udiat,udiat/000116.png,0,udiat,000116.png,e6d547c1f8b4ab5112cd290f14dd14af4e6f058651a11e430f6d305405c0f85d,family_b68851524a4a5b76,3
arc,arc/276,0,arc,276/BUS_1.jpg,c66c954a2ffbf3e7d8e793fc2f2224112a1a1093facb632dcc1135b5898aa666,family_7140499666eeda89,4
udiat,udiat/000133.png,1,udiat,000133.png,ff00f933fa01c476dddb48d3408889f66c6d82ffff6544bff97543b25eb5101e,family_c6c7db3ee5906136,3
arc,arc/159,0,arc,159/BUS_1.jpg,37e2af06e4fba27e31d2cc4cd2e16ebccac55168ee35f30c69a1b08b9e9e6394,family_e3498c23216b44f0,1
arc,arc/223,0,arc,223/BUS_1.jpg,93c22c60b58097bba694d9de23beb4c4ff3dd09f5a70aa3340100aff15a41a0d,family_7a88c2c5a9b612f9,3
arc,arc/295,0,arc,295/BUS_1.jpg,db6bddb9354bfaabdec02ac0a220458bdc1dd1d89263bec97ba403a4469eea25,family_4a26325c23a04fd7,1
udiat,udiat/000072.png,0,udiat,000072.png,6e34374235e1b90d3bbe24bee606d0e44c1a98b114b522863be8feadeea28b80,family_767356dbe6312352,4
udiat,udiat/000093.png,0,udiat,000093.png,9aee792800f66590283c4181ff45ffe2cc338027de6f11519124613c1f52f31f,family_f2883126e1dc66c8,3
udiat,udiat/000126.png,0,udiat,000126.png,511b7ae6088adc8b3094f267910dd5064b22ba0db1e19ee87d49626146673ce5,family_282c72b47bf982b8,3
arc,arc/298,1,arc,298/BUS_1.jpg,e2f405c215f57b4e39680fd898ae4d9b10db6b6813dcb712beb130b26614e09b,family_e92fc397d188cba5,4
udiat,udiat/000033.png,0,udiat,000033.png,25f8b9c8954ab09a115255ed9a132465c2a45f06c15e5d0f8d7b0df87d08a604,family_85677c1866dac93e,2
arc,arc/168,0,arc,168/BUS_1.jpg,4f6b9e2d14eaf2813b49e6367c9df17f03fb0bf18ebe54ff0d48ac24070e33e2,family_ee7e99d1755ad7ec,1
udiat,udiat/000132.png,1,udiat,000132.png,438bec5cc3f677de4ca256e85d16558f8e90ac9e906239d10947a600530dd783,family_dffe33c7ff28895a,1
udiat,udiat/000001.png,0,udiat,000001.png,70929b2b46d1ff385737fd82e76590b73deddc7eb036232aaa6a7fdacd32ee1b,family_6d80692d3a7e2007,4
arc,arc/195,1,arc,195/BUS_1.jpg,e731cb886b50962d095116512027cddac279044e8656944fbfde8c2741d17fd0,family_f6671ed463a24f0d,3
arc,arc/144,0,arc,144/BUS_1.jpg,489c9fef6581f6426b5ce3fa617e36b0390c5654f5a3d9886b6f091fd2b0edad,family_2c0a0ede44af15a5,2
udiat,udiat/000032.png,0,udiat,000032.png,5f69e5ad688e53f13ceb444e30c61af75b2b5927483962380b95fce71a5a1be2,family_4cd7d8ec45769301,3
arc,arc/33,1,arc,33/BUS_1.jpg,b6446d26fa19a69a5201f0cd75d18408d37681f7128c5b3bfe74534be4c9a4e3,family_6cf03b6eb721a02a,1
arc,arc/240,1,arc,240/BUS_1.jpg,ab2280adb7f471fb0717d4c3ef4792b237a4b87a9af1cd2326ba8ed239363521,family_c0301adc4af99d7d,1
arc,arc/92,1,arc,92/BUS_1.jpg,725e8e15048087d5390d3fc412b4892f5412e0a2fc2dd2d2342c87b3ff0667f2,family_3cbeb4a3ef47a515,2
arc,arc/83,1,arc,83/BUS_1.jpg,82b15b2843196b2295e7736c0ae3676dd73962a0c01d37fb47b5c4198c44289f,family_12250d5950991fa8,2
arc,arc/286,0,arc,286/BUS_1.jpg,dd4f885dee02c2b8f8dcb46308d91838c66f2c85ac24be381746b4f692db18e6,family_dd3342af4776830c,4
arc,arc/255,0,arc,255/BUS_1.jpg,77ddf4c1abfbd8354b5abde5bd7a4b3279091bdaadb6586893c4e5e59f32eee2,family_3d40de71a9b6e496,4
udiat,udiat/000142.png,1,udiat,000142.png,069c8d62385c2a11171e2ed942e23d369fb847a8846c5bfc8b552931a9fc1637,family_3f17aedab499c0b6,1
udiat,udiat/000051.png,0,udiat,000051.png,287ab6af74b6610ab5713a3ba054141747b4e227237b1d0d146166bd6a09d075,family_453d4bcb80f685c6,1
arc,arc/284,0,arc,284/BUS_1.jpg,594ad415ae55c1d69dc7defa6224876dbe1fe2b0035d7d3ec9bad835f44e779d,family_3b65583c844562f6,1
arc,arc/281,1,arc,281/BUS_1.jpg,da1cea8f01139adcf05f9f8ab4b38f09fac1c0d147bb800ecf67fd0e54220a8d,family_c9db6a988b30cf49,2
arc,arc/264,0,arc,264/BUS_1.jpg,fd1e4aeebb751248e1ff0a3991776a44b2b554f1b3a769e897ebd6c20dadd268,family_449d9fdf3279544b,1
arc,arc/233,1,arc,233/BUS_1.jpg,b3426e141494ddd287c12b6d0bbde8da43ca50099ad2cc738fecdf3204065b45,family_f83bdd7f4fe9da68,1
arc,arc/302,0,arc,302/BUS_1.jpg,206957051634f09c148e5af4aeedc2229fbdd182fcaf163e002a4e1525849cfb,family_c7dbd7b76dbc737f,4
arc,arc/20,0,arc,20/BUS_1.jpg,276acc52cc89534cf75797bbacea52523ab245321fa80345b3ae781906bf6810,family_bbac5765cd803c0e,3
arc,arc/28,1,arc,28/BUS_1.jpg,09399f9bd93b3860bc51306333816646ddfea07c7d8ed4a48d2abf880af1f809,family_8e93c8ada22a2368,3
arc,arc/157,0,arc,157/BUS_1.jpg,dd63a6e9b798a336629af98bb869dcbbfe2506a5f27341a7122531572cd6c295,family_26a378e052393ef4,5
arc,arc/81,1,arc,81/BUS_1.jpg,1e0aa429608f51cb4d40caf5da1ff03bd70acf30d6152af5768ada34fc5f0f46,family_34039ab8337fb29f,5
arc,arc/124,1,arc,124/BUS_1.jpg,448a26e06d9394df6b71bf6227a2601cb447afe3a14ea7d0cca6f926cc729884,family_21a7bb6626710c91,5
udiat,udiat/000009.png,0,udiat,000009.png,de9370e186ac3e1bb6b0897a48ca8111343072be59131186ba3303e6241326ef,family_68c234197c28d2a8,5
arc,arc/187,0,arc,187/BUS_1.jpg,e0e343e51d007f0d275f29c74ba2210ec167c046e0187100ebd37fa05806b87d,family_c6a251cc5eb33938,5
udiat,udiat/000066.png,0,udiat,000066.png,539f3fc272581f92952cf86065202f3dd591b63950deb48021342690aec2b532,family_f8bd2d21ba4ef758,1
udiat,udiat/000141.png,1,udiat,000141.png,726293f9c7027cc7f5726ccd464f129134f3b17b568e51ced4d693fef3d4ef93,family_1c413055dca46856,4
arc,arc/107,0,arc,107/BUS_1.jpg,c1dea54f48e8963cc523dd23cf324d377b843e4febed70512104ffcb79a27868,family_218f662072c9ab9b,1
udiat,udiat/000298.png,1,udiat,000298.png,d7c157a47e5c8063642a7a5d67c0b0b690db7e8e085fef00f76e24444c7564f9,family_33bb1e7ce83aa25a,3
arc,arc/132,0,arc,132/BUS_1.jpg,e6dd5ce63ad3cde87d3c23f76fbe620f1681c893202333bbe5eec590d55682ab,family_28b4f6ba026b1d3d,5
udiat,udiat/000302.png,1,udiat,000302.png,20dcfb779bf17d4c3fec6259e107af7e4faa4cef074b436f605bc09cf34521c7,family_f29e067363004b8d,1
udiat,udiat/000063.png,0,udiat,000063.png,f0231dfdbfe14cefcd8e75d6a4851f09c46959503294f99aab6f0dfdb9464c9d,family_3388e87c18fe4d74,3
udiat,udiat/000081.png,0,udiat,000081.png,2791b16f7165ac76fb05da3b928076fa360baacc7821a398402a776c336f66ba,family_d899f5fe497c1f52,3
arc,arc/146,1,arc,146/BUS_1.jpg,130551932bbde347033c9e6333421fa1e1a70fa5d77f559d45c1939166916be7,family_e78a7911d0239248,5
arc,arc/181,0,arc,181/BUS_1.jpg,bbb21822a15abafe9b5dd0fbe39b82e51352d01de24b8496a71aadb1566d68d3,family_262436eed07de8e1,4
arc,arc/80,1,arc,80/BUS_1.jpg,6aad30655fa3a64681f3c18088255470fe850c5ecc875acfebef3bf2cfdc04f1,family_0a2295d1103b6422,4
udiat,udiat/000106.png,0,udiat,000106.png,b5a52cf6e031345f09e66a72aa8756a5b2bf9a01d5c1f041fa0d7c4217a0159b,family_ed825e02e588661b,4
udiat,udiat/000129.png,0,udiat,000129.png,8a1a3d78bd9ee36d5325334db4ace90635d0e6e9edd29a3092165e45173f96dc,family_0233724429a46e14,5
arc,arc/156,1,arc,156/BUS_1.jpg,fa07f73acdcc86e522174a234aa302882a59a0a325c8cad8f503a812dafbb220,family_fedcb251b5a4160c,1
arc,arc/290,1,arc,290/BUS_1.jpg,155d4ad49fbd6cf2ff1bd44b92c05f9da57c905816058cd083611f0fd326c30b,family_6dfcbe91e94d184a,5
arc,arc/205,0,arc,205/BUS_1.jpg,6dca6ac2644c8d39f6d721e04c9d254511a91a40eb0b7bafa9013c6e5d29850e,family_25ce12308705489b,5
arc,arc/222,1,arc,222/BUS_1.jpg,18315ff33b0d3dd42a328e1bf4a20ba10b53b62abefc0745ceb353204b6e789e,family_8365c59eebd03097,2
arc,arc/166,0,arc,166/BUS_1.jpg,86095d4717a0d35927a1864b3dcd1bf06523bc009f0ef673b3fa1ac8518e6c7a,family_55676475a91012b1,4
arc,arc/110,0,arc,110/BUS_1.jpg,cae0d63a069e0a532968f6292f24bee79d1aff5963084ee872579ae123f6f497,family_f211bff84d510f51,2
udiat,udiat/000074.png,0,udiat,000074.png,f87b27c20fef140ea6192ea4cea0be98e34b7758467588c9797f341e9f4d208b,family_6d3657fcf1abc884,2
arc,arc/29,0,arc,29/BUS_1.jpg,ce9ec9b9ca27bd05860df8a575700f089cace9cf5f03dba3930690a5049d7073,family_edab762fd7c829b8,5
udiat,udiat/000118.png,0,udiat,000118.png,31ccfd9a6027a51902c08f7174254a869f2153be99c1e2673a619ab3584af3ae,family_ecacd8381a20855c,1
arc,arc/167,0,arc,167/BUS_1.jpg,8970ff8af3bb8be945e3140a16e599fca14e5f3f36d09cb9dbd76159a78a0930,family_9f955d8ad9a869c7,4
udiat,udiat/000084.png,0,udiat,000084.png,abf710338278cd7828ef44ca5b3de8ca65343112c367bb8123dde352fdf730eb,family_3f27df389e6d65ed,2
udiat,udiat/000299.png,1,udiat,000299.png,bd82c71946bd696fc8c2bc1ceae1c1eb6919b6bdbc1498d79e05debb857ef644,family_77cb16e735093916,5
udiat,udiat/000031.png,1,udiat,000031.png,adb5ca7df684a7aa737f5c1ee630b26100d7dcec596dfeb2a4d276d48cf86f28,family_fa8d9d9f1d85b664,1
busi,busi/benign/benign (1).png,0,busi,benign/benign (1).png,6941fb64feb59a1654e5d4406d38154f1c894aaa4b8060062ab16ee0e2d9d4cb,family_c00ee707a39b3a8a,5
busi,busi/benign/benign (10).png,0,busi,benign/benign (10).png,05168bd19ca6820136249f830b97aae5e0baead5dad117c6d31dd22655193146,family_e985268cb9ae0c24,1
busi,busi/benign/benign (100).png,0,busi,benign/benign (100).png,22fe3fc5bc7366214a53f9e7468c1a297ed49055a889b1848e5b898c17546ed5,family_345c324937fe8f1e,4
busi,busi/benign/benign (101).png,0,busi,benign/benign (101).png,737ea97bbe347b92271b4d77b9a95c6534bdb057e569c25e249161db8b442612,family_1f0dc0a5ecde8524,4
busi,busi/benign/benign (102).png,0,busi,benign/benign (102).png,f90bf5c1123179a7c2544e07727f9fe6829af143dc1479274d19918e5e25f8bb,family_937ac0a96dfb78f7,4
busi,busi/benign/benign (103).png,0,busi,benign/benign (103).png,f13ec0208399eb2c56dcdc08fc2fb5e1c803fe2cfd0e3cc3ef094178774a32df,family_4fa9e7e770ead14d,4
busi,busi/benign/benign (104).png,0,busi,benign/benign (104).png,d72c822c09cf7d3b42ab277fb920c3b5a962f8c6ddce4657ff13cde22ef8f142,family_a05d4ca6a96aa277,3
busi,busi/benign/benign (105).png,0,busi,benign/benign (105).png,d04506fd5b1d50cf1f3e447edc4b76c4fe4be961636a3dbc4edeb2e9ea80f8f7,family_433536264e66c4cb,1
busi,busi/benign/benign (106).png,0,busi,benign/benign (106).png,a5f40c2ff6311c66bac1e9f51a9a8ef7f366aa9de87f525c38db54409a872e1f,family_771efffe2d9ae801,5
busi,busi/benign/benign (107).png,0,busi,benign/benign (107).png,2fee8486caeebc6d0ec9677289b388b2a423cabcb2fb03aee1b56c0a03fb5a7b,family_4702465460a2b169,5
busi,busi/benign/benign (108).png,0,busi,benign/benign (108).png,31e9c6cb182f60f58ebed596fa0ae62eac067967f94ebfa17282560b2ca07858,family_2de822a02b92ac0e,4
busi,busi/benign/benign (109).png,0,busi,benign/benign (109).png,74aa8cad60ec76274b479b12734cd6fc680e00e691a8e994d80c1662986aaf1e,family_3a83eb92d81645b8,1
busi,busi/benign/benign (11).png,0,busi,benign/benign (11).png,8d6e322fdac273a60a0076b39c10f0207c8a6127d1a92e1de651a0f27a186dbb,family_1c835b2a346cd95b,3
busi,busi/benign/benign (110).png,0,busi,benign/benign (110).png,56474a287b1b72ddf28f0e406322bfe3a5054a5c8bf04d550207517f0a5c5f9b,family_612a219b01e7d03e,5
busi,busi/benign/benign (111).png,0,busi,benign/benign (111).png,409abf7536930f2ff797492b5a6e85f38bbd7973d0bb9464ec436445ffc9f88d,family_32a992bc392e8e2b,2
busi,busi/benign/benign (112).png,0,busi,benign/benign (112).png,7e868991dc5cd422e223f114566a861012f645f1fc92a50a1a99943882a0f9b0,family_2d43736654bada16,1
busi,busi/benign/benign (113).png,0,busi,benign/benign (113).png,937bb9cca674f76fad2c43c7e98c295b89129973eddf5818904e282504c0a821,family_1ef940ef81fe2dc0,5
busi,busi/benign/benign (114).png,0,busi,benign/benign (114).png,cc57fe654f8f6ac92448cf9bdff6a76d65469d457b1d522b16d4f9e319efa543,family_a26269665f3ee213,3
busi,busi/benign/benign (115).png,0,busi,benign/benign (115).png,9548a6512bb031531df08084d0ece90ee3b093777ca4c6d4dc26c607a0aa60e0,family_c212bcc8bb6e444b,1
busi,busi/benign/benign (116).png,0,busi,benign/benign (116).png,d28dc6d3cf375ca9ca249fe94ea2c0d93a894188a2bb234f4c492fd9ad6a51b7,family_b8f5b382934aefc2,1
busi,busi/benign/benign (117).png,0,busi,benign/benign (117).png,9b8c4c9991def7b5b2b2fa87c25551bc6b46945a67d38dfa719741657f94dd41,family_d3595b3c86940c17,1
busi,busi/benign/benign (118).png,0,busi,benign/benign (118).png,b09f90688f563e9325a8604fca3b7f5716eb927f0308fc9b77aa5253e6318689,family_33b46467a23781d8,2
busi,busi/benign/benign (119).png,0,busi,benign/benign (119).png,596ffa70be703d31252eebe8cf7b498c623bc8f123fd81ac60eb65357c2c6f32,family_b8f5b382934aefc2,1
busi,busi/benign/benign (12).png,0,busi,benign/benign (12).png,041a9c1b018e310b8df5cd769bba8cb8097120a979d9a01b8cddd7dc9d8e085f,family_0fb893810cdd0712,5
busi,busi/benign/benign (120).png,0,busi,benign/benign (120).png,174a3c2d7ec244537c421dc64ecdfa7d1cb3c78454c1ff3a04a04d00599f1c23,family_8e5146fcbad975cd,2
busi,busi/benign/benign (121).png,0,busi,benign/benign (121).png,ed0b25ae371f04286bd55383a13e068528ffeccc1f79d6918699f98fac008568,family_1a3eaae26b832055,2
busi,busi/benign/benign (122).png,0,busi,benign/benign (122).png,89ca6da7a73dc48199911dcfe01bbbc11f50a70d5a4adb38e172824da79f6606,family_b8f5b382934aefc2,1
busi,busi/benign/benign (123).png,0,busi,benign/benign (123).png,82c83d224054aaf69beeab2822e55868362b65fc460338fa4fe0317ced6d68c7,family_caaad3225b74a15d,5
busi,busi/benign/benign (124).png,0,busi,benign/benign (124).png,e9195e0ae252af6ced4edee7a63793fbcec644240c5c241798e28d8ee4a7f9e2,family_3a8c1fe4849ce5d6,5
busi,busi/benign/benign (125).png,0,busi,benign/benign (125).png,56c8dbbcbda427dbf2c093354e26cd1d02ba9c4d30ba2661035b3d56e883c1b7,family_6065a21349138232,1
busi,busi/benign/benign (126).png,0,busi,benign/benign (126).png,f45071de5f39054e60bd4f1c1ef1f52beeae3eb8e05308e3ae33cd69b902506b,family_f244b3b24c0255f9,5
busi,busi/benign/benign (127).png,0,busi,benign/benign (127).png,cc8d32e98de3b05e1ddffaf0fe8f794a0c7e901b5c9027a749b3a62e8cdafda7,family_bdcd14a55be7e662,5
busi,busi/benign/benign (128).png,0,busi,benign/benign (128).png,35235c9fae719e0e95ec4346a574aefc1b3f92752f423a98411f0a8a3edc42d0,family_056db6f6267289f0,4
busi,busi/benign/benign (129).png,0,busi,benign/benign (129).png,4fc66ba07aa894513037cfaeea4a37e9f7a9df7caafbefe7e8fc0a7f641fd27f,family_b8823438e2f695e8,2
busi,busi/benign/benign (13).png,0,busi,benign/benign (13).png,f2ab656c0f92d05477373e8d8ba96e7448c8ec58a59b5161b22eff94422402f9,family_4535de965130d623,5
busi,busi/benign/benign (130).png,0,busi,benign/benign (130).png,c0d3fa5eaa1f336263738a906efa7ab3b1565527ffcd099ee8ed0d022b47dce3,family_39d2220973dce679,3
busi,busi/benign/benign (131).png,0,busi,benign/benign (131).png,c16e81221c74f5c64dbb5829351ac19007722d5ebfdcce0985176df0b5711e10,family_8af02e9d30ac305c,4
busi,busi/benign/benign (132).png,0,busi,benign/benign (132).png,72a1dc8250c52a7495a34914339f908e8aac459929845fe0dbb81764797b68ea,family_7afd1eeee2478297,3
busi,busi/benign/benign (133).png,0,busi,benign/benign (133).png,c54cffcd042f47c126c16b19f27f493495f1fa1d0af3e6aa3b204ab3bca888d0,family_7fc4ea6470f90468,1
busi,busi/benign/benign (134).png,0,busi,benign/benign (134).png,ba2859bef4293375f2d3aa2cdb48aecf43fdfe82c3f38f3be53e969f58715e6d,family_76a40f5db0112c1f,4
busi,busi/benign/benign (135).png,0,busi,benign/benign (135).png,860f351b2ac3309c6aba40f59b193de6a77becbe83d7eca03f8aa05d7736c6f5,family_20c344250b0d4fd3,4
busi,busi/benign/benign (136).png,0,busi,benign/benign (136).png,42b2460b22887db6a5a6894901fcf5012e8d211f3734054900efb8488de8e58f,family_e263a6d9d9b9cf95,4
busi,busi/benign/benign (137).png,0,busi,benign/benign (137).png,bf86a2910756add7da53a9a3980a5f6da9cd8d874758a029f70310d0c71da065,family_62700fd2b8f67e25,3
busi,busi/benign/benign (138).png,0,busi,benign/benign (138).png,a052a2f56ee5659be77a73f94e3af48571ad8280f0ad242deb5574a01ee04fce,family_d28e23b393091cb5,1
busi,busi/benign/benign (139).png,0,busi,benign/benign (139).png,803743706bac2257b6fd2d11e29e890376061a30a9afd162982e4c011de483e0,family_f3f21c2d9018afa9,2
busi,busi/benign/benign (14).png,0,busi,benign/benign (14).png,4bffaa8b1c1d6c6ca926ede76039a59832e5ca7a84e68030f1543eea77c5ab9b,family_ec6872f2bcd8c9aa,1
busi,busi/benign/benign (140).png,0,busi,benign/benign (140).png,13895018f758ebcfb68d09e0ebd544f659695391de01d8719c6bfd0e3fff7b0b,family_a82300120077a497,2
busi,busi/benign/benign (141).png,0,busi,benign/benign (141).png,a40e48777acdb1be349dc06dcb769e91cb7561f056e12f4dda87fe9bf453d642,family_7857b149475a710d,4
busi,busi/benign/benign (142).png,0,busi,benign/benign (142).png,78ee76b961259085960567c5206a7e419e710689b554517f43211d442905840a,family_f781034a6833c289,1
busi,busi/benign/benign (143).png,0,busi,benign/benign (143).png,3329c11f9a9595def4fd65e90f4225914244da5920805c05e8bace600532c8b4,family_c08027ad456da4fa,3
busi,busi/benign/benign (144).png,0,busi,benign/benign (144).png,7ac2dc2af3cfb3ac296efe410f6b84ace77189032756fc39a8fa6aafd8d7da87,family_722e1107e9672b2d,5
busi,busi/benign/benign (145).png,0,busi,benign/benign (145).png,969a043413cf6f6fbcba04fcce43541070394be89c50c3ea99c16a7ec298955f,family_0d3bc3a815cc0f51,1
busi,busi/benign/benign (146).png,0,busi,benign/benign (146).png,ee4a805ba8c10388c156dca5651b217417c0baa56e1049d1ede6173ea3064ba1,family_79b0729c61517644,5
busi,busi/benign/benign (147).png,0,busi,benign/benign (147).png,22119b4e7972ba89cffa4b723b4d4a85f366e634e5240fe9073e149daf249725,family_e41ac7ba20cac038,2
busi,busi/benign/benign (148).png,0,busi,benign/benign (148).png,33421cacc2b63d2b5798ca46e16a0eea159cf159118c38635bd0d0f7f944473f,family_82020cda85692089,1
busi,busi/benign/benign (149).png,0,busi,benign/benign (149).png,c80b7c2b74f1cdb63e7a6ab850f02c02f509d142a7a018883712d614630cab8c,family_e138d5f6a87ad139,1
busi,busi/benign/benign (15).png,0,busi,benign/benign (15).png,c1206fd374b375459789b92a2437f3c3a0621e648a6ff14a2b630f7686a768a4,family_882968e9bc8806eb,4
busi,busi/benign/benign (150).png,0,busi,benign/benign (150).png,c73693cc2f8165ae01ee4514f606fff117a87869fdd55ad16a39755ebcfeab31,family_f519d045cac249e9,5
busi,busi/benign/benign (151).png,0,busi,benign/benign (151).png,ceb97414cd7d67104aff172a6d3ca75f8887bd2ede5c81cbd7adb240867d57c0,family_7556a0b664610bf1,1
busi,busi/benign/benign (152).png,0,busi,benign/benign (152).png,a070e6e888de75703a4e96d7a63de3542e84d5520d1384a7ca2614c8d5c7d7a5,family_a0aa640c0d219afb,5
busi,busi/benign/benign (153).png,0,busi,benign/benign (153).png,e84fd45fc20e6c9c6d170c3e689569ac75658d25eb383ce5f2190538746a392c,family_4a09a820f1d637d9,1
busi,busi/benign/benign (154).png,0,busi,benign/benign (154).png,206894470781caca9927d079290486311411a090ab7254c52802ed9b1b22da61,family_2cd9070952aa0641,2
busi,busi/benign/benign (155).png,0,busi,benign/benign (155).png,62ac545b5a4c934df24baaa2416535e289fd9888ff87a427b5058533b39d0c1f,family_2cd33238d7473317,4
busi,busi/benign/benign (156).png,0,busi,benign/benign (156).png,a835cad5d0f2e47a9d64920abfa7c903e60adc1e1363d968b8b513f9851f427e,family_433536264e66c4cb,1
busi,busi/benign/benign (157).png,0,busi,benign/benign (157).png,475fa51f05fcd779ee435b369f235b12a57ab7d5593e2ff91da0e42d7fdc74a1,family_f3f21c2d9018afa9,2
busi,busi/benign/benign (158).png,0,busi,benign/benign (158).png,447f3ccdba8148cda912a408928e1720c638b142dc93ab2cf13ee699fecc4a86,family_612a219b01e7d03e,5
busi,busi/benign/benign (159).png,0,busi,benign/benign (159).png,b8502c86bad71698fadc05fe6bba011dd2012a7ce0333ce679f774ed144ba8de,family_1b69c4069fcbc922,1
busi,busi/benign/benign (16).png,0,busi,benign/benign (16).png,dfeb05e84bcd1f8df9613a8bb10eeaab50d174249b2f2bc6b7e6087afb20b461,family_7556a0b664610bf1,1
busi,busi/benign/benign (160).png,0,busi,benign/benign (160).png,f77d513859330447007523741dba8be557537784248b85c554cdcaaf8bbf0eed,family_02ed37439e88c919,4
busi,busi/benign/benign (161).png,0,busi,benign/benign (161).png,de62e5d484e68bac14c742bbfb96fb93e7f46738ed9cb4b3e33a9bed864eb3cf,family_3df8a3cd916c9d6b,2
busi,busi/benign/benign (162).png,0,busi,benign/benign (162).png,438361ceae9e6dc5f24fe9388f782093a3f9ba9471f0bbefdb582b668c1c2aa4,family_94c8f413b9dd407e,1
busi,busi/benign/benign (163).png,0,busi,benign/benign (163).png,f8358c660f993388c7534cee7f9ab8016c626fe212b4ca61154fee2d51628113,family_d8e56bc742e6ae15,2
busi,busi/benign/benign (164).png,0,busi,benign/benign (164).png,7e784dfdbf2e1d767d4c054e236a5fd4543ef8fbac9d9fcce526e174c0ce3731,family_ad42da95069a724e,5
busi,busi/benign/benign (165).png,0,busi,benign/benign (165).png,bb61460b40eb47a755ca36894a5a966741d7ab0f91d34fb80531dcd8c44c11fa,family_58a7826eccebe71c,5
busi,busi/benign/benign (166).png,0,busi,benign/benign (166).png,30c74150d47c68add9638415d6bfd77b90d4f93c2ae503d14bfb4c01b04120e2,family_3e0c5813713ab260,4
busi,busi/benign/benign (167).png,0,busi,benign/benign (167).png,22830f5a866824b7b3c209fee1fe0a8163130acfe0580990747214a2189d7a32,family_4d3e620108ff007b,2
busi,busi/benign/benign (168).png,0,busi,benign/benign (168).png,b7897105cb22708f0b68cd57b84ecd39662a7aebc2bb8c3809b911235c4f157d,family_94938db71a096571,4
busi,busi/benign/benign (169).png,0,busi,benign/benign (169).png,26c91ac79e1843de9d3c4ca3f3298ab6146d13745360dfe02efa9d160e025f80,family_15987259a3a92115,1
busi,busi/benign/benign (17).png,0,busi,benign/benign (17).png,33fc10832c6fd9717370829eb301d34e14b211a4831a009778e3615da8017f61,family_8b6875c196e29656,1
busi,busi/benign/benign (170).png,0,busi,benign/benign (170).png,ab1571e785a06089da0eec7d7485806bb2e9399449b752719baf2208e7de786c,family_3b24bb007239c4b0,2
busi,busi/benign/benign (171).png,0,busi,benign/benign (171).png,795e53bfe6d89cc1a48e7166a09cd6f803b8d531ca3a2e6ef492977d4b15da9f,family_fb88939b7dceff8a,3
busi,busi/benign/benign (172).png,0,busi,benign/benign (172).png,14890c2c16b18ddd875c21dd1236424d5e3d49d94ec29a95cfc33643203b7da6,family_9b7d3e24b708c14e,2
busi,busi/benign/benign (173).png,0,busi,benign/benign (173).png,c03f8eedc1ff110714b5ad719ff65e14570c442d0a00e06c34158a419d3c10da,family_882a9cc53691de2b,5
busi,busi/benign/benign (174).png,0,busi,benign/benign (174).png,8f664df67786872b5cf32d518c8f73e85ea6a6dcaffff370f9fa27f8a6973953,family_04ba5bb48b3af822,1
busi,busi/benign/benign (175).png,0,busi,benign/benign (175).png,879e1565c3f2783f24c9c1d3c05d1a21054148cc2f862afdebb1744d1747fb8d,family_ce6fc7a1ba66df33,2
busi,busi/benign/benign (176).png,0,busi,benign/benign (176).png,3eef76a4aa234186dd63604e3a8ca92111121d27c9db579a45abb0aed60d199d,family_4fb4ff461c694dad,1
busi,busi/benign/benign (177).png,0,busi,benign/benign (177).png,d5dc5f9c23a9885240658a693368fdba1dd03e99f12f837a5a460b020d06de63,family_632a33e6c7ce3016,1
busi,busi/benign/benign (178).png,0,busi,benign/benign (178).png,f781687b28fc471f24585ebbf8134a8074d5cd189e2bc01c49565e84651dfd72,family_f080c4eda21f375f,1
busi,busi/benign/benign (179).png,0,busi,benign/benign (179).png,5c1fc10c7aa4eb9053d250600c8f5f0d35a5a6c910142d1d7c26fd4b45fd3486,family_eb8eede70ce4898b,4
busi,busi/benign/benign (18).png,0,busi,benign/benign (18).png,dc8d007f2570c7536d7e96320f73f229138fe3486bbbf089ed99f01686b98359,family_a0aa640c0d219afb,5
busi,busi/benign/benign (180).png,0,busi,benign/benign (180).png,591c1ff218294c15bae4562eb1b0619c9678ec44ab927c4406063c45c5fc08cb,family_626834561381f05b,1
busi,busi/benign/benign (181).png,0,busi,benign/benign (181).png,7acdb0f671961a8bcf547bc53b46873983d1e39d2d15eff5a574ebfd8561664b,family_613d506d047f28a3,1
busi,busi/benign/benign (182).png,0,busi,benign/benign (182).png,129effd84629b55d83603cfe6f3033845d53e3bf60ec8e799f91ae692989e6b4,family_5df38dde0440d988,4
busi,busi/benign/benign (183).png,0,busi,benign/benign (183).png,41c33e7bb6fba618239c724a7038bf35cabf1f23c3e4a57cabad6abc3837c521,family_eab09c200b7888e0,2
busi,busi/benign/benign (184).png,0,busi,benign/benign (184).png,5dfd0531fca57d1305d9f4a59f36017a4814440db5371c16285a92508594e565,family_a617df78c04e22c9,2
busi,busi/benign/benign (185).png,0,busi,benign/benign (185).png,29c64753670c061a412bcd5094d45a9a228147f1ff4016ec1249edacc677d78c,family_fd9d9cbb25f853d7,3
busi,busi/benign/benign (186).png,0,busi,benign/benign (186).png,8f644e1d3d6bbd2af20d4dd3c064fdcaf210c076ab9b38007366bb95ad9fcbef,family_c057f2840188320b,5
busi,busi/benign/benign (187).png,0,busi,benign/benign (187).png,e351ec34e66050e746630f30d1b5d0659564823a8ee09609c446b8e25ea90671,family_69ce59c3b825b74f,2
busi,busi/benign/benign (188).png,0,busi,benign/benign (188).png,6e8ea10888117377c6223b14ddc67f143ae452ed7abbac1713fa60fce296ee2e,family_ac70d1dd20ca749d,5
busi,busi/benign/benign (189).png,0,busi,benign/benign (189).png,c919ba75e908d72853f3f7d5591fcabbe6b9a8d23e81620c5dcb0c209ed73c23,family_983186b1410f8747,4
busi,busi/benign/benign (19).png,0,busi,benign/benign (19).png,e95dd34636d8536468edcab9af5554e072c82b1e1ab4a7a8e562285d84bc6f26,family_f519d045cac249e9,5
busi,busi/benign/benign (190).png,0,busi,benign/benign (190).png,2cec628fab8a35ed1faefff542c26868a2d7555e07de2f1360f121fda261e14d,family_3a3a9440766b8560,1
busi,busi/benign/benign (191).png,0,busi,benign/benign (191).png,8aeb356979c7f5e185b6246a2d284a85cb74f12d570c2d008401e5df55242b87,family_dcd236f257ddcb27,1
busi,busi/benign/benign (192).png,0,busi,benign/benign (192).png,19d246952289dc56caa26061d725b6cbf910f330c77abbae4bc296dda3abec5b,family_0741db200943879e,2
busi,busi/benign/benign (193).png,0,busi,benign/benign (193).png,0d31e6e78c35e8119037dad57d72d6f95f21b00743bb57a5173d1087cf1ffd0b,family_760025044506877c,5
busi,busi/benign/benign (194).png,0,busi,benign/benign (194).png,3633f8a84541c8a419d360cdcc0911532bd95588259c3b03eacba38c5bf2ef4f,family_2fe2b4579ecbde42,5
busi,busi/benign/benign (195).png,0,busi,benign/benign (195).png,52cde0050bf8f6b34c9f1f2d4fdc42fea05af5e8d6eef9a0ca95d3ca37b6a621,family_02d3fb17d77b8a50,4
busi,busi/benign/benign (196).png,0,busi,benign/benign (196).png,4b6124f2b2d3bbae0242fe04848a4077d5890d7cf4775c4704afabb88e18d40a,family_a1b61b249cbecdeb,1
busi,busi/benign/benign (197).png,0,busi,benign/benign (197).png,d32728bf4d14b5c3e05dd5e50a16c130b456907f48fd39fe3e6b135e1fffbec3,family_22b0d1d7955a588c,4
busi,busi/benign/benign (198).png,0,busi,benign/benign (198).png,de309e9f8de5f441373c2f6b97de437520dfd049997ec4fda8f51c71334243a8,family_bc602505f1f5a98d,2
busi,busi/benign/benign (199).png,0,busi,benign/benign (199).png,ed202702e777a103c421664219c8aaab5b1e7a5aae7c276f945e24e282735181,family_528b4a4d35f6501e,4
busi,busi/benign/benign (2).png,0,busi,benign/benign (2).png,32b866585194bb9b614768b59e2eecc04e3e394c0013dc21729e1de7f8f5e3ab,family_a1c6830d08a0b93f,1
busi,busi/benign/benign (20).png,0,busi,benign/benign (20).png,f9e6bc3e2b3809d37fe305b0f66ab6c87d4bd3391b701de8bd4477bac4725182,family_6ab71459d1235769,1
busi,busi/benign/benign (200).png,0,busi,benign/benign (200).png,c25505f36003b7d3a4e34292e17aa8fe983002c1bb30dff25d94d4654279529c,family_7441f0b83e5d155b,5
busi,busi/benign/benign (201).png,0,busi,benign/benign (201).png,01be5a1162042f217622f0db48f232a1fba111cca99be20f882777a5276c0b9c,family_8960e92fa6e6cc5c,3
busi,busi/benign/benign (202).png,0,busi,benign/benign (202).png,717604959ac486c0b5d8905cf106af543745e15914b3c0ae4130486f4b5a1f5d,family_a83e6ee24b5b18d0,5
busi,busi/benign/benign (203).png,0,busi,benign/benign (203).png,aec586768ea67bed2cf166c117bdfb62ab488725f50bf93549f6de56afd0ef40,family_d7ada651fabadc34,5
busi,busi/benign/benign (204).png,0,busi,benign/benign (204).png,5dd18b70dc77e5c41d505b0ea0a8a9efcedae480339bffe06034ea7a8a83e1fb,family_0f59bdeb5cea557e,1
busi,busi/benign/benign (205).png,0,busi,benign/benign (205).png,7f30c9d470d325f80e078acd6048e44c3b27c1533c207ee7b7ed083249ae382c,family_72a984988604f013,2
busi,busi/benign/benign (206).png,0,busi,benign/benign (206).png,4f2153c6428ff70676944bae5d6aba3c226e6e2e67e4b4824f534130a12d6f8b,family_dbacf327be27cf90,4
busi,busi/benign/benign (207).png,0,busi,benign/benign (207).png,0091c65812a5cbcd24d202674e3984831e48254a4ecdf35e8a38f839db908450,family_13bace364f73fdae,4
busi,busi/benign/benign (208).png,0,busi,benign/benign (208).png,336c7a0f040c398dd895c50d22aa03589a1ea57f372650270596d1975c7e6374,family_52c5ca9132957d27,1
busi,busi/benign/benign (209).png,0,busi,benign/benign (209).png,b98aae3643a1d80904c412187546ffded2479a2eacf16b90342c96f73bf88767,family_68595c640495b64b,3
busi,busi/benign/benign (21).png,0,busi,benign/benign (21).png,be6390b454e962f43d71897ffe9afca6614f5254ff9376d83aed7bd1ff1f07de,family_a3dc4333baa50afd,3
busi,busi/benign/benign (210).png,0,busi,benign/benign (210).png,75f340362ecab3eafeecca39d7094f99dc105be711501deaa15183740c3cd405,family_7ba167082f38dc55,3
busi,busi/benign/benign (211).png,0,busi,benign/benign (211).png,5e6e0c0c26c4b6fc67c12fc124301c729434d11d1c2fcf87500ef4bfc71a6e11,family_426b455f1c2b1c3a,3
busi,busi/benign/benign (212).png,0,busi,benign/benign (212).png,6e14d59baf23ed091eed06c78c8ae33113a59ceb378a037ff64ada2aa3ba8324,family_397587662d8a9ada,1
busi,busi/benign/benign (213).png,0,busi,benign/benign (213).png,997c9e5e4fa2e39c62dc73989a277eddfdb44830568ee8c8d4973aaff04027bc,family_f529fa99580da4c2,3
busi,busi/benign/benign (214).png,0,busi,benign/benign (214).png,1ad1592688e9139347dbccb3d17ae5524cb3c791ae784d7ce11c9388a655ca37,family_4a51dfd5bfdea53d,5
busi,busi/benign/benign (215).png,0,busi,benign/benign (215).png,80c6f3dab044132c98cae20d6368d1493d8b199a2b300e8bfa2f5093de0f1274,family_c5fef7d3e4227f15,5
busi,busi/benign/benign (216).png,0,busi,benign/benign (216).png,0833eb24032e01597f6856e58108b8c851e7762cbdba7dbea8c0ce9160c98cf6,family_e2760f475291b262,4
busi,busi/benign/benign (217).png,0,busi,benign/benign (217).png,5d70fd0acd1c5353933eccc79ae43d4f1eb29f7a538b54a66810d36056f7a60c,family_04d08b7ffb02f2a5,3
busi,busi/benign/benign (218).png,0,busi,benign/benign (218).png,c64c1c567dcaa73c8315d7cafa1db7b428bc05a49196b00c4ed8203047c11d5d,family_c4cb86f580ddfb86,2
busi,busi/benign/benign (219).png,0,busi,benign/benign (219).png,3c3201612e3ec450dc4f3238e6d4f3b3ae93e917154c858363cfa20b099a40e0,family_52a93fe170d72312,4
busi,busi/benign/benign (22).png,0,busi,benign/benign (22).png,82f1c094a8729ac23e235a1574359cdd547ded82978cbdfcff3ffaed2cab661b,family_ac27fe7e9f782ce2,2
busi,busi/benign/benign (220).png,0,busi,benign/benign (220).png,8f99a8a67888c33e9fbcf74f368aa0db4296348d237c8c9812a29d3139cd72da,family_bc2041011e445acb,3
busi,busi/benign/benign (221).png,0,busi,benign/benign (221).png,1c6746270b66602cb195977888215cc3d8023d81719933b38cbbbdc2bbf8589b,family_b86036630f74930f,4
busi,busi/benign/benign (222).png,0,busi,benign/benign (222).png,8284c2a1b7b3ea7bd5a2237d819b574f82311c608e82d88eb89e6db8524b39da,family_0d79a68535716707,4
busi,busi/benign/benign (223).png,0,busi,benign/benign (223).png,59ca0cd851ecbaeef4493e5220dff0263ff79be457c0cb6fe45983068bb7d1f8,family_6dcfc95e0d30b299,3
busi,busi/benign/benign (224).png,0,busi,benign/benign (224).png,e2915006fd9598420a2f6230531df3594a8a0d994325c5e55a3d246bd18b597b,family_292a52d5071c1b00,4
busi,busi/benign/benign (225).png,0,busi,benign/benign (225).png,264c4813c1a7af5caed057a4c78ad6d565006208a8ad371727ab79302f3fe944,family_9896defde8efefcb,1
busi,busi/benign/benign (226).png,0,busi,benign/benign (226).png,91a4240ad88966bab5e60e6979d431bc725be6a8733ac862f7390f402f429517,family_91f4d5710662e9a5,3
busi,busi/benign/benign (227).png,0,busi,benign/benign (227).png,c4df4a42207b6d66745d869362da2c88d7f9f3372509480eb5b47dc4401ec948,family_5eaf5ac326b00e10,4
busi,busi/benign/benign (228).png,0,busi,benign/benign (228).png,5d009d5dc31453b96f653530892844ce2e95685a66741e8eb0da84673734b7a9,family_b36debf704d44adc,3
busi,busi/benign/benign (229).png,0,busi,benign/benign (229).png,cc7fa4ed1750dc08da0b3f4ccba285f16c8fe6059e3ea76e562f11d47a5d2a9c,family_817a686d32c8d293,1
busi,busi/benign/benign (23).png,0,busi,benign/benign (23).png,9eafad6f09e538cff267e470e0e42b9b76c58478c5a997e075edd8433442f4c8,family_6d80baa139ab529e,2
busi,busi/benign/benign (230).png,0,busi,benign/benign (230).png,d93bdd541fec39b5cb332cc2ded44a183200590f4f1d19269bd2fe1a714a8739,family_315e6368b896be80,5
busi,busi/benign/benign (231).png,0,busi,benign/benign (231).png,f1c17403fd9a10976a632b2abb9935830624351db2f861a19b26ec61d3ea069d,family_40758e1bf4a49c65,2
busi,busi/benign/benign (232).png,0,busi,benign/benign (232).png,a64e71ff8de75cecf907c6fc309d48b42640c383b42278b23c54eeadc11ec3f8,family_ae15df75835a3d7c,2
busi,busi/benign/benign (233).png,0,busi,benign/benign (233).png,36da9e65c628e624da3c7b5158b9e1b0775e2e13e32ed2d1967aa869bd670cc3,family_02c7eee2fef60d80,5
busi,busi/benign/benign (234).png,0,busi,benign/benign (234).png,c6306149f51911ba8d323ed70464c27b6a196c5c1593adca48627386b9f82dc2,family_aadde428924b8a5f,5
busi,busi/benign/benign (235).png,0,busi,benign/benign (235).png,7a1bb4b31e9152f623ecbe4b018486833a622170c9c7c49999f9f5e105be39e4,family_79e3f3f9c0581af9,1
busi,busi/benign/benign (236).png,0,busi,benign/benign (236).png,18b24b15b4c4ec3738a165fc403ae3d6d0be637142674e2982e1d5438c900742,family_00cffbcd8f97e257,5
busi,busi/benign/benign (237).png,0,busi,benign/benign (237).png,4f57cb1282f4f7d99fcfd0cf2c7e5ae01f4e1becd16800328db2493ca7825766,family_03599f17a7032eb6,2
busi,busi/benign/benign (238).png,0,busi,benign/benign (238).png,3b8f7c09d17dfb27e39a83a672fcb10fae4963f2c3f03298ec9cf472d8648a5b,family_64bea4a9686d2341,1
busi,busi/benign/benign (239).png,0,busi,benign/benign (239).png,704d65bb5327bdcbda8265b8affb7edadf3ec9775cb1833ef93de73ad3d05a21,family_8c0c59bb4d4dd9f6,3
busi,busi/benign/benign (24).png,0,busi,benign/benign (24).png,88231e1a1ad35d2de215203a3d006a9eb067f250dcaf47af2e9a808c2818ca09,family_5b0dff09533f22ce,5
busi,busi/benign/benign (240).png,0,busi,benign/benign (240).png,6ab828012a997ab134347e091ee7be09a43fe3c133a164d8d796bcc78fc1874d,family_d6afb17beb4e0285,2
busi,busi/benign/benign (241).png,0,busi,benign/benign (241).png,f913be373b5b78e531b80b5b3c1c203a027ecf67475a8fa87a728b17206cad17,family_625f0f574c29073b,2
busi,busi/benign/benign (242).png,0,busi,benign/benign (242).png,48ffed9733a9cd19628abffb496817b2c05fe7742130848bfb66096ed9c6a0b3,family_c53fcdeb5ae91f37,4
busi,busi/benign/benign (243).png,0,busi,benign/benign (243).png,1a7490710c5324084bf6d5b477a5314f4e56e247d570df54d38c288eaf41af14,family_e03f0a1ca93d4605,3
busi,busi/benign/benign (244).png,0,busi,benign/benign (244).png,220e7151a45c243c61c0e59345b6e4780c1ce82837fec2b4f9d1e1cf39a36fb2,family_8430bba71e4094e7,3
busi,busi/benign/benign (245).png,0,busi,benign/benign (245).png,a716f5c6b8c4ff81a2fa86ccd793dd9bed4cc19c85227696733e94858d65d070,family_7f7f07c55afe13d6,2
busi,busi/benign/benign (246).png,0,busi,benign/benign (246).png,907b78e4e08ae4f9788fa75d1163aaeacf42ac05061c11cf8058f99ee09ed4c0,family_917ef5301a9696bc,3
busi,busi/benign/benign (247).png,0,busi,benign/benign (247).png,eb02eaeb509133a280db04b9b491a9c1439dc86bdb8648a7db06082fba592b6d,family_00cffbcd8f97e257,5
busi,busi/benign/benign (248).png,0,busi,benign/benign (248).png,43501be347ed54637ca0abdbdde4f7f47eb6050b8c5c717db73992bc8f96a64d,family_528b4a4d35f6501e,4
busi,busi/benign/benign (249).png,0,busi,benign/benign (249).png,76cb026823654c2b2b5f432411a1ffb2bfd3a16c5183c97f1ac2e63e4d097b36,family_0f59bdeb5cea557e,1
busi,busi/benign/benign (25).png,0,busi,benign/benign (25).png,603b97e8e840ad6ac4e56f79dc5abaaddb3a1edf4fc595bcd9ad31f425560d5a,family_4a09a820f1d637d9,1
busi,busi/benign/benign (250).png,0,busi,benign/benign (250).png,fbf2e9c8181b95b3f693b3c2292b97e04323076e27968f21787ea13a5424fa43,family_eb0441510fba2e4c,2
busi,busi/benign/benign (251).png,0,busi,benign/benign (251).png,bf3f859e7fc8e322a18d5e00ba4c107d43b41ed5ffd85d793e1a97628067da68,family_b5e7f3c2d5bda85a,5
busi,busi/benign/benign (252).png,0,busi,benign/benign (252).png,368166d2813e9e350ec7636cf8e4c146f729d7d8b2b94d76cbfc52f45287eeb3,family_a29448caee5664be,3
busi,busi/benign/benign (253).png,0,busi,benign/benign (253).png,8756c58c4e23bbaf023127defd5264a101127322f1e4ccf27959a3b6bd4bd423,family_7d610ddf4ec78304,3
busi,busi/benign/benign (254).png,0,busi,benign/benign (254).png,8ec9b0facf53e42c038ad0a159bc56ce7e4279d962aa1514502e12f588b671c3,family_426b455f1c2b1c3a,3
busi,busi/benign/benign (255).png,0,busi,benign/benign (255).png,df1e28cf9e2f579779fb3c1bd11421ef5524629d947eed4e8299f5993850ade6,family_d6afb17beb4e0285,2
busi,busi/benign/benign (256).png,0,busi,benign/benign (256).png,cc7662db553921b72d504532552a5be53991a4d7be7025a7810c160a7d9bbb22,family_43ac561bf5671486,2
busi,busi/benign/benign (257).png,0,busi,benign/benign (257).png,a2c0fffcf83fd7d2200a7377f3e634631dc9ad0fd25a6c188ec18a970ec5097c,family_6dcfc95e0d30b299,3
busi,busi/benign/benign (258).png,0,busi,benign/benign (258).png,54319e05d849591fa4729f85dc50759ccbaf37465acf369f05be0a802b5df6d8,family_8c0c59bb4d4dd9f6,3
busi,busi/benign/benign (259).png,0,busi,benign/benign (259).png,4a6f07aa72cef44fb46fd6fd40f1f5fba71ef50c672370accbb0546a6ff18f52,family_817a686d32c8d293,1
busi,busi/benign/benign (26).png,0,busi,benign/benign (26).png,75e7c68717c1c6301a9e5f2f1123900a5d3ac82339f35e74c7aab6f3ab9eeb16,family_b4ef8c34f713ee06,5
busi,busi/benign/benign (260).png,0,busi,benign/benign (260).png,40158d60c7beb75a064a98be29e44122bdc73663335a8e57cdd14442fa7f2a32,family_f15cb147d2188c20,4
busi,busi/benign/benign (261).png,0,busi,benign/benign (261).png,e274ae9e6d1c627fa035757c7cb1913d8fa07f023f5e5b153bdc9623c085050a,family_aadde428924b8a5f,5
busi,busi/benign/benign (262).png,0,busi,benign/benign (262).png,86bbcafb71f7656e09f17bf740b932f59e0c141e3ab5573b8aa3610af166758c,family_bd68af847c256013,2
busi,busi/benign/benign (263).png,0,busi,benign/benign (263).png,555175176d5d7178a38140b0dcc043aa50b20dcdca02d373e1edc9fd2c120648,family_91f4d5710662e9a5,3
busi,busi/benign/benign (264).png,0,busi,benign/benign (264).png,9d068e69cf32e62398f014ae827ed2dad11eabb5214d9d4c2c7f48eadd3a3d5d,family_792c7ff3255435e3,1
busi,busi/benign/benign (265).png,0,busi,benign/benign (265).png,b05b54e7a9cc71019d85aa7e74ec396d89da65f379d07f9fc44b1c9eac9f24df,family_e2760f475291b262,4
busi,busi/benign/benign (266).png,0,busi,benign/benign (266).png,7373f85bcfe9a63fd74cca11ed56bf1e728b5731f616e60950c247e616381f53,family_625f0f574c29073b,2
busi,busi/benign/benign (267).png,0,busi,benign/benign (267).png,5a1ad27e45baed020acd1f731e85261533067d987e172c51d2f682cf18839db1,family_0d79a68535716707,4
busi,busi/benign/benign (268).png,0,busi,benign/benign (268).png,945b4365a5a931c89746ffbff1d26595ac92b30baf98eeacfb179247c7c91ca1,family_04d08b7ffb02f2a5,3
busi,busi/benign/benign (269).png,0,busi,benign/benign (269).png,a2d6370c5534d2608c41d69b3d1d8d92db38a2b9300b19754a2dcdca44081eef,family_81850f9185534a9b,4
busi,busi/benign/benign (27).png,0,busi,benign/benign (27).png,79f023797f63d8fe6bb56a9b9c53b1332c1efd06de5f0fb082b42b203fa47620,family_0e346275d598dbdf,2
busi,busi/benign/benign (270).png,0,busi,benign/benign (270).png,3d4b699c1f1ee0e8b31f481ea3f08db83408a77cc5e7c5e4837750431e3bc8f4,family_c5fef7d3e4227f15,5
busi,busi/benign/benign (271).png,0,busi,benign/benign (271).png,7f2068e290e231bdf493335e65850b39bf0e92eb6259f1676e41e5d15ab9efd2,family_c6e9951ac4a6562a,5
busi,busi/benign/benign (272).png,0,busi,benign/benign (272).png,f2420d0b256a73781c7f180320fe395341dd83f0e02e537a6bd99cd85e111a02,family_52a93fe170d72312,4
busi,busi/benign/benign (273).png,0,busi,benign/benign (273).png,75e795f5464d476e5102e3c7066ffd407771f8b3c57aacceb0c53b2590af82de,family_d7ada651fabadc34,5
busi,busi/benign/benign (274).png,0,busi,benign/benign (274).png,90b0de079f7e458768f061b86d1afc89b7ad8a1efacec00a9e706994d8e2a04f,family_7441f0b83e5d155b,5
busi,busi/benign/benign (275).png,0,busi,benign/benign (275).png,cddb1c8a86ddedf5cb3f439260377a2cb756ec665035a8ce0f10fdba74ee767d,family_68595c640495b64b,3
busi,busi/benign/benign (276).png,0,busi,benign/benign (276).png,2f37cdeb2eef81e49bff4b4e657ca5d72bb08b26ba51dd2154d17946a31715ac,family_ae15df75835a3d7c,2
busi,busi/benign/benign (277).png,0,busi,benign/benign (277).png,ba4447bd6cc74f17d6ca8722a28bc4c3aabd804d5c42dd04a2ae42f91f434d8e,family_d6afb17beb4e0285,2
busi,busi/benign/benign (278).png,0,busi,benign/benign (278).png,373aba7ea030a9f86fa31f3bed4cfcb478b72a7644c3cbb9fb9077c36129a775,family_91f4d5710662e9a5,3
busi,busi/benign/benign (279).png,0,busi,benign/benign (279).png,8c528eb1845f17fa9d2a5ac654ffbe651b98f58b8637609afd7806c3f5bf44a9,family_625f0f574c29073b,2
busi,busi/benign/benign (28).png,0,busi,benign/benign (28).png,3e5b3885ba2902592a20256554ff8978ba68e39fa891ca0cb1797becb8fa5d60,family_99b6f5074e98ffcb,2
busi,busi/benign/benign (280).png,0,busi,benign/benign (280).png,2e14f20927376233b86f2dc9f8f0f2f230ec4f715e0121cebcb6d87265ec2d6f,family_817a686d32c8d293,1
busi,busi/benign/benign (281).png,0,busi,benign/benign (281).png,369abaa192638552e6ad07a5d8593963564fcfe731e2f8ae7d8bf6eb85dfa48a,family_03c4e8763e2b5a0c,2
busi,busi/benign/benign (282).png,0,busi,benign/benign (282).png,cb44e5e086cddac54ace20772604d80ef0057bc3fc92fe970793784431ec906c,family_0f59bdeb5cea557e,1
busi,busi/benign/benign (283).png,0,busi,benign/benign (283).png,110e487cd06a94c1a8079afcaea41e45cbe4b384cc0248bb0dff61d1993a2439,family_b34169472df4aa5b,5
busi,busi/benign/benign (284).png,0,busi,benign/benign (284).png,8fbb1a6b2db7b719638bdc589599837a8ebb0342116ebe2f6ac22ab73a29d376,family_3312a68167bc23c0,2
busi,busi/benign/benign (285).png,0,busi,benign/benign (285).png,2e36e661b850fd4b51d85931e96130b61fc48b3afe65e52ed19815b0e7ae1e5d,family_3312a68167bc23c0,2
busi,busi/benign/benign (286).png,0,busi,benign/benign (286).png,a93f531b9e6bd5478e6809ccec0cc65c9ce569ee7f0fc0137c67cc60dd728cb2,family_b6d3e5f3ea93af57,2
busi,busi/benign/benign (287).png,0,busi,benign/benign (287).png,45b73425c968dc271e80f8de719e588e947a2c20523ce9bd7600a6280a2dcdc6,family_ae15df75835a3d7c,2
busi,busi/benign/benign (288).png,0,busi,benign/benign (288).png,81706fbcd74b529859ba4caca0585bb69897e859e2e4f76df2acd0309a5b59bd,family_c53fcdeb5ae91f37,4
busi,busi/benign/benign (289).png,0,busi,benign/benign (289).png,461ab9ee6ec3e0ff3f092aff49e030c872380051539c0b454e4720d57e04a4c5,family_d7ada651fabadc34,5
busi,busi/benign/benign (29).png,0,busi,benign/benign (29).png,700522e0b2379b1f9a0a231c2d8b902d6ca2dab6c01c0e25ee57d736cb1bbf36,family_0d412f96c4316111,2
busi,busi/benign/benign (290).png,0,busi,benign/benign (290).png,f93a1cc1233b2fc1b440ca8ebb73eb00cd8f1576e0a7294ecb2a28ac1d4991e4,family_7441f0b83e5d155b,5
busi,busi/benign/benign (291).png,0,busi,benign/benign (291).png,59463bd011155ea43b72454636049acddb06a56d0bb1af283d35f9bd1a3e2e55,family_52c5ca9132957d27,1
busi,busi/benign/benign (292).png,0,busi,benign/benign (292).png,d4369751037738e3a19d6bffb3cd461acaf73844fc2c1c145abca0871edb13ca,family_9896defde8efefcb,1
busi,busi/benign/benign (293).png,0,busi,benign/benign (293).png,76d63d169f9b38f6e50985861ec1c555ee802c33d5162285f778cf9519e32a33,family_9896defde8efefcb,1
busi,busi/benign/benign (294).png,0,busi,benign/benign (294).png,3c1fb2136a804c29efcb896a4ebe0a4862fb0c782eed7e95e745ca4a4475ad2e,family_79e3f3f9c0581af9,1
busi,busi/benign/benign (295).png,0,busi,benign/benign (295).png,21e1db7a9ce55d1f1943f49e3a221a8b60bf4ce5125907ac58800c31481eadd8,family_40758e1bf4a49c65,2
busi,busi/benign/benign (296).png,0,busi,benign/benign (296).png,c8446be415bb0a5a23f4b35a6549c95bc139b5f883a92da165a6f73464a668f9,family_c4cb86f580ddfb86,2
busi,busi/benign/benign (297).png,0,busi,benign/benign (297).png,9892c8ed06332329ad1057e9614bad7ff7c1ddfdac8e8be64515332df30acf32,family_68595c640495b64b,3
busi,busi/benign/benign (298).png,0,busi,benign/benign (298).png,cce62138bf6396eaa28072662da3c08cf7f4d596b1b5eb8d43fcb94a618a9b90,family_7ba167082f38dc55,3
busi,busi/benign/benign (299).png,0,busi,benign/benign (299).png,93d5be8642ef522265bb8d4a3449840b8b512ba4f72e5c69e239fe90467d2a47,family_02c7eee2fef60d80,5
busi,busi/benign/benign (3).png,0,busi,benign/benign (3).png,35bc400991087c0582b34caa751794b14941a879f931db35844c8308f35d6ddc,family_00f7f886f79f4faf,3
busi,busi/benign/benign (30).png,0,busi,benign/benign (30).png,9695d016d83cb56dbf474a49897cc39d7af394bb95f7b887f4b13caa0d6dbdec,family_056db6f6267289f0,4
busi,busi/benign/benign (300).png,0,busi,benign/benign (300).png,3eb7301cb9cf04b1981eebf7e5237e08ff95a669a6693e5af8a1eed055b97aba,family_64bea4a9686d2341,1
busi,busi/benign/benign (301).png,0,busi,benign/benign (301).png,b1dc0e084f46d3dbe12b291af117999c6d911d8104897632072e5cef12376fc2,family_a83e6ee24b5b18d0,5
busi,busi/benign/benign (302).png,0,busi,benign/benign (302).png,bb949df33137158415a5f3aeccf72c096aae65fc03f73357f5d862d4e58f9d6b,family_8960e92fa6e6cc5c,3
busi,busi/benign/benign (303).png,0,busi,benign/benign (303).png,90e25199d2f30b6105648666acce1ea011b7d502292b6af0fd4727d0e28c9356,family_dbacf327be27cf90,4
busi,busi/benign/benign (304).png,0,busi,benign/benign (304).png,e8751f97ae13b7b6f886851ff79d9ffcb1b114b82995c85a4ba8c50a15b5723a,family_292a52d5071c1b00,4
busi,busi/benign/benign (305).png,0,busi,benign/benign (305).png,3b7ff96ed859b9b16d14a64618f6d1b68fe1fe862ea802e7db3e7eacfb3e116f,family_7f7f07c55afe13d6,2
busi,busi/benign/benign (306).png,0,busi,benign/benign (306).png,61a110ef067c4ec1c83b5a7f327cc360eee254bc50879e5b128a14163de7bbde,family_b36debf704d44adc,3
busi,busi/benign/benign (307).png,0,busi,benign/benign (307).png,a6da28bb854b8af1b5c6a183507ad34ec623ee354dc93a02378fba3d0ca8765d,family_91f032fc622ab060,4
busi,busi/benign/benign (308).png,0,busi,benign/benign (308).png,c63cf4815fe98f248e7b697e7e2a1f6d0a844fcd256e5b11a64dc67932c8cda0,family_39bf83aebf479613,1
busi,busi/benign/benign (309).png,0,busi,benign/benign (309).png,65bee9cb0fdf4024b1f871d66a5c5339c6aa82a4041e0d9980a9198a5a590c47,family_2d2d00ff31877975,3
busi,busi/benign/benign (31).png,0,busi,benign/benign (31).png,77739ecbf66f3d0d89c630ef437e6a7c0013d5e85a3cb85496b1121754962a84,family_70300765ba0a3a19,3
busi,busi/benign/benign (310).png,0,busi,benign/benign (310).png,f9e4e2a1e41fb3c9bab30cc010a07c520ef8d2f194b346bc269c542c7f3c3af5,family_acb896697cf477be,2
busi,busi/benign/benign (311).png,0,busi,benign/benign (311).png,4bb48dfd4aaf6e75053c9a807b79bdde8a78b81956103dcd4b161738540a0e84,family_2084416d17410c6e,5
busi,busi/benign/benign (312).png,0,busi,benign/benign (312).png,fe2aa1e28f0b911697f0ecf8db42269c3854c6a2b1488fcd6e79ed5a6d3eb4d6,family_7a17e06ac925de35,3
busi,busi/benign/benign (313).png,0,busi,benign/benign (313).png,6b6c181bfbbee96634daef658fc84321a93cbe5e36fb790417155ea2bd2c2c7f,family_4c9494c2ec68fcb7,3
busi,busi/benign/benign (314).png,0,busi,benign/benign (314).png,657448914cda934c1cefcacfcb7aa6d5548b5f96e87c3b2deecdfc74e66cb24b,family_06814f346bdf75c5,5
busi,busi/benign/benign (315).png,0,busi,benign/benign (315).png,852e1f5d09cf253a2d51774361063468a3d54bfb0e1624c7fdc1cbc92e0886e5,family_4a1ba36c1a9481f5,3
busi,busi/benign/benign (316).png,0,busi,benign/benign (316).png,5e53d6bf9af82484907c50ed82ec7ecdb95482f5019e496aa903d3d63208c8f5,family_64c118e7d5ebfa0e,3
busi,busi/benign/benign (317).png,0,busi,benign/benign (317).png,8d49427d94085d9eea0c5141eb9d2578359fd61a26931545bbcfaf0925d4ac4c,family_0c1b933faee3fd3c,5
busi,busi/benign/benign (318).png,0,busi,benign/benign (318).png,cca98a33ad5823ea4607eacc26b02db6567734ee247bfd1fd3a2e54b78970782,family_c00ee707a39b3a8a,5
busi,busi/benign/benign (319).png,0,busi,benign/benign (319).png,044a3bce182a3b85bbe3e5300f4289286387edd54708d2929a7abf8cc05872d4,family_1e79f6ccb9a4bf02,3
busi,busi/benign/benign (32).png,0,busi,benign/benign (32).png,16c53d580a2ecb9f9473e73508b5bdac0172f6075bf41fef620a55d4bfba7052,family_1b764f0772f6fd77,4
busi,busi/benign/benign (320).png,0,busi,benign/benign (320).png,4c619e6e7f4424dd8220dcd80cb8794bb0afc0dc2259d52f4487c447233ce4e2,family_00f7f886f79f4faf,3
busi,busi/benign/benign (321).png,0,busi,benign/benign (321).png,de6b8356dbcc0c2ed85ce698bb9160a782c6d7bf0826dd157f823b63e1662322,family_7c9ea949d9d571dc,5
busi,busi/benign/benign (322).png,0,busi,benign/benign (322).png,1fe5239477442d083e292e57e426e0ac973934157e43cb2e07d132681fab1015,family_1c4001ff9ee01468,2
busi,busi/benign/benign (323).png,0,busi,benign/benign (323).png,db357797b98ceeba5f5c19516d9efc58a2ac3306b413d0d0a9a886f7e45688f1,family_baec875843c8583d,3
busi,busi/benign/benign (324).png,0,busi,benign/benign (324).png,6c5b0751d8d1ae2f001b3faa63d8e39e0ab2d515d418cdc6ef20c61cc26f6c20,family_f9ba48cb8266dfae,4
busi,busi/benign/benign (325).png,0,busi,benign/benign (325).png,36852569c6642fad5c603c9fc640ab0d7524036e62ccbbe66bd9f9634776e67e,family_2c3f7aaf98e70728,4
busi,busi/benign/benign (326).png,0,busi,benign/benign (326).png,dff47fcb718896af2cec3549af3eaf66ee24993c2f686ed67584308ea8aa34eb,family_a0fd0588efc7b121,3
busi,busi/benign/benign (327).png,0,busi,benign/benign (327).png,40b7b39167757f98415da69907e986a82d2f35734fe6ceeffc9d7f5a5e19831a,family_e985268cb9ae0c24,1
busi,busi/benign/benign (328).png,0,busi,benign/benign (328).png,1ce28267226743c3c30729a2f7099797dccaaadd8f4e47c7b6947aa3dfc87637,family_c0cfdc91b7408c45,5
busi,busi/benign/benign (329).png,0,busi,benign/benign (329).png,bbb39e63e8609eae675cb9d760d363c2719cc5ef1ceb3d627b029edd8818102d,family_0fb893810cdd0712,5
busi,busi/benign/benign (33).png,0,busi,benign/benign (33).png,2d8606f1e0938aad6d9da182583e56cd1a023a8b51fc608256d979aa85e9ceee,family_39d2220973dce679,3
busi,busi/benign/benign (330).png,0,busi,benign/benign (330).png,9a8399c6583a38948f5e109216462ae6942d3b0e084f527b7a4b0e1b798f8e89,family_4535de965130d623,5
busi,busi/benign/benign (331).png,0,busi,benign/benign (331).png,bb37f39ff656104fd0e7171da6cb1b1ced50e9e2b08fbf2596859f4d035a38c0,family_914ec53b44a7ede3,5
busi,busi/benign/benign (332).png,0,busi,benign/benign (332).png,4e943c4e9c18c29b979598eac6d9521aeed39fc55a8f2d88880347059d45da53,family_882968e9bc8806eb,4
busi,busi/benign/benign (333).png,0,busi,benign/benign (333).png,772d73e44d8def1d060c1795d92e23e850805b746954a5a7905e6d11f944964e,family_5f6fef74584059a2,5
busi,busi/benign/benign (334).png,0,busi,benign/benign (334).png,adc45d077109d50c916010d62387e53f5ff0736d83eea8c6cd6b389853dd579e,family_0373ebd785d30d98,4
busi,busi/benign/benign (335).png,0,busi,benign/benign (335).png,93e285d7014200637f1d35e8fb180f631bdd12e091b4b9fb6ce851c57722fcc0,family_732ec12280f322d5,3
busi,busi/benign/benign (336).png,0,busi,benign/benign (336).png,d97a2d672836d3b37ffff4195b28d9a10da3979b376bf3629cc0241b03c51569,family_3ee13ae2c05aa361,4
busi,busi/benign/benign (337).png,0,busi,benign/benign (337).png,9552e05a4a6d7db09bc7b59efecc1ddadbbd71ec0696fca28dcfa409d8ff7845,family_9e21c0fb745c4097,2
busi,busi/benign/benign (338).png,0,busi,benign/benign (338).png,fb4ae2bd50133b82f6852b37e3888306c8e511479bbb90f5fc70bc940a46d326,family_abeefd530203d710,2
busi,busi/benign/benign (339).png,0,busi,benign/benign (339).png,76c70bde05788e123472be116d072d99646d0723758b2d68c2483ec5a819f905,family_6d59b35c2a3e9738,3
busi,busi/benign/benign (34).png,0,busi,benign/benign (34).png,d9cfb184044b6b6701270de2676cb6454c70567667d819be207f2811b2953467,family_e6b01a2529158090,3
busi,busi/benign/benign (340).png,0,busi,benign/benign (340).png,2c105565cc30b72defbf0c166ca3065d3f52ae3181e10b7277090927857402b8,family_5507137e70305852,3
busi,busi/benign/benign (341).png,0,busi,benign/benign (341).png,169b07026407c161192d6eb29b8562fbeb73257c1fdb0f1a9c3410bc8a3814bb,family_263ab6971b558e58,2
busi,busi/benign/benign (342).png,0,busi,benign/benign (342).png,cfcbd4b4999b55d23e783fa986a143d6e00dda9c6474480e2a17a9eb87d8ea04,family_fb56fb7d5d363b97,2
busi,busi/benign/benign (343).png,0,busi,benign/benign (343).png,6985f119baabac832b3e3ceb8111716c4590d93dfc692cd70416121e5b0010dc,family_202236adcc4cd8ef,3
busi,busi/benign/benign (344).png,0,busi,benign/benign (344).png,9f1fbf6e95bc6a4f3aebd3e220f6dd18048db63675335f9c95bf4a988ba419d9,family_28dc8852e5b2246b,5
busi,busi/benign/benign (345).png,0,busi,benign/benign (345).png,60c76cbcf75bd01422758a4368275cf63ede8e22b19bb1953e2e427ec28554f0,family_f7f0736b0c63764d,5
busi,busi/benign/benign (346).png,0,busi,benign/benign (346).png,44f9447a8c71fe6e5b1b6fb451ea59fef8765b8982b118ce58ab37f05389fa7e,family_ed9368bed6171ecb,2
busi,busi/benign/benign (347).png,0,busi,benign/benign (347).png,2d6ce7091b1e222d94f88a146c41b8c4b006c22386ecf27cb6e5e058c822614b,family_e9fffc1139f8ee38,5
busi,busi/benign/benign (348).png,0,busi,benign/benign (348).png,29f2b759dee3aa1fa9d157383183d75c733ea9afcdb94b4a22795277fbc34f46,family_7100c9e90d811f0f,2
busi,busi/benign/benign (349).png,0,busi,benign/benign (349).png,68d3889cf233e7e5b27af254c8afce338403b7641fd8bfd2e5925ba6ba3d1574,family_b22af4bb96de46b1,4
busi,busi/benign/benign (35).png,0,busi,benign/benign (35).png,5a4e96a6049bebcd933ae3e2040b2f31c863e49e8699bdc7e5392e94b62c72d4,family_632a33e6c7ce3016,1
busi,busi/benign/benign (350).png,0,busi,benign/benign (350).png,0285f59ddbe7288f70a030fd9c39840acdc67c0226913cbaacb195614c22aa19,family_fe8f445d11dbab2a,4
busi,busi/benign/benign (351).png,0,busi,benign/benign (351).png,78b49e629341aa2380a9c2efdec91b57254200644648983a0ce4d906ab8aef05,family_79c4f3b98abababd,1
busi,busi/benign/benign (352).png,0,busi,benign/benign (352).png,55ee49a3648b15c58930e26aecd830b5e9e72a277397231d29941c140ec61e07,family_238a83a5d50f8f7d,5
busi,busi/benign/benign (353).png,0,busi,benign/benign (353).png,76e3943f4b2a67392b2dace34cad3a638cc14cb7d3d7d2aca8f60068c0c17adb,family_0f6b9a74fa1ab4dc,1
busi,busi/benign/benign (354).png,0,busi,benign/benign (354).png,c8e41c5181888bef2ccb69bd0142feb6e287d61bba9a3af33522479068b09640,family_ea637836c538f0d2,1
busi,busi/benign/benign (355).png,0,busi,benign/benign (355).png,476ba9b0f22b5d71738722edb34e01e36916a9c8f66224bc39fd85e4ba134ab1,family_3b5a11c26b3f1b81,3
busi,busi/benign/benign (356).png,0,busi,benign/benign (356).png,ad4b7511454fe202b9a0dac269e0aab1f1bd9db60d5c92777d674c7c999bccdb,family_0e99d73dd8d50816,3
busi,busi/benign/benign (357).png,0,busi,benign/benign (357).png,50e55a6354401525e89b12691d12afe7a4800f4fb9364db6e58b241a5970dc01,family_79b378141b13a32b,2
busi,busi/benign/benign (358).png,0,busi,benign/benign (358).png,215cb15c17c72580383ef644d551cca7c983a818514b656cf494c633a9f73c66,family_03365752f9d81b83,1
busi,busi/benign/benign (359).png,0,busi,benign/benign (359).png,1c6a9d5aa19ff1b34c871799038fe47cd33823c59a5f7edc54e3ee0777ff2e1b,family_8fa89790b0b9ca9e,1
busi,busi/benign/benign (36).png,0,busi,benign/benign (36).png,228b28b10464d6ccf02f35fad67b2b8b33e4f93d62f18b3424e466e3c64c3160,family_04e34808d17ab7cb,1
busi,busi/benign/benign (360).png,0,busi,benign/benign (360).png,566ad141bccc190faa3c6f340f36d0b2fdd02b40e98ca85c83b2b94c222c923f,family_cc23f117457cf3ce,2
busi,busi/benign/benign (361).png,0,busi,benign/benign (361).png,7e34f2e47ed0d91ea830a2fa771a765de6aaca216d355cd26b959704b125f47d,family_6ca57d4411f2b210,2
busi,busi/benign/benign (362).png,0,busi,benign/benign (362).png,6920dcd00c8d0837b73ebe7143deb7a74ba935d7f5461178d4451ebc547c4474,family_a8f72bf4904c275c,5
busi,busi/benign/benign (363).png,0,busi,benign/benign (363).png,302ff391e1b62c092a8cf30c8c2fe28d61875fd1b1741881ac58e9eb38c6d881,family_5993024908304361,4
busi,busi/benign/benign (364).png,0,busi,benign/benign (364).png,e2ceb96e5999528b6bf728a6b11c71c80477ee1f3954ad380ea469e7dc8fada6,family_defc2d24c3f7eeb9,3
busi,busi/benign/benign (365).png,0,busi,benign/benign (365).png,7f1331ff2a413fd61939300bfc8927a0b9f11e45f01ffa0887ec4db53955051e,family_9fa6cd91ce80c2d4,2
busi,busi/benign/benign (366).png,0,busi,benign/benign (366).png,a6d594fb57c1c7b6b0d4758ab36f4daf4d309334ac7fa810539007b80743f8df,family_ab987b69f95c975b,1
busi,busi/benign/benign (367).png,0,busi,benign/benign (367).png,3eb94971b6a7cd69a31ea0a05762c124fc637014cd28c91b6e41050e6266f944,family_7d2fc5167bd57b43,3
busi,busi/benign/benign (368).png,0,busi,benign/benign (368).png,e07cba673c803996921e9804ba5671364d81c3568645db03867e72b7b7a43f27,family_a02bfc1db9b771f1,4
busi,busi/benign/benign (369).png,0,busi,benign/benign (369).png,d6a849e925f36103e4ddc4704fe1b57a4e4afb0faef325f0b5a23915d0a85bf4,family_edc9c7b9a7dfc3bc,4
busi,busi/benign/benign (37).png,0,busi,benign/benign (37).png,8190a752cd9390c13f2b7fe39b547c72a6e46936844dfd641b71b4c56e692641,family_bdcd14a55be7e662,5
busi,busi/benign/benign (370).png,0,busi,benign/benign (370).png,6d8a301fb1032deed4f6b0baa1fdb0100b6986358063fc3cf199303cc50ba341,family_fcba7c34d18cbf2d,1
busi,busi/benign/benign (371).png,0,busi,benign/benign (371).png,20d6d5e00e42385d518e4280a8ee2070f4abe97de83a7b81f2ad3f64a1744af7,family_9c971f5154a8f1da,5
busi,busi/benign/benign (372).png,0,busi,benign/benign (372).png,5b4013948c5bbaf5c6fe7cdd28614bf34c0ecb2d58ef17ae4cf871d66aaaf164,family_8c35ad6704d830b6,3
busi,busi/benign/benign (373).png,0,busi,benign/benign (373).png,de9af36bbc1f506fe9e05800623937e8aa6a87e1706dbf714324b6650bec8d5f,family_bf8a6c30498361f8,4
busi,busi/benign/benign (374).png,0,busi,benign/benign (374).png,a109ab4e16b19b3209b4d7fe15f31b510b4df1e1e84e8bf160eafc62bc7c2e4d,family_4611dc5d74501358,3
busi,busi/benign/benign (375).png,0,busi,benign/benign (375).png,51a548c3bc883f0a4b32aa936ec34132672776f7503d81772127caf96129274b,family_21610d614581ae6f,5
busi,busi/benign/benign (376).png,0,busi,benign/benign (376).png,f002e5faf15e4bbef624610351f04f031293a5e79233706a6969ddf90b94a8d3,family_d34b4202333b400f,1
busi,busi/benign/benign (377).png,0,busi,benign/benign (377).png,a0477d10f33f5063197affcc83054f3a7af309c2c7d5bc5050037f28a97070af,family_f0c37de4826b4b31,3
busi,busi/benign/benign (378).png,0,busi,benign/benign (378).png,2ff1c404f59fe3d9acc8ba13ecb47b5e302dd6b3ab2487df90858c161577a291,family_066e46e5222a5f29,5
busi,busi/benign/benign (379).png,0,busi,benign/benign (379).png,397dbf745f26f1ecd023ca322d81890ff8e32f6b236ecc576f4c5564e204557d,family_cf7cb97aa29cf4cd,2
busi,busi/benign/benign (38).png,0,busi,benign/benign (38).png,7703a0d4ed5904b8cd10872b0812d5f3404393943659ad15f696cb93b21bd609,family_7afd1eeee2478297,3
busi,busi/benign/benign (380).png,0,busi,benign/benign (380).png,689c689c4f69b0444f58590ea00e9801d56946773b1a5c597a1801c99aa49a8a,family_70856ee6b448f56e,5
busi,busi/benign/benign (381).png,0,busi,benign/benign (381).png,31e5bea53005334e9e947d63013e2da72f8cd61d3906348fefe8b3e26c3b8cf6,family_b0d7ab5032e049b9,3
busi,busi/benign/benign (382).png,0,busi,benign/benign (382).png,bf8c0d97caed6fcdf29faafe961fcfea6915dfcfd4737f7f543b26e97156b4ff,family_3f16ec3fcddb4f2c,2
busi,busi/benign/benign (383).png,0,busi,benign/benign (383).png,e9cf17cc635e9113459533984d8a0802cdd62b3b8d74c99c50488ce04b8a29d5,family_5472c00ec73378dd,2
busi,busi/benign/benign (384).png,0,busi,benign/benign (384).png,f54ffca17037a387762d6c4953faecd2f926fd3de92c67327b17770e685e2fb4,family_ebef9d725cf34cb6,4
busi,busi/benign/benign (385).png,0,busi,benign/benign (385).png,a6daa7c2f994d3a03c2ae219f5e16fd91d786ec5ec05054db91f40847caef904,family_8364e15833b8d25e,3
busi,busi/benign/benign (386).png,0,busi,benign/benign (386).png,d7e024f45c0c8760eb89ad3aab724e7f2e69221b9ef562095920a49523e471e1,family_34f020362f9b98c6,1
busi,busi/benign/benign (387).png,0,busi,benign/benign (387).png,d507742303fcb7a7be638bc9b3131843a26f53605427b48476d401ce4a330e68,family_09d00491c8d9ba89,1
busi,busi/benign/benign (388).png,0,busi,benign/benign (388).png,992baabcbf513408e58225298c0a74c12f6b47fe3a54dd1719e8e4668d4e4b63,family_789f486083d0e99c,1
busi,busi/benign/benign (389).png,0,busi,benign/benign (389).png,0f70975a14320f146d8b5d34d50a68de82bca6b31111045a8e218b31b9be2d1c,family_45ccc361fd46cea5,4
busi,busi/benign/benign (39).png,0,busi,benign/benign (39).png,d5bff6b8a43fbd526758dbbde2518e839e6a9d6df55e67248d2bcf2ffca19488,family_7a6363c751a2e7f4,3
busi,busi/benign/benign (390).png,0,busi,benign/benign (390).png,d1595484766847b01547b50ffd7e9422a1abde7ea655170c36a917a137544f0a,family_842f925645477509,5
busi,busi/benign/benign (391).png,0,busi,benign/benign (391).png,a58ac095910ca19d6eb89951ed3166a2eb69c6e253da3b3270dfbd0d80ea2bbe,family_55f2dcec7cdd7ce9,1
busi,busi/benign/benign (392).png,0,busi,benign/benign (392).png,90057245e4fd7469bec79ffb45f0a7a0f4ed65d5e6e44f5c6ff7c56cdabf18a6,family_dd6fb7723fa565e2,4
busi,busi/benign/benign (393).png,0,busi,benign/benign (393).png,338c2f49a1efb2c0c636ab596d806b24f12956aaab11e57a5e6a7ca0ca397fe7,family_ecb108eda73c7385,3
busi,busi/benign/benign (394).png,0,busi,benign/benign (394).png,43f209f6c6ffcd8b483699add386e79c5cb754c5577da921fbd58be46bafd9c9,family_bba9ab1e0fd51927,3
busi,busi/benign/benign (395).png,0,busi,benign/benign (395).png,2881914d05d2fd1625ac0a692b2ae42b36e91a66b9626571df9d699c824875ed,family_e9165e076e5430a3,4
busi,busi/benign/benign (396).png,0,busi,benign/benign (396).png,f5fe0cd2149c837d7e7f435e39172f2b51e99b5517724892cbdba6f36ec8a07f,family_fc8adf1c339553b3,2
busi,busi/benign/benign (397).png,0,busi,benign/benign (397).png,98fa84d06ce73e9e25201b41b546468c244c447aab86d414bcb35ce07b2631f7,family_63e9b5d22e1ae71f,5
busi,busi/benign/benign (398).png,0,busi,benign/benign (398).png,c5bba54b1d5341bbdcfc6ce923948ad58eb824d380f2e8e5f4d926f62cdfc293,family_03fd02687b38970a,2
busi,busi/benign/benign (399).png,0,busi,benign/benign (399).png,f9ca9bb1e481f3f17fd509efa0ef02fadb3521060a87c279b1bf76b481774dc6,family_2e657b4ddbc33f65,2
busi,busi/benign/benign (4).png,0,busi,benign/benign (4).png,6549a0053b9b3ae7efb75d0518494e86c49344469eac7ded25818214121046c9,family_7c9ea949d9d571dc,5
busi,busi/benign/benign (40).png,0,busi,benign/benign (40).png,8b1789cd82b486d69771b0247e18a96469a238a7ccc4c07df3d2df6ae6914c72,family_beb84d25fa48a942,2
busi,busi/benign/benign (400).png,0,busi,benign/benign (400).png,f823478e594b3c67cbab51421daa19ac6f4ed48cd03c49594f187a51608c11c5,family_d0d2241bb72f7fd8,3
busi,busi/benign/benign (401).png,0,busi,benign/benign (401).png,99762fc182f8f866cd78ef435dc5f33b2a2a786abfc8e3522469895cd0c786ce,family_791af7406a64cada,4
busi,busi/benign/benign (402).png,0,busi,benign/benign (402).png,096aef8c0abf39590f109a1877d330eaf90667a480fe4b09537db11d0348789f,family_c3a70334f824897e,1
busi,busi/benign/benign (403).png,0,busi,benign/benign (403).png,68283251e474e7a1f1091607c1340b4f5416f829413585025398105751a2a271,family_67d67ff06de5480d,4
busi,busi/benign/benign (404).png,0,busi,benign/benign (404).png,76f03088a978d67f8eeb784b05c26ed789696b972b6c5d0a51d9e0a8d7e382d5,family_2c50afd6873e60be,4
busi,busi/benign/benign (405).png,0,busi,benign/benign (405).png,c38606211b3159edf808c241df2bf331990344ff099a1b8c8f7628d68ffa76bf,family_66494dc064932414,2
busi,busi/benign/benign (406).png,0,busi,benign/benign (406).png,9d2cffa224a9293f9b51a60d20ccbbee11fef195a7999d9b0186891fe106dc33,family_8f70f50f31f1e9a8,1
busi,busi/benign/benign (407).png,0,busi,benign/benign (407).png,e991467dd8fd9e523b9f9f699ed85c8d07719cf30a5519719d0fe7942e626ee5,family_d2cc7ea4492dbc71,5
busi,busi/benign/benign (408).png,0,busi,benign/benign (408).png,a9338a2822d3c4b8e5532a4ff9500ba0eb7113d8e0fec587a81fc0baa86242be,family_a2a339752b7eae75,5
busi,busi/benign/benign (409).png,0,busi,benign/benign (409).png,02aa6671d01e9512367ef940d6eeb88f365f42814bfdc23e3bd19e9c894e9817,family_f1963bca4b07c2b5,3
busi,busi/benign/benign (41).png,0,busi,benign/benign (41).png,4ecdb8d9249a203451bd0c2f568a50e0614767a6ac574fa456b6c98fb43cbad1,family_7868468df130404e,4
busi,busi/benign/benign (410).png,0,busi,benign/benign (410).png,f5abaf4025a752b0e8fa3896ffa12d71e9101fe6319908db157ea70c4abe1e69,family_2b9cf394f6dc2590,5
busi,busi/benign/benign (411).png,0,busi,benign/benign (411).png,325329fb7bf84e096e239e1c737888184f6320d62a0608c74a74a568c6ff075b,family_e9165e076e5430a3,4
busi,busi/benign/benign (412).png,0,busi,benign/benign (412).png,ee74ba57f1904d2c0f524b478c21138ecd91997eb42b84899cc7930990dca8a8,family_d0d2241bb72f7fd8,3
busi,busi/benign/benign (413).png,0,busi,benign/benign (413).png,5fb9c386ea73d58735978109fd483d9e6a44b4e402d36b3f6bd841c87fea5241,family_fc8adf1c339553b3,2
busi,busi/benign/benign (414).png,0,busi,benign/benign (414).png,1c24cef47d050b313594ecd581b10416eabf27bb4cb7b0a658d4403d07aa5dfd,family_51ae01dbabf67485,3
busi,busi/benign/benign (415).png,0,busi,benign/benign (415).png,1dd953cd0eee558176d6380142344be061d0fee1cc4cdec408dbfecb7387dd9a,family_2c50afd6873e60be,4
busi,busi/benign/benign (416).png,0,busi,benign/benign (416).png,83326fd0e4396336963d5d82dc8c3ebe7fb94d889bcdcc1111e8ca26b23f39ec,family_fc95a7faf9233975,5
busi,busi/benign/benign (417).png,0,busi,benign/benign (417).png,e536c6f9f3994d4a998391a988db27323630f46eac06198a7241116ccd017a00,family_d228cdb6de052a2b,3
busi,busi/benign/benign (418).png,0,busi,benign/benign (418).png,7e91633815d220f0849a9e9481f702eb6df84e9c46352cb7d824716cfd8a2c64,family_673fecc29e0b2994,5
busi,busi/benign/benign (419).png,0,busi,benign/benign (419).png,e4ef06ad47dc089d82cad507251fa80f254b9c9da57e8545c77b39389021446e,family_91f032fc622ab060,4
busi,busi/benign/benign (42).png,0,busi,benign/benign (42).png,2a3b66dcfb666d1c795b3866abe493e573daacd5bf9f7a4908721285f1fe7cf8,family_8af02e9d30ac305c,4
busi,busi/benign/benign (420).png,0,busi,benign/benign (420).png,9e81fbb001c2c571b873753132ac25f4cf08d878d5acbe8aec43acdcce54f262,family_781c542ce16113f2,5
busi,busi/benign/benign (421).png,0,busi,benign/benign (421).png,2a3a0d0908563dc9f20384752d308e418d263c9eb4ab65cc7695ed2d93bfc17b,family_7a17e06ac925de35,3
busi,busi/benign/benign (422).png,0,busi,benign/benign (422).png,b1ab7fec394497c4b4738fd53fffcdfe892082c5832f65aa4b7e83e98c34f991,family_2d2d00ff31877975,3
busi,busi/benign/benign (423).png,0,busi,benign/benign (423).png,505d5916abeff5c4ac2274b3d9947f84e38e3db612125933a13372329f16c155,family_acb896697cf477be,2
busi,busi/benign/benign (424).png,0,busi,benign/benign (424).png,14bc40b1ef9312507333e899ee96427baeb804413e57302e7398727485cc518b,family_39bf83aebf479613,1
busi,busi/benign/benign (425).png,0,busi,benign/benign (425).png,2e779e53a6e3c9c4cb361186f6ae6d023b0a497f1b80b689c5c7542ee05839f6,family_8b6875c196e29656,1
busi,busi/benign/benign (426).png,0,busi,benign/benign (426).png,c763b05343c3e75cdd884895434dd5b244f11766888b1c281a0e88861e04ab60,family_64c118e7d5ebfa0e,3
busi,busi/benign/benign (427).png,0,busi,benign/benign (427).png,0e92cf80f3c60f7aa0cde367b99f1b63d94efac5726a62d432a4bf8cca7c39b2,family_00286d47b95992fb,4
busi,busi/benign/benign (428).png,0,busi,benign/benign (428).png,e0aa3329b8b034e32f51b19329c6a1958795f5ac28407766707348c07123861d,family_b35efe45a75806d4,3
busi,busi/benign/benign (429).png,0,busi,benign/benign (429).png,df3a852b16a21cf8e0267989426efa70ff936b5227803fe0a2ce33e7d77eaa06,family_24fcd37d289e6aee,2
busi,busi/benign/benign (43).png,0,busi,benign/benign (43).png,39f6dfa89a464e9846424e460f9e40d55a527d4a2c7e80ad6ff06b01ccc0537b,family_0ce0975f1e343c70,1
busi,busi/benign/benign (430).png,0,busi,benign/benign (430).png,c7773d68acb77e3ca3aae987b7c3a068385e853fff340660c62682412dfba767,family_b4610c298f9bf396,1
busi,busi/benign/benign (431).png,0,busi,benign/benign (431).png,ba86cd0725900e603208cd0e6cb3e66035b3994eea2eab1f87dd4fa1cfa5fb1b,family_e2a65d9197360761,5
busi,busi/benign/benign (432).png,0,busi,benign/benign (432).png,816783faef24fb5da566164d3de60d975e2a8984d4844a944921aefb7733044c,family_ae6654e77774ab9e,1
busi,busi/benign/benign (434).png,0,busi,benign/benign (434).png,71fbb5291f68d9f2170de1ca2ae80d9e9fc1e547c370d6458c80d0927ce6260f,family_a7490b7ac409b98d,3
busi,busi/benign/benign (435).png,0,busi,benign/benign (435).png,aabf45bdeb2838c9c51f94d646dbf68b53a65be0f200e190939c328ee99c0ba0,family_7f9e2b4abbbdf071,1
busi,busi/benign/benign (436).png,0,busi,benign/benign (436).png,1ce9668804fb1bc75d3bbe2eddfb87709b4981781ac7ddea276e2607f196a307,family_e874d540ff5b042c,4
busi,busi/benign/benign (437).png,0,busi,benign/benign (437).png,4c2fe6a4dec22e55775d155b9c41653ba6885fffacd225f387f0600ac9102c8a,family_42e78664aae6653e,5
busi,busi/benign/benign (44).png,0,busi,benign/benign (44).png,e64a89ab7e24bef62a1bfa6065eb809e5685609b7d8ac74331e8b518610a18b4,family_b8823438e2f695e8,2
busi,busi/benign/benign (45).png,0,busi,benign/benign (45).png,a04b6f87741aa31ff29e672917b7f2411a268c8988a1f79444d0bfef6cc03810,family_d639a15edbe5c66a,4
busi,busi/benign/benign (46).png,0,busi,benign/benign (46).png,dfd389eb67dc3a518900465e30dc4190ef7b5b78563f33ad7c14a23c83e692c4,family_4ff6a1164b16c1c7,1
busi,busi/benign/benign (47).png,0,busi,benign/benign (47).png,4a90a381de8564ea596371adcb82259b7a0823d7113901f23765deca4651128f,family_4b9b76ccd675d680,4
busi,busi/benign/benign (48).png,0,busi,benign/benign (48).png,00f93c1326878398648988bfc7fb51a21089454a7f1ba681ef81d2e7e960d4ad,family_9ff04680352dc484,4
busi,busi/benign/benign (49).png,0,busi,benign/benign (49).png,aac9a872a687dd74760f647407193d571c1d218e0d0626cb198d56576ec7130f,family_f70ee22d6583a616,3
busi,busi/benign/benign (5).png,0,busi,benign/benign (5).png,d39ae37d754d447a08a4a24fa7a4cd9b47004f4883ddeda47565e8604adbb4d4,family_1c4001ff9ee01468,2
busi,busi/benign/benign (50).png,0,busi,benign/benign (50).png,53b253c49c18492a2efc9d3c2a0def1ef29426d2f6424122d49187742e198515,family_e263a6d9d9b9cf95,4
busi,busi/benign/benign (51).png,0,busi,benign/benign (51).png,4f3bd86760a41d589f8a2261b71bc3f7e80156f50087a7bb0a6f65b242fbb43f,family_7fc4ea6470f90468,1
busi,busi/benign/benign (52).png,0,busi,benign/benign (52).png,78a10afbdd20ddaa58226a9e610a587ef1c6068a8ab056aa12a39c8f327b3b92,family_76a40f5db0112c1f,4
busi,busi/benign/benign (53).png,0,busi,benign/benign (53).png,21fa0246406b1175022b949b49da77afe10ee9ec3a6acf12217a33bfbc6258bd,family_3fb182822f0d61aa,2
busi,busi/benign/benign (54).png,0,busi,benign/benign (54).png,a289d6b30f81101da264199849279df1a11f52d62c112746cbf4f85839617330,family_628f4570bfb515b0,4
busi,busi/benign/benign (55).png,0,busi,benign/benign (55).png,e492564e299afca80a830ee4c05f3fac31119da7110e80baca7b220fca551125,family_d50dfe8498c7ed77,5
busi,busi/benign/benign (56).png,0,busi,benign/benign (56).png,b29ad34b95f06845940f121321747d795cc3263ef4cd215e0299724b1acc3c5a,family_5c01af63f95829e0,2
busi,busi/benign/benign (57).png,0,busi,benign/benign (57).png,603c6954470c92e37bc0541dc62133fa9e1958e95c9716819152721814020119,family_a8790f393acfb5e4,4
busi,busi/benign/benign (58).png,0,busi,benign/benign (58).png,21b5269656facc342dced365401be7e0b8bb197567f23b19a2d8f73ea8750c7c,family_20c344250b0d4fd3,4
busi,busi/benign/benign (59).png,0,busi,benign/benign (59).png,6802f1058a8a31c5ad6de90ef68f21dd6d0e9c393c21de43c1ff2be17accfcfd,family_a6c4b2f69b7cf318,4
busi,busi/benign/benign (6).png,0,busi,benign/benign (6).png,fb6406d1098bce434ae75470fc7c8a421ea161351f9a673c1dde2d1795ce55f8,family_baec875843c8583d,3
busi,busi/benign/benign (60).png,0,busi,benign/benign (60).png,b8b5e288211394b3cd582d3285691c9adc84846076dfa23bc887b87a56e24a22,family_d28e23b393091cb5,1
busi,busi/benign/benign (61).png,0,busi,benign/benign (61).png,8b88e01f70d1c5afde47cd51f8409f867dd5923bff31aa61df233814dce7ebd9,family_ab8fbbb0f077bbae,5
busi,busi/benign/benign (62).png,0,busi,benign/benign (62).png,53b23d3784962affa594bcc99b18ad71657a6eb4a4b8d7416639ad72bb5d65fe,family_f6bea4999187ee32,1
busi,busi/benign/benign (63).png,0,busi,benign/benign (63).png,3801442a6285a557ddd76c30106f13e0f2e1ba642c4b5be56d320b9517ce389c,family_f98c86adf2547b89,2
busi,busi/benign/benign (64).png,0,busi,benign/benign (64).png,217681d4c986f154afdc8b81a20dcf9d06ea2d2a8909fb1ff28ad1f9b44a0076,family_c98092d9a46bdfce,3
busi,busi/benign/benign (65).png,0,busi,benign/benign (65).png,31eda5a52a3f86b2e41b7734e9c7d998e6df54c7735f9e5d105ca1d3dce417ff,family_f3f21c2d9018afa9,2
busi,busi/benign/benign (66).png,0,busi,benign/benign (66).png,84dd1e4615b10420ad88fd823668bb772c51f9fbda3f62f7b19b9936063775c0,family_70bc12a5afed563e,3
busi,busi/benign/benign (67).png,0,busi,benign/benign (67).png,fdb425bfa73e5eba74787aa672899c8d673c66db21d7e4d49fad8cfa665ea73a,family_5512557e79450bac,2
busi,busi/benign/benign (68).png,0,busi,benign/benign (68).png,0a208d83809e691ce549b21b338f45ec003af47746c7630ed4278cc3b5e2ccde,family_9a95de196dde1d1c,1
busi,busi/benign/benign (69).png,0,busi,benign/benign (69).png,6264acc7da488a405dceb13bc54e59aa1500c07d8668b546cec4b0af220de24a,family_0f378b30487fc444,1
busi,busi/benign/benign (7).png,0,busi,benign/benign (7).png,6e4d03e45af912d2db9a7f334fc845da6eb1008c943a9555d4880a5271c43a37,family_f9ba48cb8266dfae,4
busi,busi/benign/benign (70).png,0,busi,benign/benign (70).png,f1f501feee59dd2b987efaa8b0b3f0b64627b88aaacae613a3aea9d7c1e54094,family_f4eca7887d0b672b,3
busi,busi/benign/benign (71).png,0,busi,benign/benign (71).png,5c4f09413447cea78ff2e3e96f353d245f2e09cf9ce614a1a57f3c094182386a,family_8dedb8acc1306056,3
busi,busi/benign/benign (72).png,0,busi,benign/benign (72).png,1249c1b2e86c26e434dc7f3356118e13d30cdd667c95de0ffcdef373f8376808,family_e0ab92bd48a2e94d,1
busi,busi/benign/benign (73).png,0,busi,benign/benign (73).png,bfe5a0813ecc1184d6d589e2d5543b8dc06fecb2a9c20c85db681df80bc83ddf,family_07e84ef7c4de1dac,4
busi,busi/benign/benign (74).png,0,busi,benign/benign (74).png,816d9f756217dd345d9b2062cb1e2a6b9f0bea30af72914b8751f0fea23fc1fb,family_212992277673ba0e,2
busi,busi/benign/benign (75).png,0,busi,benign/benign (75).png,503515d92302a59f51810ed1f074f8913ccf85b19fae5da13d75eb95323f4484,family_bfefd9c3c236f309,4
busi,busi/benign/benign (76).png,0,busi,benign/benign (76).png,a94599ff07748cc9c4925fca9ab40b2015b9044510b7b20c5d84173837dd96bb,family_8413ed2e444c883e,3
busi,busi/benign/benign (77).png,0,busi,benign/benign (77).png,420f89c9e50c0aba5f4a3a44050ffcc99e05f748cdaa1586b5f7ebee29cef5aa,family_434ca50e44bcdb20,5
busi,busi/benign/benign (78).png,0,busi,benign/benign (78).png,fb15e2304353c44448a53e881630fb67c8a58fe7339ca717874478af9fc05246,family_2100dec9dd7f06e4,4
busi,busi/benign/benign (79).png,0,busi,benign/benign (79).png,218786a4093c7b35c4d5d6a63b5036a40298529e9320bfa4657678d33a64bb86,family_2ced102159f179bf,5
busi,busi/benign/benign (8).png,0,busi,benign/benign (8).png,084bbbb6e16ca8cc9e0f920d08f4ab7b858034753abaf1e8766db7456c3adabb,family_2c3f7aaf98e70728,4
busi,busi/benign/benign (80).png,0,busi,benign/benign (80).png,49aec6747d23345c755e3eccc1c5b4e5599f6191a2a3b2fb018f0b6a3aa8f0a9,family_5c512faeaf6164ba,3
busi,busi/benign/benign (81).png,0,busi,benign/benign (81).png,6b25b8140320aa6e699a8f77a6766890735f84fa777bd8b88d8f23542927a862,family_22b0d1d7955a588c,4
busi,busi/benign/benign (82).png,0,busi,benign/benign (82).png,87e2084c616f11a38d943c6658b30b05470ef6053f88524ebf8a3ba31f9e2cd7,family_91df33de0b7cc6b1,2
busi,busi/benign/benign (83).png,0,busi,benign/benign (83).png,9960b54d47dfbe805175854facad08bd1f022597299539317d829cc1b04f5f86,family_395983d770ad023b,2
busi,busi/benign/benign (84).png,0,busi,benign/benign (84).png,708f4d96d159a6003c3d22bb7143508c476c86dbda605165ee904d390b4344b1,family_0f694988a7a2bad3,2
busi,busi/benign/benign (85).png,0,busi,benign/benign (85).png,c73e911aa903c971d2b241f4d6ab4a8054107f458c09720610889ba9bc6c6be5,family_ad42da95069a724e,5
busi,busi/benign/benign (86).png,0,busi,benign/benign (86).png,05c28d5bd84691c3de036ddc10a70ffb5ad27f7421c763dd18ed96083ae3dd05,family_d8e56bc742e6ae15,2
busi,busi/benign/benign (87).png,0,busi,benign/benign (87).png,d9a35a37ab3c028da62fb67ada774934ef98f8e1efffe6e873bb40b9a5792070,family_e7152c61639513d2,5
busi,busi/benign/benign (88).png,0,busi,benign/benign (88).png,06197566937fdca1be49d99dfe5507fbb2c349d34a5dbd0597194e97a100d329,family_4f8849a2fa889994,1
busi,busi/benign/benign (89).png,0,busi,benign/benign (89).png,70bd99d522139b6ddb0080491c75530afa2f96be6db113b6700b9510def26018,family_515720c3fab3ea4b,4
busi,busi/benign/benign (9).png,0,busi,benign/benign (9).png,78296c46e4c5a7bbb161114b958fd31ba26eb5cad3ea6261917bd7b421e564d2,family_a0fd0588efc7b121,3
busi,busi/benign/benign (90).png,0,busi,benign/benign (90).png,e91d54ba2d0fbe74b75e7295025647b40af2cf2686a48c8d25c3c836b78005e2,family_1bd6198e2efeb9d4,2
busi,busi/benign/benign (91).png,0,busi,benign/benign (91).png,95a058133f8c10954543a1f4cd935bc536987a063dea086d5e71b84f92e01b88,family_60bceccdd14fc867,5
busi,busi/benign/benign (92).png,0,busi,benign/benign (92).png,f0f031b1989e22a9053ef7a4f4d69a651297595c6679c6f10b62fd08d630f3bb,family_ff862362bf160f1b,1
busi,busi/benign/benign (93).png,0,busi,benign/benign (93).png,49f9694c01e11fd8466519502b9ba6672872536fade29a40790c018154b0c383,family_d639c5203b9ac34f,3
busi,busi/benign/benign (94).png,0,busi,benign/benign (94).png,c26a1139e106f51268c47721970366c0fe018af533e1cc0d046454359ff28d24,family_2de822a02b92ac0e,4
busi,busi/benign/benign (95).png,0,busi,benign/benign (95).png,e39fdcf94d275614a8817c26263ff8531089b8a7298c8b4fd27d27cfe5b54c32,family_e600660d5f907be0,2
busi,busi/benign/benign (96).png,0,busi,benign/benign (96).png,ca0b3f57fc3b29f0717e27011c5d1f6e725fa1e3534d9145696f1f0bd8eb4336,family_2cd33238d7473317,4
busi,busi/benign/benign (97).png,0,busi,benign/benign (97).png,b600df94e98e8eb5f6007379af68b65cd860ecb721934e3d7f8d4ea0243e1397,family_3c9ecadfc3df247a,4
busi,busi/benign/benign (98).png,0,busi,benign/benign (98).png,4374c02e3e00ac000f23028f3210b2c52ce7cdc77827e867d3c504a517befcc4,family_91a75a72f251f27d,5
busi,busi/benign/benign (99).png,0,busi,benign/benign (99).png,3d10582205607a772428743f4f8057eead6307a895852cdc1d461f9c23f050e1,family_f3f21c2d9018afa9,2
busi,busi/malignant/malignant (1).png,1,busi,malignant/malignant (1).png,278fe7481bf190da2ffcfb27d52120b376f63cd660e33fe2b088900b1852e346,family_fa5ffcefe3a92c70,3
busi,busi/malignant/malignant (10).png,1,busi,malignant/malignant (10).png,a04fe0f90a9c6405499864fc7cd3f9caa8619858d8772b6f0087c39456eef37f,family_16dbdc6e69bb1019,2
busi,busi/malignant/malignant (100).png,1,busi,malignant/malignant (100).png,64c3d90f45effae5d977734f865ab1aa6114936d986408180ecdd8591d3a5a93,family_9e2f380daaecf482,4
busi,busi/malignant/malignant (101).png,1,busi,malignant/malignant (101).png,6a681818f2d32bbaa6cd4b22800e5e9f0c0997107d6535f884dc9214a63bea00,family_95cbb3c6a1058ac1,3
busi,busi/malignant/malignant (102).png,1,busi,malignant/malignant (102).png,c7ebee29585d21a58244b6aae42c2a9d3b0f6d0979aee3198cc418a455f70810,family_ccdaf2abe012e5d8,4
busi,busi/malignant/malignant (103).png,1,busi,malignant/malignant (103).png,5de425d80c0183a267459ffda06ee20d011555d502172ec472136ee0fcd28cf8,family_7447fea7fd310f9c,3
busi,busi/malignant/malignant (104).png,1,busi,malignant/malignant (104).png,e5926157fb81b4a678454d01547268a906a482a6ff727b68da1a36647e47e85d,family_81efc380814eaf1a,1
busi,busi/malignant/malignant (105).png,1,busi,malignant/malignant (105).png,6f0a3eeac25c41173a2fb59876550f459a83ef1d6be05fa9f7b3bae993ada2b6,family_4d08d3dc42dc3a6c,1
busi,busi/malignant/malignant (106).png,1,busi,malignant/malignant (106).png,987a8f1ebfa1b3189050e5dfcbb406f52e44cba05a6fde02465d81764aab2002,family_cbf0963ecc144030,5
busi,busi/malignant/malignant (107).png,1,busi,malignant/malignant (107).png,2d1d3a694e4f35ee9d3fe2d674c1d3cd14fde706e47185d7e99c1e868f3bed72,family_883e6a1a728a466a,2
busi,busi/malignant/malignant (108).png,1,busi,malignant/malignant (108).png,2b1d403f37f3720a0331dc7e823c45aeaac2fd7a7d831cb87d0aaf14288caec7,family_59bc96a92efa9ecb,1
busi,busi/malignant/malignant (109).png,1,busi,malignant/malignant (109).png,e121da3fdea6dd08983edb527eaf08897584dcf639c6130f44fca4b74237f001,family_1572a1b8c293121e,5
busi,busi/malignant/malignant (11).png,1,busi,malignant/malignant (11).png,6ced814172ddb5ec4f89abdff4fcd4756c8d40d945d174bf9ad4d58a5e9d2d1c,family_7a52a21a4bd04494,5
busi,busi/malignant/malignant (110).png,1,busi,malignant/malignant (110).png,6175a507babfe30a794eb43d1ff7e1503e49a746ea9c6aa3850e8440b1132249,family_1e9d3a43b94d8950,3
busi,busi/malignant/malignant (111).png,1,busi,malignant/malignant (111).png,06971ff4096c206e480717a64f31776d86ca97b1660d9d637c05b6f865dd7a4c,family_1518fc6ee5533d70,1
busi,busi/malignant/malignant (112).png,1,busi,malignant/malignant (112).png,b9576557a8dc4bdac4f77edaa9269027572cd4faf82753f1668bf4c1f814f91c,family_b07f5b272de38996,5
busi,busi/malignant/malignant (113).png,1,busi,malignant/malignant (113).png,d834761844e1c96db8f646ce3a956d80855dc90ca52c1c27a480e5aeac7e8f58,family_dd3002f84dd72f19,2
busi,busi/malignant/malignant (114).png,1,busi,malignant/malignant (114).png,c9bf36190c0d2470e4bed05e2a17dc4d6e9920c7102d93add7af4da60fcf1f0e,family_1f4ffe2c6b388faa,4
busi,busi/malignant/malignant (115).png,1,busi,malignant/malignant (115).png,4fe36c7097c374349d572adcfc5582a8dd0fb249fb3e33860c1d1f3d7c8bdc5e,family_93a5493decac4bcf,5
busi,busi/malignant/malignant (116).png,1,busi,malignant/malignant (116).png,eef0c695122f4210a33e1f96c89c94911581f1ec4cb5d225dbdb952036e19e39,family_10765daafcb2fac5,2
busi,busi/malignant/malignant (117).png,1,busi,malignant/malignant (117).png,d27f610666ad9f1e0613b9eac770a63a492d490c9a459cd651a6e25088eeea7e,family_4bb2d8871ef274f6,4
busi,busi/malignant/malignant (118).png,1,busi,malignant/malignant (118).png,77440c7aca8ed37b0fd067178d48f81447a8d5efea2bfc995ea652a31529bdff,family_6e766b9e1b7cec70,4
busi,busi/malignant/malignant (119).png,1,busi,malignant/malignant (119).png,2c02e8807fe2fa5a7e6181dc027e97356548ea4fbfd053454d6143c9d5b04f8d,family_6e766b9e1b7cec70,4
busi,busi/malignant/malignant (12).png,1,busi,malignant/malignant (12).png,40c0cbc29b22b71803b79d414056333cac6278de05846146d5004fed21c8ffdd,family_bf5fca990aabf3b5,2
busi,busi/malignant/malignant (120).png,1,busi,malignant/malignant (120).png,a8f07359654ac200b3e55e4f4aa76a573f9b994dec156e084a24b20a87b7ae3b,family_b0910ed45523749a,3
busi,busi/malignant/malignant (121).png,1,busi,malignant/malignant (121).png,fe85d9e46bc70431ea4336f6d38920367442cd4ffdba4ba2373278d3f7bccfea,family_c6946f1c58624d74,2
busi,busi/malignant/malignant (122).png,1,busi,malignant/malignant (122).png,877fd074ec0cebeb80e464faa1349123ebd6b88adfce38775d6a6aa6cd7a5964,family_2f2c456810a66b24,3
busi,busi/malignant/malignant (123).png,1,busi,malignant/malignant (123).png,20ba9058e2efb6d3d64bd6b6d05f3f2864f38ffef7fad85e0230d000ed1285bc,family_252b855cd4dd3936,4
busi,busi/malignant/malignant (124).png,1,busi,malignant/malignant (124).png,66786737319a0802f67fb6f25104830b5a33ccad61bc41fa6e833de0b619defe,family_8e3e92dd0719a47a,4
busi,busi/malignant/malignant (125).png,1,busi,malignant/malignant (125).png,5bd17d7423744c03f8b1052ef22264c2bcaa0b94529964a7aa83ad427aa70387,family_1a6040579e7218c7,2
busi,busi/malignant/malignant (126).png,1,busi,malignant/malignant (126).png,9fcdc04628658301fe4603f2c4756ed7cc29477f8318d5cbb1b116d0ee78a415,family_0c933d421d6d6e1c,2
busi,busi/malignant/malignant (127).png,1,busi,malignant/malignant (127).png,9f06091cfa51cdb7a8a75e30fd19536d7eb2ad1c51c5bcca0307d88155bc3427,family_40aa3ba8f7c8d479,2
busi,busi/malignant/malignant (128).png,1,busi,malignant/malignant (128).png,b0eed393d49fde4b5981664c2956d6e6fd36f96c40c24d0e92bc7eb8ff77aeb7,family_7d20a3820c60f00b,2
busi,busi/malignant/malignant (129).png,1,busi,malignant/malignant (129).png,eed48a7017a598036960e72033ad8326a2a6762b3cef168854e573bbd889d37d,family_a361eaaf085059fb,1
busi,busi/malignant/malignant (13).png,1,busi,malignant/malignant (13).png,991fdd0053f84a9e5e4651408aa830b0b5b77a0977454971a7f5c0506590f081,family_850816f03d27c02a,4
busi,busi/malignant/malignant (130).png,1,busi,malignant/malignant (130).png,65deee4ebbb83bd6c80a7a6f8e45063940979e597a20eb3eff568c9eaa009f75,family_82810e21f41ed782,3
busi,busi/malignant/malignant (131).png,1,busi,malignant/malignant (131).png,3b0434f680b628c47880d104da42a7adf930f809b2bc8c411c4730f00bed26f0,family_f58033780f020fc0,1
busi,busi/malignant/malignant (132).png,1,busi,malignant/malignant (132).png,a293fbd054d49535aaa8af5e53926d2d23f7dccd0718451018a0e1d815731567,family_4d3da356b790b6a0,4
busi,busi/malignant/malignant (133).png,1,busi,malignant/malignant (133).png,8d5f099076dad704689aa4e3c5c18f8919c12a8720e5dca0c2bc7c08c4edb068,family_d0e2657fade8d590,1
busi,busi/malignant/malignant (134).png,1,busi,malignant/malignant (134).png,5f5b79e7f88ef0444c8ee2364f797ddd3ce7d95a6fc53ddff22502532d0b2775,family_3bc927893c6bf564,5
busi,busi/malignant/malignant (135).png,1,busi,malignant/malignant (135).png,0736a47eb124ee726a6424f58da56e630bea2b59a8f2617b9d9400c2961fdd86,family_3fd42fec323fe8b6,2
busi,busi/malignant/malignant (136).png,1,busi,malignant/malignant (136).png,5f74c98b0c3c53f86312a3ed2f1ca4d4786d9fab45cbdde60ab12b3f914c329a,family_cf9a36628acec4c5,2
busi,busi/malignant/malignant (137).png,1,busi,malignant/malignant (137).png,cca3943f89ecd10221a2b7f8fa77495682cf10c9badb4c31358d8d4b9485a613,family_469aa98283ed5715,3
busi,busi/malignant/malignant (138).png,1,busi,malignant/malignant (138).png,ac1259176048f00e92ea1ce32b18f04a9a160dec22759a7ab7beccdd522775b0,family_a27a9f1bbc51fb75,1
busi,busi/malignant/malignant (139).png,1,busi,malignant/malignant (139).png,0b50beee4a0927e397ad4a1ea65095995dfd520dfe0dad30807dbb010b618003,family_c102d0225412f505,1
busi,busi/malignant/malignant (14).png,1,busi,malignant/malignant (14).png,7b8c250ca711dea86fd6b789c877e38c6eccdef57809f7853db5f9c798deed88,family_252b855cd4dd3936,4
busi,busi/malignant/malignant (140).png,1,busi,malignant/malignant (140).png,59c173eb84deb59d5c3f6cc4f9655fcd699cd02eaf4da48bb4201bc5c178a718,family_497729333736465d,5
busi,busi/malignant/malignant (141).png,1,busi,malignant/malignant (141).png,2a147db60bd4888362f4f78f40c5b6a999179cb08f57b6baf7ab7e07fae40b60,family_c786fdc644d0dc22,2
busi,busi/malignant/malignant (142).png,1,busi,malignant/malignant (142).png,17cc941a9c00560cfed06413ecbd04ea56561e6994128ce188f1b63ec6dd58d1,family_8743fc4fb9ed7ec7,5
busi,busi/malignant/malignant (143).png,1,busi,malignant/malignant (143).png,01c552a05fcfc202b31da13aa8bf58aefc56eca1d94ec8ede245646e4ca01922,family_727e708903772186,3
busi,busi/malignant/malignant (144).png,1,busi,malignant/malignant (144).png,f1e5b846f163d6707d2b8fb3f837aeca0914cbb5410f8b43f56d210748efb6ed,family_d00cb96c6f0b5826,2
busi,busi/malignant/malignant (146).png,1,busi,malignant/malignant (146).png,ee257ebb7727445332be548b38123c2219607e25d8ae84baf604892a0e4eb4c6,family_5a70597900bd330c,5
busi,busi/malignant/malignant (147).png,1,busi,malignant/malignant (147).png,c73e4498f71f5b89994f7cda6a0c5a7a0a9cc35af4b5dfae41eea8836e2a194d,family_770259c71a8fed0a,2
busi,busi/malignant/malignant (148).png,1,busi,malignant/malignant (148).png,92e6b57d74173719646d1b0cec950db906725508a6026bbe6bf2694f0046c413,family_ec9a6110f4956263,2
busi,busi/malignant/malignant (149).png,1,busi,malignant/malignant (149).png,6e68cc80b87dc5105235f63b7024fa0d5f92081e794f91d34893b7d51c4fb46c,family_1e3d25ca5fcd227b,4
busi,busi/malignant/malignant (15).png,1,busi,malignant/malignant (15).png,d396fd284162eb14590ec83abf1a32e68bc9b8f784e3d1052e41eff8644f43af,family_1518fc6ee5533d70,1
busi,busi/malignant/malignant (150).png,1,busi,malignant/malignant (150).png,df61a30e0bafc538078473e99366d8fe625d500a850c59d8c9693be10fe0cb7b,family_87d6837f51a4148f,1
busi,busi/malignant/malignant (151).png,1,busi,malignant/malignant (151).png,d3b1a74683753e934ed5613968371008323bb40cdcddc7e3dadf13a4f33a5a13,family_055b653ab49dcf57,4
busi,busi/malignant/malignant (152).png,1,busi,malignant/malignant (152).png,bafc2e577c06c3e86cbc220e9a4d01832a79abedc6c0d13c1e2a836e60cd5395,family_4fdba143fc2c3403,5
busi,busi/malignant/malignant (153).png,1,busi,malignant/malignant (153).png,64f3151ff313a19894d18b3feac5b49c06c25387fbcbef51187ba601a2355707,family_acfd0c6ae829a37a,5
busi,busi/malignant/malignant (154).png,1,busi,malignant/malignant (154).png,e6151c254d956133e18a52ee9000578a18b8080570893fb2008524e95a420585,family_3a70aebbe8d008ae,5
busi,busi/malignant/malignant (155).png,1,busi,malignant/malignant (155).png,75442df41aec7c7a2aecdab885117ba44370b729446dbfd425c1c96e19bcafd3,family_c8ba5df9b30b1c9b,2
busi,busi/malignant/malignant (156).png,1,busi,malignant/malignant (156).png,3e0884bb4e3ce6df0825018b756aff7f77631f0852bfc48076cf2c614fae6dac,family_bc23afd2c8b7b60c,1
busi,busi/malignant/malignant (157).png,1,busi,malignant/malignant (157).png,57ceeeddfa2d07890e24f1cba9689886d2c2dcd46798a251f46342f7a856df6b,family_f93d397e43e3fd4c,2
busi,busi/malignant/malignant (158).png,1,busi,malignant/malignant (158).png,28e34bb7b4d0ea9fe0833e4ba62e212145158edc0c07c6f764dd8b024252477f,family_08f7232718f340c5,3
busi,busi/malignant/malignant (159).png,1,busi,malignant/malignant (159).png,76eb2464b721d4aa50149a9aa26e2efe4fb991de6fa0c6cdb5e97b2fad2be32b,family_b767512f3cd8ee6c,3
busi,busi/malignant/malignant (16).png,1,busi,malignant/malignant (16).png,daadc9f5904895a217f1474daade2c4522d62d3de45683d460c07a0c5fb6015c,family_6bdae07b7bb9de1f,1
busi,busi/malignant/malignant (160).png,1,busi,malignant/malignant (160).png,f383418c42eec495e1bcb0ebfbf20d210742bc3321ee7536b6a692b2c78fbe02,family_d529b1984efe20d2,3
busi,busi/malignant/malignant (161).png,1,busi,malignant/malignant (161).png,468cfabd042a7414628b836862a2eef23d7898927a960c4c2b11a08349fc2a00,family_ed51e554a4d68046,4
busi,busi/malignant/malignant (162).png,1,busi,malignant/malignant (162).png,a2bd01ebba4504c260666fb8d9e0ee6f4bc184849079cb7901ebf4f82757555f,family_6fa8acf46d89a0bd,1
busi,busi/malignant/malignant (163).png,1,busi,malignant/malignant (163).png,7e9308afaaad1b6fa59e5ea45c7383e63a191a5ea3e30507691e4451c3f19f5a,family_75db044026866e3c,4
busi,busi/malignant/malignant (164).png,1,busi,malignant/malignant (164).png,07bd2c0b8d577b29ba347c960adade79c08d7e485f28485d96cae7766eaf818d,family_6615df37b48d9321,3
busi,busi/malignant/malignant (165).png,1,busi,malignant/malignant (165).png,305860eef1c4a9b3388d71a06394ce037514644b4bd6d3996ecc05cc50676e8b,family_bad37cc26cee09c8,4
busi,busi/malignant/malignant (166).png,1,busi,malignant/malignant (166).png,30b210eb474a7c87ceab9db0d0d9a8ac256321a97397e04d3eae9b936b63b9ce,family_551398678a90d3d4,3
busi,busi/malignant/malignant (167).png,1,busi,malignant/malignant (167).png,f1422e9c69d54de8e07ac7aca853752ca8bcbdce2c99952edc485f0f57e48ac8,family_7836cca59966289b,3
busi,busi/malignant/malignant (168).png,1,busi,malignant/malignant (168).png,578fa7cf105ccf55e8e88b2acffa6a7643b1507d751b7747d9799e3483994eda,family_27b747581dab5aed,1
busi,busi/malignant/malignant (169).png,1,busi,malignant/malignant (169).png,a99017f23def8a1c165fad14ee7ad8b3e7229cfa90bafbb920dbb632b8959e16,family_b9e04cb5ad830569,4
busi,busi/malignant/malignant (17).png,1,busi,malignant/malignant (17).png,110d7fdab47a7db6cc42b3c30165c364dbc966c18856d8a8e382376fe6317344,family_d3046087770ef2fc,4
busi,busi/malignant/malignant (170).png,1,busi,malignant/malignant (170).png,1f805a71792975ee5b6cda5b2430f10ff68ebd043b5eb7c5fb26e245a88bfe61,family_ec5b6a97c5a41936,1
busi,busi/malignant/malignant (171).png,1,busi,malignant/malignant (171).png,da024eded8e3c42291a0852093e8906b5e563462caa4b509cf19d7a5f018cd46,family_36e4119f8560f81d,1
busi,busi/malignant/malignant (172).png,1,busi,malignant/malignant (172).png,5763dc2b0fce113783379f428b8ef9246531b5d21c17bd2eed18b3d33bcb2e46,family_8ac7e8115c4c98d4,5
busi,busi/malignant/malignant (173).png,1,busi,malignant/malignant (173).png,b200b93a5c2b0f8d8ddc92e7a6b04c951dc19f31466930c81bb9cd2ee31b8bc1,family_ccaed169fde8e9c7,4
busi,busi/malignant/malignant (174).png,1,busi,malignant/malignant (174).png,122b9acf074c5a63bd6e308603a928f6b70cee4fe4e3a6f233748a2a194ee430,family_1ff04669aa9b0929,1
busi,busi/malignant/malignant (175).png,1,busi,malignant/malignant (175).png,6bcd72fca18bed21fad3dd9e5cd1ee43d2925ac6c27eeb87cb6767a44e2c6a92,family_267949ddf12a6b26,4
busi,busi/malignant/malignant (176).png,1,busi,malignant/malignant (176).png,b81a3afc5fc7aee582320ebad1ea54821ca931b09e8d69024e2c68ed4dae8c96,family_6a67d713de31cd7b,5
busi,busi/malignant/malignant (177).png,1,busi,malignant/malignant (177).png,660adf9aa4aa111e17ca962181f7e564846b79e3e7754b69f5eab18f8b212492,family_e2d92b76a258501f,2
busi,busi/malignant/malignant (178).png,1,busi,malignant/malignant (178).png,44193b44ac03fd36b5404b9ca930ab03e27503057aed696ca989ba4e7010a12a,family_6501422955e39e32,4
busi,busi/malignant/malignant (179).png,1,busi,malignant/malignant (179).png,1710726133e5ecdd310e6cd9acf9c59bb4bbd1d0aa7cbd5e2f4275be9bcb7abd,family_3e1d8c0a1a057785,3
busi,busi/malignant/malignant (18).png,1,busi,malignant/malignant (18).png,69e1ad0397c2541530354184626d05faf8f816e81c572747a280ac4cf6d82fec,family_10765daafcb2fac5,2
busi,busi/malignant/malignant (180).png,1,busi,malignant/malignant (180).png,ef24faceea9b1fafb31ac96fd247c2c0ad477a64cb9db9959cb3d3fa656530c0,family_b31ca3e327e36f28,5
busi,busi/malignant/malignant (181).png,1,busi,malignant/malignant (181).png,b1dcad00489d3a6f4ac5e15e4477fecd9522db008aa4300ce2e976c39abae5fb,family_f707075934282b45,3
busi,busi/malignant/malignant (182).png,1,busi,malignant/malignant (182).png,ca3a29c0a0d8817e45e5f7115ba87eef8a10628483b3149a81c875a8da2b01d6,family_c2faf3faf121b2dc,1
busi,busi/malignant/malignant (183).png,1,busi,malignant/malignant (183).png,308f5235e1967aadd6f1a3d48ba8d8ed7170a1f00f2367a4a4c980674e0956b1,family_4e2815e7459b4746,3
busi,busi/malignant/malignant (184).png,1,busi,malignant/malignant (184).png,e29c9087c87795b71333e736bcc36005fe379cb6fc48acf62d7b2d920888896e,family_8063579692398290,5
busi,busi/malignant/malignant (185).png,1,busi,malignant/malignant (185).png,a2459abd152ea8d441b657869eb65565709802cc6477a452992061e29c5fefea,family_3c3fec263bfc3929,5
busi,busi/malignant/malignant (186).png,1,busi,malignant/malignant (186).png,6501cf00b00d16adc8622cfb025c9cdbd8766326469687e29efc16ad875dae2a,family_709873d632be3bcb,2
busi,busi/malignant/malignant (187).png,1,busi,malignant/malignant (187).png,24566b56ba64b4cd346438d4c5992bf26a4e706835ce1d60663f1e2aba8f1bad,family_745dccf3159a6ec5,2
busi,busi/malignant/malignant (188).png,1,busi,malignant/malignant (188).png,40dddacb07c72c04e0b086d35bcbf5b526a18c9fc6e8bfe375d3760f986b9cf0,family_a0361ffa5f726d10,4
busi,busi/malignant/malignant (189).png,1,busi,malignant/malignant (189).png,3e76182d9925357bd47bbd1c55d326ec411be1b924f9e21605a5c1b3b0116aee,family_6472acbfa5b28635,2
busi,busi/malignant/malignant (19).png,1,busi,malignant/malignant (19).png,1ad7d7636fe172c626ccf939dd3f8a82586c977e799e90402fdf5bfcabbe673d,family_94aeb7318edcc22f,1
busi,busi/malignant/malignant (190).png,1,busi,malignant/malignant (190).png,5b1975d50560db2eb101dcf7fce8619c9fd4c2602f3d3652c8f460c086bfa0a4,family_73afa2ec459966c5,2
busi,busi/malignant/malignant (191).png,1,busi,malignant/malignant (191).png,04bbc8e4a4fe3f59ba75e40f369440144d2b60d328b5a2fa727efc3e66821934,family_a30707e881f7aef8,1
busi,busi/malignant/malignant (192).png,1,busi,malignant/malignant (192).png,c215971016646d9b521770d5dcb209fca2afa654fd9d41122b0a17d4d94a946c,family_0dec63d05347fa6b,5
busi,busi/malignant/malignant (193).png,1,busi,malignant/malignant (193).png,efda233af7afaf0ad4264dc78b4de94cc074ac86fb661a5eb19898834b9d33a8,family_fc6d6ab2ea2b4220,3
busi,busi/malignant/malignant (194).png,1,busi,malignant/malignant (194).png,d4da4afeed5921f4164ff7037e586e06eda7869a92d2a8a190efea42363b5619,family_478751e4789b3ff8,3
busi,busi/malignant/malignant (195).png,1,busi,malignant/malignant (195).png,d91da657d129d5205cf152e7c7195c45af8d198a0c97d2f1bf8348df4df08160,family_9e7d898e3808619a,2
busi,busi/malignant/malignant (196).png,1,busi,malignant/malignant (196).png,7224a71cc3a0da98b7957a5ca6fc4707bf9a97414eb961b811be580cf4d418e3,family_a866693a91a49370,4
busi,busi/malignant/malignant (197).png,1,busi,malignant/malignant (197).png,93ad8b7c48f8d9c27ecdd840784ede932585872d94bafc550007bf5f27e12a07,family_d4dcc1dd4fc24e13,5
busi,busi/malignant/malignant (198).png,1,busi,malignant/malignant (198).png,31b6fe0c9909b8491c117a0f2f58160df0d6b2980e15b3a44a8e5f095935bfa2,family_74eb55417d05f2b0,2
busi,busi/malignant/malignant (199).png,1,busi,malignant/malignant (199).png,3fb4612257fe0a35bc4fc13e23051b28f7cfa122a808ff87deca7f946fd4205d,family_ac1ba81ecba4da9e,1
busi,busi/malignant/malignant (2).png,1,busi,malignant/malignant (2).png,4decf6277f7447dd6f8771e2edca9eed2b1cf5174b92ad521974fa98be35085d,family_1edd60d33dabfa73,2
busi,busi/malignant/malignant (20).png,1,busi,malignant/malignant (20).png,fc6c0f08eaee7bb8167497c92742b055bf961b3b6b4cb78979158f9b7a9879b3,family_4ef3f9b3863b0774,3
busi,busi/malignant/malignant (200).png,1,busi,malignant/malignant (200).png,fde271d16a1477ad865b120bdf850c949a10996ccaa0bb0d472a269e88820d53,family_4b1a7e680af6f25d,5
busi,busi/malignant/malignant (201).png,1,busi,malignant/malignant (201).png,5bd120bcd65b51a37c6c416990a0a7f93a2110267482e1969b7b6b019638db52,family_f08041a796a73bb0,4
busi,busi/malignant/malignant (202).png,1,busi,malignant/malignant (202).png,5c9feb09e84e612352a08889067ca1605e5b8e52b1d7137fc67646211cc56c87,family_a5b6fd5467d615a8,3
busi,busi/malignant/malignant (203).png,1,busi,malignant/malignant (203).png,91c94dfd63d3f244200c10805b2c339eb66fded2c15bec8255d5bf539ed68485,family_27174d140e303ecf,4
busi,busi/malignant/malignant (204).png,1,busi,malignant/malignant (204).png,3ef5fd522f754be8eaac43832d34b80b883124b83917b0d7b7d03664ec3a1122,family_b73b8e8fc701756c,2
busi,busi/malignant/malignant (205).png,1,busi,malignant/malignant (205).png,241ccf5dbc5b80951dcce81450ff8f3d030c33ceb801155432ac4b4d3a5d12aa,family_8514f7958be5ca16,5
busi,busi/malignant/malignant (206).png,1,busi,malignant/malignant (206).png,827c34874e81aec87bf58b6c53a85db26666eea2c319c82cb4cd2bf593faf7ae,family_0fafa40c0b3e6785,1
busi,busi/malignant/malignant (207).png,1,busi,malignant/malignant (207).png,20d79aff44c6e65794d5e3b635a2f652af8d96a960aed54a44feee98fd408ae0,family_7af455aed36223e3,1
busi,busi/malignant/malignant (208).png,1,busi,malignant/malignant (208).png,572b04b24730bfbd30efddf90a454009759356b3024f3fb3621cb1f6e2b80693,family_6bbca915481db02f,4
busi,busi/malignant/malignant (209).png,1,busi,malignant/malignant (209).png,d271b1ff5f3240582ba50ed316a0b2faaf520eb1120c954c5625e0d4f2736769,family_59563963f51eb9ec,4
busi,busi/malignant/malignant (21).png,1,busi,malignant/malignant (21).png,98065d9890691ea398cde3c4e3798d370fc6efdb2ffecfa5e692e1c293305845,family_31264517be326d5e,3
busi,busi/malignant/malignant (210).png,1,busi,malignant/malignant (210).png,fcee6253c4d9d04a893f46ba8a5107027d94e6ee0b27c5569904df22995fd0c7,family_a7ffd2f91789549d,5
busi,busi/malignant/malignant (22).png,1,busi,malignant/malignant (22).png,4dead9ee872c6663cb63a5cb19866738888b8bec32de4a8be833bcc805c51ef0,family_72ef3e126364459c,1
busi,busi/malignant/malignant (23).png,1,busi,malignant/malignant (23).png,10e7a1832c5132fd62841a730910cab21915c75c6f3a01efecdb5f9bf597b751,family_4e2447a93df993cf,2
busi,busi/malignant/malignant (24).png,1,busi,malignant/malignant (24).png,730f5351f7b59ecc07ebe90fca330fe65aef6ec5aaa56a1de1544fbfff564aea,family_fb098da966fd4257,3
busi,busi/malignant/malignant (25).png,1,busi,malignant/malignant (25).png,878f70344eaf2bb7c1a577969615fe26b1f951a2bd578868774e5836a632cb42,family_b486d8261bf1b71b,4
busi,busi/malignant/malignant (26).png,1,busi,malignant/malignant (26).png,8848e850555785ae089ddf88d194ac6385c48788f62a83953837477a85f91628,family_f0cba831bcd480ca,1
busi,busi/malignant/malignant (27).png,1,busi,malignant/malignant (27).png,396fd4ebaa391d03c2c0bc0074d27bec98c50afc0d5d756e841066a14b6f8110,family_51885670e9051104,1
busi,busi/malignant/malignant (28).png,1,busi,malignant/malignant (28).png,a97368084193cf3eeab6e574fbbd87b29384f53723807e322692f993c297a8a4,family_51885670e9051104,1
busi,busi/malignant/malignant (29).png,1,busi,malignant/malignant (29).png,4bcb7f282753891124ac86bd9e0da1098523b858edb325e05360441671b7d0d1,family_3ec52f7c5cd190e1,3
busi,busi/malignant/malignant (3).png,1,busi,malignant/malignant (3).png,3489fd297564622b3f2d0301017d092dd03e4722caff26f03847df6d5dc2ce86,family_0f268326bf3c218a,3
busi,busi/malignant/malignant (30).png,1,busi,malignant/malignant (30).png,19d0f48392ff0ce077dc73ef9fc6047c733495dcd3c6e8a09f3616c855bac01d,family_f044fa1d573318d5,1
busi,busi/malignant/malignant (31).png,1,busi,malignant/malignant (31).png,7dec7a0355187bcc135a955ad1837173a9b0073b11efcf4377d7732dcb37d191,family_577a40e897bf8f55,3
busi,busi/malignant/malignant (32).png,1,busi,malignant/malignant (32).png,068b4c17a89d4fbf54b58443e6c41056df974be75d4999aa0c5a569f6aba42c5,family_a410f1757a0b7327,2
busi,busi/malignant/malignant (33).png,1,busi,malignant/malignant (33).png,9541c42d356adf07cde187b7a487ba45671fcbaba37eb735db2eba5d911c9430,family_c0956c17e3176da5,3
busi,busi/malignant/malignant (34).png,1,busi,malignant/malignant (34).png,94d33f13e28d13f75d03c55a93eb77b27ee132acc7321223b87da97c3b888fdd,family_c57c510696b3b746,2
busi,busi/malignant/malignant (35).png,1,busi,malignant/malignant (35).png,ad3cee55cf00ef13e00e11f5f8d0b07528aa53f862f146f45fdf388b099bcc25,family_4862909604b71117,4
busi,busi/malignant/malignant (36).png,1,busi,malignant/malignant (36).png,2902fa9f9c5d5053d56778578b83be46b765e4445940ed5bd8b7d3c2047e31b8,family_ff0039f752ee3e1d,3
busi,busi/malignant/malignant (37).png,1,busi,malignant/malignant (37).png,115b1c795217ffb7ef1df54c9a7814573bdd8f12f94be9183d5df480db326c96,family_c8bf049af26f577e,3
busi,busi/malignant/malignant (38).png,1,busi,malignant/malignant (38).png,125b86683b3e81694acad39dda7807d077bf4cd9e3f8b6abeeb3c81b154676a2,family_c4c55b3d28384071,4
busi,busi/malignant/malignant (39).png,1,busi,malignant/malignant (39).png,baa0e30a3d75d6f4f67b13190fb79057e92bc9db9076fd759bf94ee334d2a278,family_c7042f4274e2f40a,1
busi,busi/malignant/malignant (4).png,1,busi,malignant/malignant (4).png,8f10d11fd42985bb789693908b2eed3515538f8eeb4b109eab34377d49ff5c91,family_0f268326bf3c218a,3
busi,busi/malignant/malignant (40).png,1,busi,malignant/malignant (40).png,e06b3c394a18d173190d7eddbf248104f35a821bd0a8320a055f288cd163c17d,family_da94f90a46bc6218,3
busi,busi/malignant/malignant (41).png,1,busi,malignant/malignant (41).png,5af30b4c8dbf7b627eae66afe55f79025e72b76af80f5a8855e7bcaa5798da18,family_e72e1f0b95d0e7c5,2
busi,busi/malignant/malignant (42).png,1,busi,malignant/malignant (42).png,def92549b2928af133ed41c7685b6b44f862ea9377bf08413e272770299b8e37,family_c7042f4274e2f40a,1
busi,busi/malignant/malignant (43).png,1,busi,malignant/malignant (43).png,7725b8e587c0203f397cfef98cd3c9c927d29c432a6e42ee4cd8e63afc216589,family_ce7e220db4fffccb,4
busi,busi/malignant/malignant (44).png,1,busi,malignant/malignant (44).png,d62a1ff69dbf3c65bde11cb2c67b3d4b613b301e54d33b7e2d72531d4d1b37d4,family_a01b69847ea16fdf,2
busi,busi/malignant/malignant (45).png,1,busi,malignant/malignant (45).png,03ea54bcd6661d30d173afe5b46bff1aa42ff46d05b2af541b45e36b71d3353f,family_491f6483087decb4,3
busi,busi/malignant/malignant (46).png,1,busi,malignant/malignant (46).png,68e6b6996b0c3565eff8237655e9005f2419a8ce55b1aef4d6488d1cc3f0f502,family_ae1c5851c0827cf0,5
busi,busi/malignant/malignant (47).png,1,busi,malignant/malignant (47).png,97832a21743c554e5f88d72bd81112ea5274fff79901e420dc8ca8192ebc420b,family_cfefc4f266bc0452,4
busi,busi/malignant/malignant (48).png,1,busi,malignant/malignant (48).png,204f8b384bc126c0fa55ad739a668b8bcb69cf934c95fced3af66722d7e19716,family_6f61acdca08aca8e,5
busi,busi/malignant/malignant (49).png,1,busi,malignant/malignant (49).png,d9f630ab59e7d18ca9e84aa0e3b32005618a50f7e516122edfdbd40926486815,family_b080dd443748f089,2
busi,busi/malignant/malignant (5).png,1,busi,malignant/malignant (5).png,cf9efce60a9639e9f6482f0dd722baaf88df5625597a4607e23b0b949c5743c7,family_0f268326bf3c218a,3
busi,busi/malignant/malignant (50).png,1,busi,malignant/malignant (50).png,1e6870ce6801d9d7afa5696554494c1e80b64c4ec2e1b2d84fe5db03b7c4b900,family_1a1da7efaf031c2c,2
busi,busi/malignant/malignant (51).png,1,busi,malignant/malignant (51).png,5d9cbd2afcd281e8bc96bfca3576c41b2b7f2af2d73e4a14777a98e419fb81df,family_8af02e9d30ac305c,4
busi,busi/malignant/malignant (52).png,1,busi,malignant/malignant (52).png,f2453652f0f3e2fadf9740cc7cc24c61f982411540aa5843d2bd05af2b674636,family_ad42da95069a724e,5
busi,busi/malignant/malignant (53).png,1,busi,malignant/malignant (53).png,bbc8715a43a3967863081087414b6fd4f4aa6e974d053cd5459b149b0dd0aa1e,family_d7659c49f10d9091,1
busi,busi/malignant/malignant (54).png,1,busi,malignant/malignant (54).png,abb6768ec7e8b010fe03fba16e7653985b80d5026c8876290ebfd136625b5b96,family_a020aabd6a860d48,5
busi,busi/malignant/malignant (55).png,1,busi,malignant/malignant (55).png,db1a918ff4b43cd05f583c2d2bd0e857ab2effc566d0608b7ad9151b9176a270,family_2562d82c08c1fe7d,4
busi,busi/malignant/malignant (56).png,1,busi,malignant/malignant (56).png,ed8696f699022acbefbce630bd95aafd3d119b2b62177412deada0c6f4ca79ff,family_edfdc7c068af4e1f,5
busi,busi/malignant/malignant (57).png,1,busi,malignant/malignant (57).png,acb29fd9f3ae2c71166d833bb6229b452fe04cbf9d24d01bb2a1d278530cc37e,family_d51a3b43f8ba4692,3
busi,busi/malignant/malignant (58).png,1,busi,malignant/malignant (58).png,d61c69a8e923e1952736f964614923d6d57be864d45233735efde8745337db36,family_9c9284816f771922,4
busi,busi/malignant/malignant (59).png,1,busi,malignant/malignant (59).png,9199b3a650d45fe2c6ff35d020252284c9730a65dbdcdd5d24284fc2ab0092f6,family_237403b963919814,4
busi,busi/malignant/malignant (6).png,1,busi,malignant/malignant (6).png,bce09e99b9cae59be46ef61af2ec9a820f19bb6cc13276324bdc57e8d2a83acf,family_0f268326bf3c218a,3
busi,busi/malignant/malignant (60).png,1,busi,malignant/malignant (60).png,2fe3ceda3950402b2da16ece796b4724833cda33ae9cd93c037847943f576d99,family_70ac80ec951bd494,2
busi,busi/malignant/malignant (61).png,1,busi,malignant/malignant (61).png,d87baa617edffea977ad131ae5db172cfe2eab99bce288308886c67bcd16392c,family_f08153053afdcac9,4
busi,busi/malignant/malignant (62).png,1,busi,malignant/malignant (62).png,c9574c79e8c802e949773f498620641b219c5675aea2e5ef84089153cbee04b9,family_df10e4fdb7fa84d9,4
busi,busi/malignant/malignant (63).png,1,busi,malignant/malignant (63).png,c11e6794b8784af44e92548ee1a98b49b3937b432c8bb6fd023686bc071f3c5c,family_6b618c5bd55e942c,1
busi,busi/malignant/malignant (64).png,1,busi,malignant/malignant (64).png,167b4072d873f2f25063c5a0c7e4082c30c6effc09c88a02d947b0b0ece48e30,family_307fdcb581028a60,2
busi,busi/malignant/malignant (65).png,1,busi,malignant/malignant (65).png,13e71b8117a5926aa44e19ccbee78630e2cad015580ee49421b95082fea52585,family_a0b19c07bd1debf9,1
busi,busi/malignant/malignant (66).png,1,busi,malignant/malignant (66).png,5ff374ed364a944fc642124d296fd6d0371e4a203ae849296a9dd52ebcfd15bb,family_9193433eabcf591b,1
busi,busi/malignant/malignant (67).png,1,busi,malignant/malignant (67).png,240fff7936ed99eb6cdf99be196ff71f1da0a9f1ca57b1a7928a1fa48468772d,family_dbe5075dc829466e,1
busi,busi/malignant/malignant (68).png,1,busi,malignant/malignant (68).png,feb64003680cdfe886f930668a46583226599300c43b80c841b0914ed0735a26,family_3a8caa10c0261ebb,5
busi,busi/malignant/malignant (69).png,1,busi,malignant/malignant (69).png,dd8cc5bb65bb0a5d7b757b9a4944b66f69e6cf30d5a87a6277adbce490d125b3,family_a41cdf492a90c4d4,1
busi,busi/malignant/malignant (7).png,1,busi,malignant/malignant (7).png,b57fccb15b4ab072369e74c622d0de4c6f012d3b52f2b33eb432d25f6ccba9a8,family_0f268326bf3c218a,3
busi,busi/malignant/malignant (70).png,1,busi,malignant/malignant (70).png,b4e147cb3f63fd12ecbffe21ecbedc46d42c3da69c743a5b060cc989444c2bae,family_7a7bdc27e69a7cbd,4
busi,busi/malignant/malignant (71).png,1,busi,malignant/malignant (71).png,c538ec101118df6a1896cf4cb01c3cfbb115a56108f522ff795a9590e2e8dc59,family_7306b7762c4ea508,4
busi,busi/malignant/malignant (72).png,1,busi,malignant/malignant (72).png,dc29205494f43ad313f4d08262e43938a92f0b96b1af29f1894ab5bdb9b3ed29,family_5d51de96addbaf4e,5
busi,busi/malignant/malignant (73).png,1,busi,malignant/malignant (73).png,efbd872593d7150a360050e28d36d83637f2cd5ddd201972378d5f33d2b2027d,family_400783872bbc58c6,1
busi,busi/malignant/malignant (74).png,1,busi,malignant/malignant (74).png,81fe0c759aa7a5b5a5ff64913a9e7ab4f2d61b932a53ff02a1b3eec48189a969,family_46773cd10d454f99,5
busi,busi/malignant/malignant (75).png,1,busi,malignant/malignant (75).png,4024a800e9610f7ce3674c9c32a3a01689e29fde1166e952d8addab8d1306e49,family_f3faf970efa18d34,5
busi,busi/malignant/malignant (76).png,1,busi,malignant/malignant (76).png,d156ea6ebdb624c8f8fe7d4be4473c97e40de3d41bfbfcb076d55e026e7ab329,family_86851183f578317b,1
busi,busi/malignant/malignant (77).png,1,busi,malignant/malignant (77).png,113b0120e8302030b8f514ed9c6253c5f964796d01d7664193763b88ce7f0e78,family_83b82f0696c644fa,1
busi,busi/malignant/malignant (78).png,1,busi,malignant/malignant (78).png,58d3207d8075334fac764d454062e223917b49c8a71ef6c1dd5845a5f6a5c866,family_3ecafc54accf100f,3
busi,busi/malignant/malignant (79).png,1,busi,malignant/malignant (79).png,4282221fb8918e3f7d3c1e3ab23e3a42d51cd9debbfc75b5488c82412d74a95d,family_30e8b9fbbb22a37f,1
busi,busi/malignant/malignant (8).png,1,busi,malignant/malignant (8).png,fa64fc30860900f3ed1d1a9f56214f0ffd14c04e6fd4f127574ebb19275bfd4c,family_0f268326bf3c218a,3
busi,busi/malignant/malignant (80).png,1,busi,malignant/malignant (80).png,f06036bed901078963ee4d02d36bd7ae40d7a606193faae3d20cef7b1522355e,family_18830f60dff0d088,1
busi,busi/malignant/malignant (81).png,1,busi,malignant/malignant (81).png,529e00a37cebcd8b475768479beaaa4be336a6160ef0e82bfa4554540eb02d1f,family_3fb3f396cb37d26d,3
busi,busi/malignant/malignant (82).png,1,busi,malignant/malignant (82).png,529b43793a6459a0ac42118d28830d2648274ad4a25f2c3b384be914ecd9a30d,family_e8e43d75169a86b0,5
busi,busi/malignant/malignant (83).png,1,busi,malignant/malignant (83).png,6d0cda11b8aac7eb439eab00fa9dd2049e30ef827bb419eb91a03f33992d95c2,family_f54826a86e4ea6b5,5
busi,busi/malignant/malignant (84).png,1,busi,malignant/malignant (84).png,955225a2efc0af51f276ce286c7a3a61d20c816f6ab28cb15f43cd8e0a565d05,family_c840e0b66fd1ca29,5
busi,busi/malignant/malignant (85).png,1,busi,malignant/malignant (85).png,5b4fcfc7b685e3fdf2bb49343eeee4029106d07c52c5fe5033a84d1309114ecf,family_2c758f0ab85fdf46,3
busi,busi/malignant/malignant (86).png,1,busi,malignant/malignant (86).png,b8a38d4cad02e4b128ee86e6c56928d2a5a720d2a6fc18e5ce50d076c01d7054,family_e7672d53ec165056,2
busi,busi/malignant/malignant (87).png,1,busi,malignant/malignant (87).png,00ff8e1909292a80a7c20a7ba71e0a6041f9ce378453587a3d57488ea404b061,family_36367bb72b0621b6,5
busi,busi/malignant/malignant (88).png,1,busi,malignant/malignant (88).png,ffb97f0f184fe03faa26187d92181ce94cc4a17087ad6a33bcf6b913f3c97653,family_d3046087770ef2fc,4
busi,busi/malignant/malignant (89).png,1,busi,malignant/malignant (89).png,f5fc1452d2cfeb406a13e6100de335fb3798e14a2b5ea5ba5aa05a29b4e4d4b9,family_3a3b310563c5b15d,5
busi,busi/malignant/malignant (9).png,1,busi,malignant/malignant (9).png,09a8e1d1e00decf4b425009593a923b241bdf4e7a3f103551366f18992da9421,family_0f268326bf3c218a,3
busi,busi/malignant/malignant (90).png,1,busi,malignant/malignant (90).png,a40eb1f443cb47470f7f35f001198046ec3180873af3d11fb1ebcce867a43355,family_746d92239df6c5b9,5
busi,busi/malignant/malignant (91).png,1,busi,malignant/malignant (91).png,d8bf349626d2950d60bd31235d425a105d0e4b762a8a202ab1161512142e0b16,family_e64ed7595386f419,4
busi,busi/malignant/malignant (92).png,1,busi,malignant/malignant (92).png,84b6e081e43c331a6c7e0bcfdbeec1e36ae3344faa4fce5929ee84bf29f13b6b,family_c57c510696b3b746,2
busi,busi/malignant/malignant (93).png,1,busi,malignant/malignant (93).png,8f2b84be94b453f53a2cd075b90c1dc2bf432eda8ad09a77a5eb0cb160cbda8d,family_2e657b4ddbc33f65,2
busi,busi/malignant/malignant (94).png,1,busi,malignant/malignant (94).png,b8b50a73d5ddb1f6e20733e5702259a5f3c8c25bbf4fa4784718093fccdfe2e3,family_e260a82a14a6b62e,5
busi,busi/malignant/malignant (95).png,1,busi,malignant/malignant (95).png,26e2a96fd31e8fdd7f589f75502165f0aa744a7aee561e6d8ad8e125d46b2676,family_46ec61c95d16dead,3
busi,busi/malignant/malignant (96).png,1,busi,malignant/malignant (96).png,f067cf003ae6ba561e43107677eaa42c39176609d7736da66ddbbdd76288e9b5,family_f510bbd674d6b546,2
busi,busi/malignant/malignant (97).png,1,busi,malignant/malignant (97).png,c1c724000d74c0990d768c5c668a024ebb42aa7696b990102b1769a82b433757,family_f510bbd674d6b546,2
busi,busi/malignant/malignant (98).png,1,busi,malignant/malignant (98).png,01140df0b2c491e75afef02c4e6febcfe5b2e76e5a377726bbf5bff817f8c146,family_c67df17cdcc1279c,5
busi,busi/malignant/malignant (99).png,1,busi,malignant/malignant (99).png,bf2afb614a92e60bfe2b05ce7a45615c09b6dff77d26aa789d45742d824b9302,family_f67c5fea7dfe5608,5
