fold,role,position,sample_id
1,train,0,udiat/000030.png
1,train,1,arc/65
1,train,2,udiat/000103.png
1,train,3,udiat/000044.png
1,train,4,arc/279
1,train,5,udiat/000121.png
1,train,6,arc/191
1,train,7,arc/13
1,train,8,udiat/000145.png
1,train,9,arc/35
1,train,10,udiat/000080.png
1,train,11,arc/21
1,train,12,udiat/000083.png
1,train,13,udiat/000036.png
1,train,14,arc/216
1,train,15,arc/40
1,train,16,arc/149
1,train,17,arc/32
1,train,18,udiat/000055.png
1,train,19,udiat/000034.png
1,train,20,udiat/000139.png
1,train,21,udiat/000308.png
1,train,22,udiat/000096.png
1,train,23,arc/293
1,train,24,arc/63
1,train,25,arc/273
1,train,26,arc/73
1,train,27,arc/105
1,train,28,arc/24
1,train,29,arc/18
1,train,30,arc/268
1,train,31,arc/215
1,train,32,arc/272
1,train,33,arc/41
1,train,34,arc/97
1,train,35,udiat/000102.png
1,train,36,arc/192
1,train,37,arc/179
1,train,38,udiat/000100.png
1,train,39,arc/94
1,train,40,arc/183
1,train,41,arc/42
1,train,42,arc/133
1,train,43,arc/211
1,train,44,arc/88
1,train,45,arc/75
1,train,46,arc/9
1,train,47,arc/118
1,train,48,arc/45
1,train,49,udiat/000088.png
1,train,50,arc/115
1,train,51,udiat/000014.png
1,train,52,udiat/000137.png
1,train,53,arc/269
1,train,54,arc/103
1,train,55,arc/39
1,train,56,arc/136
1,train,57,arc/175
1,train,58,arc/2
1,train,59,arc/254
1,train,60,arc/138
1,train,61,arc/271
1,train,62,arc/275
1,train,63,arc/237
1,train,64,arc/242
1,train,65,arc/244
1,train,66,arc/245
1,train,67,arc/143
1,train,68,arc/86
1,train,69,udiat/000060.png
1,train,70,udiat/000008.png
1,train,71,udiat/000017.png
1,train,72,udiat/000305.png
1,train,73,arc/134
1,train,74,udiat/000053.png
1,train,75,udiat/000037.png
1,train,76,arc/287
1,train,77,udiat/000027.png
1,train,78,udiat/000104.png
1,train,79,arc/303
1,train,80,udiat/000146.png
1,train,81,arc/147
1,train,82,udiat/000124.png
1,train,83,arc/141
1,train,84,arc/151
1,train,85,udiat/000307.png
1,train,86,udiat/000058.png
1,train,87,udiat/000095.png
1,train,88,arc/161
1,train,89,udiat/000090.png
1,train,90,arc/274
1,train,91,arc/230
1,train,92,arc/198
1,train,93,udiat/000087.png
1,train,94,udiat/000077.png
1,train,95,arc/263
1,train,96,udiat/000092.png
1,train,97,arc/208
1,train,98,udiat/000005.png
1,train,99,arc/282
1,train,100,udiat/000107.png
1,train,101,udiat/000073.png
1,train,102,arc/171
1,train,103,udiat/000301.png
1,train,104,arc/155
1,train,105,arc/226
1,train,106,arc/220
1,train,107,arc/265
1,train,108,udiat/000068.png
1,train,109,udiat/000059.png
1,train,110,udiat/000019.png
1,train,111,arc/19
1,train,112,arc/182
1,train,113,arc/22
1,train,114,arc/44
1,train,115,arc/70
1,train,116,udiat/000069.png
1,train,117,arc/289
1,train,118,arc/11
1,train,119,arc/238
1,train,120,udiat/000067.png
1,train,121,udiat/000094.png
1,train,122,arc/297
1,train,123,udiat/000120.png
1,train,124,arc/262
1,train,125,arc/72
1,train,126,arc/43
1,train,127,arc/285
1,train,128,arc/123
1,train,129,udiat/000078.png
1,train,130,arc/26
1,train,131,udiat/000131.png
1,train,132,udiat/000041.png
1,train,133,udiat/000043.png
1,train,134,udiat/000046.png
1,train,135,arc/296
1,train,136,udiat/000076.png
1,train,137,arc/243
1,train,138,udiat/000039.png
1,train,139,arc/25
1,train,140,arc/17
1,train,141,arc/234
1,train,142,arc/212
1,train,143,arc/127
1,train,144,arc/199
1,train,145,udiat/000112.png
1,train,146,udiat/000300.png
1,train,147,udiat/000108.png
1,train,148,udiat/000127.png
1,train,149,udiat/000062.png
1,train,150,udiat/000109.png
1,train,151,arc/197
1,train,152,arc/150
1,train,153,udiat/000297.png
1,train,154,udiat/000025.png
1,train,155,arc/145
1,train,156,arc/301
1,train,157,udiat/000123.png
1,train,158,arc/277
1,train,159,udiat/000105.png
1,train,160,udiat/000122.png
1,train,161,udiat/000138.png
1,train,162,arc/14
1,train,163,arc/154
1,train,164,arc/224
1,train,165,arc/135
1,train,166,udiat/000099.png
1,train,167,arc/129
1,train,168,arc/100
1,train,169,udiat/000047.png
1,train,170,arc/246
1,train,171,arc/259
1,train,172,arc/280
1,train,173,arc/201
1,train,174,arc/235
1,train,175,arc/210
1,train,176,udiat/000048.png
1,train,177,arc/79
1,train,178,udiat/000028.png
1,train,179,udiat/000071.png
1,train,180,arc/84
1,train,181,arc/67
1,train,182,arc/121
1,train,183,arc/128
1,train,184,udiat/000295.png
1,train,185,udiat/000007.png
1,train,186,udiat/000011.png
1,train,187,arc/140
1,train,188,arc/158
1,train,189,arc/4
1,train,190,udiat/000024.png
1,train,191,udiat/000052.png
1,train,192,udiat/000056.png
1,train,193,arc/227
1,train,194,arc/139
1,train,195,arc/93
1,train,196,arc/294
1,train,197,udiat/000136.png
1,train,198,arc/112
1,train,199,arc/196
1,train,200,udiat/000135.png
1,train,201,arc/292
1,train,202,arc/185
1,train,203,arc/299
1,train,204,arc/82
1,train,205,udiat/000021.png
1,train,206,udiat/000049.png
1,train,207,arc/27
1,train,208,arc/49
1,train,209,udiat/000113.png
1,train,210,udiat/000020.png
1,train,211,arc/229
1,train,212,arc/104
1,train,213,arc/214
1,train,214,arc/267
1,train,215,udiat/000114.png
1,train,216,udiat/000140.png
1,train,217,udiat/000012.png
1,train,218,udiat/000057.png
1,train,219,arc/120
1,train,220,udiat/000064.png
1,train,221,arc/54
1,train,222,arc/253
1,train,223,arc/261
1,train,224,udiat/000296.png
1,train,225,udiat/000116.png
1,train,226,udiat/000133.png
1,train,227,arc/223
1,train,228,udiat/000093.png
1,train,229,udiat/000126.png
1,train,230,arc/298
1,train,231,udiat/000033.png
1,train,232,udiat/000001.png
1,train,233,arc/195
1,train,234,udiat/000032.png
1,train,235,arc/92
1,train,236,arc/286
1,train,237,arc/255
1,train,238,arc/281
1,train,239,arc/302
1,train,240,arc/20
1,train,241,arc/28
1,train,242,arc/157
1,train,243,arc/124
1,train,244,arc/187
1,train,245,arc/132
1,train,246,udiat/000063.png
1,train,247,udiat/000081.png
1,train,248,arc/181
1,train,249,arc/80
1,train,250,udiat/000106.png
1,train,251,udiat/000129.png
1,train,252,arc/290
1,train,253,arc/205
1,train,254,arc/166
1,train,255,arc/110
1,train,256,arc/29
1,train,257,udiat/000084.png
1,train,258,udiat/000299.png
1,train,259,busi/benign/benign (1).png
1,train,260,busi/benign/benign (100).png
1,train,261,busi/benign/benign (102).png
1,train,262,busi/benign/benign (103).png
1,train,263,busi/benign/benign (104).png
1,train,264,busi/benign/benign (107).png
1,train,265,busi/benign/benign (108).png
1,train,266,busi/benign/benign (11).png
1,train,267,busi/benign/benign (110).png
1,train,268,busi/benign/benign (111).png
1,train,269,busi/benign/benign (113).png
1,train,270,busi/benign/benign (118).png
1,train,271,busi/benign/benign (12).png
1,train,272,busi/benign/benign (121).png
1,train,273,busi/benign/benign (123).png
1,train,274,busi/benign/benign (124).png
1,train,275,busi/benign/benign (126).png
1,train,276,busi/benign/benign (127).png
1,train,277,busi/benign/benign (128).png
1,train,278,busi/benign/benign (129).png
1,train,279,busi/benign/benign (131).png
1,train,280,busi/benign/benign (132).png
1,train,281,busi/benign/benign (134).png
1,train,282,busi/benign/benign (135).png
1,train,283,busi/benign/benign (136).png
1,train,284,busi/benign/benign (137).png
1,train,285,busi/benign/benign (139).png
1,train,286,busi/benign/benign (140).png
1,train,287,busi/benign/benign (141).png
1,train,288,busi/benign/benign (143).png
1,train,289,busi/benign/benign (144).png
1,train,290,busi/benign/benign (147).png
1,train,291,busi/benign/benign (150).png
1,train,292,busi/benign/benign (152).png
1,train,293,busi/benign/benign (155).png
1,train,294,busi/benign/benign (157).png
1,train,295,busi/benign/benign (158).png
1,train,296,busi/benign/benign (160).png
1,train,297,busi/benign/benign (161).png
1,train,298,busi/benign/benign (163).png
1,train,299,busi/benign/benign (165).png
1,train,300,busi/benign/benign (166).png
1,train,301,busi/benign/benign (167).png
1,train,302,busi/benign/benign (168).png
1,train,303,busi/benign/benign (170).png
1,train,304,busi/benign/benign (172).png
1,train,305,busi/benign/benign (173).png
1,train,306,busi/benign/benign (175).png
1,train,307,busi/benign/benign (18).png
1,train,308,busi/benign/benign (182).png
1,train,309,busi/benign/benign (183).png
1,train,310,busi/benign/benign (184).png
1,train,311,busi/benign/benign (185).png
1,train,312,busi/benign/benign (186).png
1,train,313,busi/benign/benign (187).png
1,train,314,busi/benign/benign (188).png
1,train,315,busi/benign/benign (189).png
1,train,316,busi/benign/benign (19).png
1,train,317,busi/benign/benign (192).png
1,train,318,busi/benign/benign (193).png
1,train,319,busi/benign/benign (195).png
1,train,320,busi/benign/benign (197).png
1,train,321,busi/benign/benign (198).png
1,train,322,busi/benign/benign (199).png
1,train,323,busi/benign/benign (200).png
1,train,324,busi/benign/benign (201).png
1,train,325,busi/benign/benign (203).png
1,train,326,busi/benign/benign (205).png
1,train,327,busi/benign/benign (206).png
1,train,328,busi/benign/benign (209).png
1,train,329,busi/benign/benign (21).png
1,train,330,busi/benign/benign (210).png
1,train,331,busi/benign/benign (213).png
1,train,332,busi/benign/benign (214).png
1,train,333,busi/benign/benign (216).png
1,train,334,busi/benign/benign (219).png
1,train,335,busi/benign/benign (22).png
1,train,336,busi/benign/benign (220).png
1,train,337,busi/benign/benign (222).png
1,train,338,busi/benign/benign (223).png
1,train,339,busi/benign/benign (224).png
1,train,340,busi/benign/benign (226).png
1,train,341,busi/benign/benign (227).png
1,train,342,busi/benign/benign (228).png
1,train,343,busi/benign/benign (23).png
1,train,344,busi/benign/benign (230).png
1,train,345,busi/benign/benign (231).png
1,train,346,busi/benign/benign (232).png
1,train,347,busi/benign/benign (233).png
1,train,348,busi/benign/benign (234).png
1,train,349,busi/benign/benign (236).png
1,train,350,busi/benign/benign (237).png
1,train,351,busi/benign/benign (239).png
1,train,352,busi/benign/benign (24).png
1,train,353,busi/benign/benign (241).png
1,train,354,busi/benign/benign (242).png
1,train,355,busi/benign/benign (243).png
1,train,356,busi/benign/benign (244).png
1,train,357,busi/benign/benign (245).png
1,train,358,busi/benign/benign (246).png
1,train,359,busi/benign/benign (247).png
1,train,360,busi/benign/benign (248).png
1,train,361,busi/benign/benign (250).png
1,train,362,busi/benign/benign (251).png
1,train,363,busi/benign/benign (252).png
1,train,364,busi/benign/benign (253).png
1,train,365,busi/benign/benign (257).png
1,train,366,busi/benign/benign (258).png
1,train,367,busi/benign/benign (260).png
1,train,368,busi/benign/benign (261).png
1,train,369,busi/benign/benign (262).png
1,train,370,busi/benign/benign (263).png
1,train,371,busi/benign/benign (265).png
1,train,372,busi/benign/benign (266).png
1,train,373,busi/benign/benign (267).png
1,train,374,busi/benign/benign (269).png
1,train,375,busi/benign/benign (271).png
1,train,376,busi/benign/benign (272).png
1,train,377,busi/benign/benign (273).png
1,train,378,busi/benign/benign (274).png
1,train,379,busi/benign/benign (275).png
1,train,380,busi/benign/benign (276).png
1,train,381,busi/benign/benign (278).png
1,train,382,busi/benign/benign (279).png
1,train,383,busi/benign/benign (28).png
1,train,384,busi/benign/benign (281).png
1,train,385,busi/benign/benign (283).png
1,train,386,busi/benign/benign (286).png
1,train,387,busi/benign/benign (287).png
1,train,388,busi/benign/benign (288).png
1,train,389,busi/benign/benign (289).png
1,train,390,busi/benign/benign (290).png
1,train,391,busi/benign/benign (295).png
1,train,392,busi/benign/benign (297).png
1,train,393,busi/benign/benign (298).png
1,train,394,busi/benign/benign (299).png
1,train,395,busi/benign/benign (3).png
1,train,396,busi/benign/benign (30).png
1,train,397,busi/benign/benign (302).png
1,train,398,busi/benign/benign (303).png
1,train,399,busi/benign/benign (304).png
1,train,400,busi/benign/benign (305).png
1,train,401,busi/benign/benign (306).png
1,train,402,busi/benign/benign (307).png
1,train,403,busi/benign/benign (31).png
1,train,404,busi/benign/benign (310).png
1,train,405,busi/benign/benign (311).png
1,train,406,busi/benign/benign (312).png
1,train,407,busi/benign/benign (313).png
1,train,408,busi/benign/benign (314).png
1,train,409,busi/benign/benign (315).png
1,train,410,busi/benign/benign (316).png
1,train,411,busi/benign/benign (317).png
1,train,412,busi/benign/benign (318).png
1,train,413,busi/benign/benign (319).png
1,train,414,busi/benign/benign (32).png
1,train,415,busi/benign/benign (320).png
1,train,416,busi/benign/benign (321).png
1,train,417,busi/benign/benign (322).png
1,train,418,busi/benign/benign (323).png
1,train,419,busi/benign/benign (325).png
1,train,420,busi/benign/benign (326).png
1,train,421,busi/benign/benign (328).png
1,train,422,busi/benign/benign (329).png
1,train,423,busi/benign/benign (331).png
1,train,424,busi/benign/benign (334).png
1,train,425,busi/benign/benign (335).png
1,train,426,busi/benign/benign (336).png
1,train,427,busi/benign/benign (337).png
1,train,428,busi/benign/benign (338).png
1,train,429,busi/benign/benign (339).png
1,train,430,busi/benign/benign (340).png
1,train,431,busi/benign/benign (341).png
1,train,432,busi/benign/benign (342).png
1,train,433,busi/benign/benign (343).png
1,train,434,busi/benign/benign (344).png
1,train,435,busi/benign/benign (346).png
1,train,436,busi/benign/benign (348).png
1,train,437,busi/benign/benign (349).png
1,train,438,busi/benign/benign (350).png
1,train,439,busi/benign/benign (352).png
1,train,440,busi/benign/benign (355).png
1,train,441,busi/benign/benign (356).png
1,train,442,busi/benign/benign (357).png
1,train,443,busi/benign/benign (360).png
1,train,444,busi/benign/benign (362).png
1,train,445,busi/benign/benign (363).png
1,train,446,busi/benign/benign (365).png
1,train,447,busi/benign/benign (367).png
1,train,448,busi/benign/benign (368).png
1,train,449,busi/benign/benign (369).png
1,train,450,busi/benign/benign (37).png
1,train,451,busi/benign/benign (371).png
1,train,452,busi/benign/benign (372).png
1,train,453,busi/benign/benign (374).png
1,train,454,busi/benign/benign (375).png
1,train,455,busi/benign/benign (377).png
1,train,456,busi/benign/benign (378).png
1,train,457,busi/benign/benign (379).png
1,train,458,busi/benign/benign (38).png
1,train,459,busi/benign/benign (380).png
1,train,460,busi/benign/benign (381).png
1,train,461,busi/benign/benign (383).png
1,train,462,busi/benign/benign (384).png
1,train,463,busi/benign/benign (385).png
1,train,464,busi/benign/benign (389).png
1,train,465,busi/benign/benign (39).png
1,train,466,busi/benign/benign (390).png
1,train,467,busi/benign/benign (392).png
1,train,468,busi/benign/benign (393).png
1,train,469,busi/benign/benign (395).png
1,train,470,busi/benign/benign (396).png
1,train,471,busi/benign/benign (397).png
1,train,472,busi/benign/benign (398).png
1,train,473,busi/benign/benign (399).png
1,train,474,busi/benign/benign (4).png
1,train,475,busi/benign/benign (40).png
1,train,476,busi/benign/benign (400).png
1,train,477,busi/benign/benign (403).png
1,train,478,busi/benign/benign (405).png
1,train,479,busi/benign/benign (407).png
1,train,480,busi/benign/benign (408).png
1,train,481,busi/benign/benign (409).png
1,train,482,busi/benign/benign (410).png
1,train,483,busi/benign/benign (411).png
1,train,484,busi/benign/benign (412).png
1,train,485,busi/benign/benign (413).png
1,train,486,busi/benign/benign (416).png
1,train,487,busi/benign/benign (417).png
1,train,488,busi/benign/benign (419).png
1,train,489,busi/benign/benign (42).png
1,train,490,busi/benign/benign (420).png
1,train,491,busi/benign/benign (421).png
1,train,492,busi/benign/benign (423).png
1,train,493,busi/benign/benign (426).png
1,train,494,busi/benign/benign (427).png
1,train,495,busi/benign/benign (428).png
1,train,496,busi/benign/benign (429).png
1,train,497,busi/benign/benign (431).png
1,train,498,busi/benign/benign (436).png
1,train,499,busi/benign/benign (437).png
1,train,500,busi/benign/benign (44).png
1,train,501,busi/benign/benign (47).png
1,train,502,busi/benign/benign (48).png
1,train,503,busi/benign/benign (49).png
1,train,504,busi/benign/benign (5).png
1,train,505,busi/benign/benign (50).png
1,train,506,busi/benign/benign (52).png
1,train,507,busi/benign/benign (53).png
1,train,508,busi/benign/benign (54).png
1,train,509,busi/benign/benign (56).png
1,train,510,busi/benign/benign (57).png
1,train,511,busi/benign/benign (58).png
1,train,512,busi/benign/benign (59).png
1,train,513,busi/benign/benign (6).png
1,train,514,busi/benign/benign (61).png
1,train,515,busi/benign/benign (63).png
1,train,516,busi/benign/benign (65).png
1,train,517,busi/benign/benign (70).png
1,train,518,busi/benign/benign (71).png
1,train,519,busi/benign/benign (74).png
1,train,520,busi/benign/benign (75).png
1,train,521,busi/benign/benign (76).png
1,train,522,busi/benign/benign (79).png
1,train,523,busi/benign/benign (8).png
1,train,524,busi/benign/benign (81).png
1,train,525,busi/benign/benign (82).png
1,train,526,busi/benign/benign (84).png
1,train,527,busi/benign/benign (86).png
1,train,528,busi/benign/benign (87).png
1,train,529,busi/benign/benign (9).png
1,train,530,busi/benign/benign (90).png
1,train,531,busi/benign/benign (93).png
1,train,532,busi/benign/benign (94).png
1,train,533,busi/benign/benign (95).png
1,train,534,busi/benign/benign (96).png
1,train,535,busi/benign/benign (97).png
1,train,536,busi/benign/benign (98).png
1,train,537,busi/benign/benign (99).png
1,train,538,busi/malignant/malignant (1).png
1,train,539,busi/malignant/malignant (10).png
1,train,540,busi/malignant/malignant (102).png
1,train,541,busi/malignant/malignant (103).png
1,train,542,busi/malignant/malignant (107).png
1,train,543,busi/malignant/malignant (109).png
1,train,544,busi/malignant/malignant (11).png
1,train,545,busi/malignant/malignant (110).png
1,train,546,busi/malignant/malignant (112).png
1,train,547,busi/malignant/malignant (113).png
1,train,548,busi/malignant/malignant (114).png
1,train,549,busi/malignant/malignant (115).png
1,train,550,busi/malignant/malignant (116).png
1,train,551,busi/malignant/malignant (117).png
1,train,552,busi/malignant/malignant (118).png
1,train,553,busi/malignant/malignant (119).png
1,train,554,busi/malignant/malignant (12).png
1,train,555,busi/malignant/malignant (120).png
1,train,556,busi/malignant/malignant (122).png
1,train,557,busi/malignant/malignant (123).png
1,train,558,busi/malignant/malignant (124).png
1,train,559,busi/malignant/malignant (125).png
1,train,560,busi/malignant/malignant (126).png
1,train,561,busi/malignant/malignant (127).png
1,train,562,busi/malignant/malignant (128).png
1,train,563,busi/malignant/malignant (13).png
1,train,564,busi/malignant/malignant (130).png
1,train,565,busi/malignant/malignant (134).png
1,train,566,busi/malignant/malignant (135).png
1,train,567,busi/malignant/malignant (136).png
1,train,568,busi/malignant/malignant (137).png
1,train,569,busi/malignant/malignant (14).png
1,train,570,busi/malignant/malignant (140).png
1,train,571,busi/malignant/malignant (141).png
1,train,572,busi/malignant/malignant (142).png
1,train,573,busi/malignant/malignant (143).png
1,train,574,busi/malignant/malignant (146).png
1,train,575,busi/malignant/malignant (147).png
1,train,576,busi/malignant/malignant (148).png
1,train,577,busi/malignant/malignant (149).png
1,train,578,busi/malignant/malignant (151).png
1,train,579,busi/malignant/malignant (152).png
1,train,580,busi/malignant/malignant (153).png
1,train,581,busi/malignant/malignant (154).png
1,train,582,busi/malignant/malignant (155).png
1,train,583,busi/malignant/malignant (158).png
1,train,584,busi/malignant/malignant (159).png
1,train,585,busi/malignant/malignant (160).png
1,train,586,busi/malignant/malignant (161).png
1,train,587,busi/malignant/malignant (163).png
1,train,588,busi/malignant/malignant (164).png
1,train,589,busi/malignant/malignant (165).png
1,train,590,busi/malignant/malignant (166).png
1,train,591,busi/malignant/malignant (167).png
1,train,592,busi/malignant/malignant (169).png
1,train,593,busi/malignant/malignant (17).png
1,train,594,busi/malignant/malignant (172).png
1,train,595,busi/malignant/malignant (173).png
1,train,596,busi/malignant/malignant (175).png
1,train,597,busi/malignant/malignant (176).png
1,train,598,busi/malignant/malignant (177).png
1,train,599,busi/malignant/malignant (178).png
1,train,600,busi/malignant/malignant (179).png
1,train,601,busi/malignant/malignant (18).png
1,train,602,busi/malignant/malignant (180).png
1,train,603,busi/malignant/malignant (181).png
1,train,604,busi/malignant/malignant (183).png
1,train,605,busi/malignant/malignant (184).png
1,train,606,busi/malignant/malignant (185).png
1,train,607,busi/malignant/malignant (187).png
1,train,608,busi/malignant/malignant (188).png
1,train,609,busi/malignant/malignant (189).png
1,train,610,busi/malignant/malignant (190).png
1,train,611,busi/malignant/malignant (192).png
1,train,612,busi/malignant/malignant (193).png
1,train,613,busi/malignant/malignant (195).png
1,train,614,busi/malignant/malignant (197).png
1,train,615,busi/malignant/malignant (198).png
1,train,616,busi/malignant/malignant (200).png
1,train,617,busi/malignant/malignant (201).png
1,train,618,busi/malignant/malignant (202).png
1,train,619,busi/malignant/malignant (204).png
1,train,620,busi/malignant/malignant (208).png
1,train,621,busi/malignant/malignant (209).png
1,train,622,busi/malignant/malignant (21).png
1,train,623,busi/malignant/malignant (210).png
1,train,624,busi/malignant/malignant (23).png
1,train,625,busi/malignant/malignant (25).png
1,train,626,busi/malignant/malignant (29).png
1,train,627,busi/malignant/malignant (32).png
1,train,628,busi/malignant/malignant (34).png
1,train,629,busi/malignant/malignant (35).png
1,train,630,busi/malignant/malignant (36).png
1,train,631,busi/malignant/malignant (38).png
1,train,632,busi/malignant/malignant (40).png
1,train,633,busi/malignant/malignant (41).png
1,train,634,busi/malignant/malignant (45).png
1,train,635,busi/malignant/malignant (46).png
1,train,636,busi/malignant/malignant (47).png
1,train,637,busi/malignant/malignant (48).png
1,train,638,busi/malignant/malignant (49).png
1,train,639,busi/malignant/malignant (50).png
1,train,640,busi/malignant/malignant (51).png
1,train,641,busi/malignant/malignant (54).png
1,train,642,busi/malignant/malignant (55).png
1,train,643,busi/malignant/malignant (57).png
1,train,644,busi/malignant/malignant (58).png
1,train,645,busi/malignant/malignant (59).png
1,train,646,busi/malignant/malignant (61).png
1,train,647,busi/malignant/malignant (62).png
1,train,648,busi/malignant/malignant (64).png
1,train,649,busi/malignant/malignant (68).png
1,train,650,busi/malignant/malignant (71).png
1,train,651,busi/malignant/malignant (72).png
1,train,652,busi/malignant/malignant (74).png
1,train,653,busi/malignant/malignant (78).png
1,train,654,busi/malignant/malignant (81).png
1,train,655,busi/malignant/malignant (82).png
1,train,656,busi/malignant/malignant (83).png
1,train,657,busi/malignant/malignant (84).png
1,train,658,busi/malignant/malignant (85).png
1,train,659,busi/malignant/malignant (86).png
1,train,660,busi/malignant/malignant (87).png
1,train,661,busi/malignant/malignant (88).png
1,train,662,busi/malignant/malignant (89).png
1,train,663,busi/malignant/malignant (91).png
1,train,664,busi/malignant/malignant (92).png
1,train,665,busi/malignant/malignant (93).png
1,train,666,busi/malignant/malignant (94).png
1,train,667,busi/malignant/malignant (95).png
1,train,668,busi/malignant/malignant (96).png
1,train,669,busi/malignant/malignant (97).png
1,train,670,busi/malignant/malignant (98).png
1,train,671,busi/malignant/malignant (99).png
1,selection,0,udiat/000134.png
1,selection,1,arc/209
1,selection,2,udiat/000091.png
1,selection,3,arc/252
1,selection,4,arc/12
1,selection,5,udiat/000130.png
1,selection,6,arc/55
1,selection,7,arc/173
1,selection,8,udiat/000147.png
1,selection,9,arc/142
1,selection,10,udiat/000101.png
1,selection,11,udiat/000018.png
1,selection,12,arc/122
1,selection,13,arc/172
1,selection,14,arc/266
1,selection,15,udiat/000006.png
1,selection,16,arc/36
1,selection,17,udiat/000111.png
1,selection,18,arc/76
1,selection,19,udiat/000026.png
1,selection,20,arc/178
1,selection,21,arc/231
1,selection,22,udiat/000098.png
1,selection,23,udiat/000306.png
1,selection,24,arc/189
1,selection,25,arc/190
1,selection,26,arc/1
1,selection,27,arc/200
1,selection,28,arc/50
1,selection,29,arc/108
1,selection,30,arc/251
1,selection,31,udiat/000054.png
1,selection,32,arc/131
1,selection,33,udiat/000097.png
1,selection,34,udiat/000065.png
1,selection,35,arc/23
1,selection,36,udiat/000143.png
1,selection,37,udiat/000119.png
1,selection,38,udiat/000035.png
1,selection,39,arc/64
1,selection,40,udiat/000004.png
1,selection,41,arc/109
1,selection,42,arc/53
1,selection,43,arc/180
1,selection,44,udiat/000110.png
1,selection,45,arc/184
1,selection,46,udiat/000023.png
1,selection,47,arc/270
1,selection,48,arc/51
1,selection,49,udiat/000016.png
1,selection,50,arc/66
1,selection,51,arc/117
1,selection,52,arc/153
1,selection,53,arc/218
1,selection,54,arc/276
1,selection,55,udiat/000072.png
1,selection,56,arc/144
1,selection,57,arc/83
1,selection,58,arc/81
1,selection,59,udiat/000009.png
1,selection,60,udiat/000141.png
1,selection,61,udiat/000298.png
1,selection,62,arc/146
1,selection,63,arc/222
1,selection,64,udiat/000074.png
1,selection,65,arc/167
1,selection,66,busi/benign/benign (101).png
1,selection,67,busi/benign/benign (106).png
1,selection,68,busi/benign/benign (114).png
1,selection,69,busi/benign/benign (120).png
1,selection,70,busi/benign/benign (13).png
1,selection,71,busi/benign/benign (130).png
1,selection,72,busi/benign/benign (146).png
1,selection,73,busi/benign/benign (15).png
1,selection,74,busi/benign/benign (154).png
1,selection,75,busi/benign/benign (164).png
1,selection,76,busi/benign/benign (171).png
1,selection,77,busi/benign/benign (179).png
1,selection,78,busi/benign/benign (194).png
1,selection,79,busi/benign/benign (202).png
1,selection,80,busi/benign/benign (207).png
1,selection,81,busi/benign/benign (211).png
1,selection,82,busi/benign/benign (215).png
1,selection,83,busi/benign/benign (217).png
1,selection,84,busi/benign/benign (218).png
1,selection,85,busi/benign/benign (221).png
1,selection,86,busi/benign/benign (240).png
1,selection,87,busi/benign/benign (254).png
1,selection,88,busi/benign/benign (255).png
1,selection,89,busi/benign/benign (256).png
1,selection,90,busi/benign/benign (26).png
1,selection,91,busi/benign/benign (268).png
1,selection,92,busi/benign/benign (27).png
1,selection,93,busi/benign/benign (270).png
1,selection,94,busi/benign/benign (277).png
1,selection,95,busi/benign/benign (284).png
1,selection,96,busi/benign/benign (285).png
1,selection,97,busi/benign/benign (29).png
1,selection,98,busi/benign/benign (296).png
1,selection,99,busi/benign/benign (301).png
1,selection,100,busi/benign/benign (309).png
1,selection,101,busi/benign/benign (324).png
1,selection,102,busi/benign/benign (33).png
1,selection,103,busi/benign/benign (330).png
1,selection,104,busi/benign/benign (332).png
1,selection,105,busi/benign/benign (333).png
1,selection,106,busi/benign/benign (34).png
1,selection,107,busi/benign/benign (345).png
1,selection,108,busi/benign/benign (347).png
1,selection,109,busi/benign/benign (361).png
1,selection,110,busi/benign/benign (364).png
1,selection,111,busi/benign/benign (373).png
1,selection,112,busi/benign/benign (382).png
1,selection,113,busi/benign/benign (394).png
1,selection,114,busi/benign/benign (401).png
1,selection,115,busi/benign/benign (404).png
1,selection,116,busi/benign/benign (41).png
1,selection,117,busi/benign/benign (414).png
1,selection,118,busi/benign/benign (415).png
1,selection,119,busi/benign/benign (418).png
1,selection,120,busi/benign/benign (422).png
1,selection,121,busi/benign/benign (434).png
1,selection,122,busi/benign/benign (45).png
1,selection,123,busi/benign/benign (55).png
1,selection,124,busi/benign/benign (64).png
1,selection,125,busi/benign/benign (66).png
1,selection,126,busi/benign/benign (67).png
1,selection,127,busi/benign/benign (7).png
1,selection,128,busi/benign/benign (73).png
1,selection,129,busi/benign/benign (77).png
1,selection,130,busi/benign/benign (78).png
1,selection,131,busi/benign/benign (80).png
1,selection,132,busi/benign/benign (83).png
1,selection,133,busi/benign/benign (85).png
1,selection,134,busi/benign/benign (89).png
1,selection,135,busi/benign/benign (91).png
1,selection,136,busi/malignant/malignant (100).png
1,selection,137,busi/malignant/malignant (101).png
1,selection,138,busi/malignant/malignant (106).png
1,selection,139,busi/malignant/malignant (121).png
1,selection,140,busi/malignant/malignant (132).png
1,selection,141,busi/malignant/malignant (144).png
1,selection,142,busi/malignant/malignant (157).png
1,selection,143,busi/malignant/malignant (186).png
1,selection,144,busi/malignant/malignant (194).png
1,selection,145,busi/malignant/malignant (196).png
1,selection,146,busi/malignant/malignant (2).png
1,selection,147,busi/malignant/malignant (20).png
1,selection,148,busi/malignant/malignant (203).png
1,selection,149,busi/malignant/malignant (205).png
1,selection,150,busi/malignant/malignant (24).png
1,selection,151,busi/malignant/malignant (3).png
1,selection,152,busi/malignant/malignant (31).png
1,selection,153,busi/malignant/malignant (33).png
1,selection,154,busi/malignant/malignant (37).png
1,selection,155,busi/malignant/malignant (4).png
1,selection,156,busi/malignant/malignant (43).png
1,selection,157,busi/malignant/malignant (44).png
1,selection,158,busi/malignant/malignant (5).png
1,selection,159,busi/malignant/malignant (52).png
1,selection,160,busi/malignant/malignant (56).png
1,selection,161,busi/malignant/malignant (6).png
1,selection,162,busi/malignant/malignant (60).png
1,selection,163,busi/malignant/malignant (7).png
1,selection,164,busi/malignant/malignant (70).png
1,selection,165,busi/malignant/malignant (75).png
1,selection,166,busi/malignant/malignant (8).png
1,selection,167,busi/malignant/malignant (9).png
1,selection,168,busi/malignant/malignant (90).png
1,test,0,arc/90
1,test,1,arc/47
1,test,2,arc/101
1,test,3,arc/137
1,test,4,udiat/000010.png
1,test,5,arc/206
1,test,6,udiat/000075.png
1,test,7,arc/62
1,test,8,arc/31
1,test,9,udiat/000144.png
1,test,10,udiat/000128.png
1,test,11,arc/148
1,test,12,udiat/000015.png
1,test,13,arc/38
1,test,14,arc/7
1,test,15,udiat/000303.png
1,test,16,udiat/000304.png
1,test,17,arc/258
1,test,18,udiat/000045.png
1,test,19,arc/288
1,test,20,arc/174
1,test,21,arc/278
1,test,22,udiat/000079.png
1,test,23,arc/48
1,test,24,udiat/000038.png
1,test,25,arc/85
1,test,26,arc/15
1,test,27,arc/68
1,test,28,arc/16
1,test,29,arc/116
1,test,30,arc/291
1,test,31,udiat/000050.png
1,test,32,udiat/000013.png
1,test,33,arc/164
1,test,34,arc/77
1,test,35,udiat/000085.png
1,test,36,arc/186
1,test,37,arc/58
1,test,38,arc/6
1,test,39,udiat/000082.png
1,test,40,udiat/000070.png
1,test,41,udiat/000117.png
1,test,42,udiat/000089.png
1,test,43,udiat/000125.png
1,test,44,arc/8
1,test,45,arc/170
1,test,46,udiat/000086.png
1,test,47,udiat/000029.png
1,test,48,udiat/000115.png
1,test,49,arc/57
1,test,50,udiat/000022.png
1,test,51,arc/56
1,test,52,arc/236
1,test,53,arc/30
1,test,54,arc/169
1,test,55,arc/34
1,test,56,arc/102
1,test,57,arc/98
1,test,58,arc/46
1,test,59,arc/69
1,test,60,arc/111
1,test,61,arc/176
1,test,62,udiat/000061.png
1,test,63,udiat/000002.png
1,test,64,udiat/000003.png
1,test,65,arc/159
1,test,66,arc/295
1,test,67,arc/168
1,test,68,udiat/000132.png
1,test,69,arc/33
1,test,70,arc/240
1,test,71,udiat/000142.png
1,test,72,udiat/000051.png
1,test,73,arc/284
1,test,74,arc/264
1,test,75,arc/233
1,test,76,udiat/000066.png
1,test,77,arc/107
1,test,78,udiat/000302.png
1,test,79,arc/156
1,test,80,udiat/000118.png
1,test,81,udiat/000031.png
1,test,82,busi/benign/benign (10).png
1,test,83,busi/benign/benign (105).png
1,test,84,busi/benign/benign (109).png
1,test,85,busi/benign/benign (112).png
1,test,86,busi/benign/benign (115).png
1,test,87,busi/benign/benign (116).png
1,test,88,busi/benign/benign (117).png
1,test,89,busi/benign/benign (119).png
1,test,90,busi/benign/benign (122).png
1,test,91,busi/benign/benign (125).png
1,test,92,busi/benign/benign (133).png
1,test,93,busi/benign/benign (138).png
1,test,94,busi/benign/benign (14).png
1,test,95,busi/benign/benign (142).png
1,test,96,busi/benign/benign (145).png
1,test,97,busi/benign/benign (148).png
1,test,98,busi/benign/benign (149).png
1,test,99,busi/benign/benign (151).png
1,test,100,busi/benign/benign (153).png
1,test,101,busi/benign/benign (156).png
1,test,102,busi/benign/benign (159).png
1,test,103,busi/benign/benign (16).png
1,test,104,busi/benign/benign (162).png
1,test,105,busi/benign/benign (169).png
1,test,106,busi/benign/benign (17).png
1,test,107,busi/benign/benign (174).png
1,test,108,busi/benign/benign (176).png
1,test,109,busi/benign/benign (177).png
1,test,110,busi/benign/benign (178).png
1,test,111,busi/benign/benign (180).png
1,test,112,busi/benign/benign (181).png
1,test,113,busi/benign/benign (190).png
1,test,114,busi/benign/benign (191).png
1,test,115,busi/benign/benign (196).png
1,test,116,busi/benign/benign (2).png
1,test,117,busi/benign/benign (20).png
1,test,118,busi/benign/benign (204).png
1,test,119,busi/benign/benign (208).png
1,test,120,busi/benign/benign (212).png
1,test,121,busi/benign/benign (225).png
1,test,122,busi/benign/benign (229).png
1,test,123,busi/benign/benign (235).png
1,test,124,busi/benign/benign (238).png
1,test,125,busi/benign/benign (249).png
1,test,126,busi/benign/benign (25).png
1,test,127,busi/benign/benign (259).png
1,test,128,busi/benign/benign (264).png
1,test,129,busi/benign/benign (280).png
1,test,130,busi/benign/benign (282).png
1,test,131,busi/benign/benign (291).png
1,test,132,busi/benign/benign (292).png
1,test,133,busi/benign/benign (293).png
1,test,134,busi/benign/benign (294).png
1,test,135,busi/benign/benign (300).png
1,test,136,busi/benign/benign (308).png
1,test,137,busi/benign/benign (327).png
1,test,138,busi/benign/benign (35).png
1,test,139,busi/benign/benign (351).png
1,test,140,busi/benign/benign (353).png
1,test,141,busi/benign/benign (354).png
1,test,142,busi/benign/benign (358).png
1,test,143,busi/benign/benign (359).png
1,test,144,busi/benign/benign (36).png
1,test,145,busi/benign/benign (366).png
1,test,146,busi/benign/benign (370).png
1,test,147,busi/benign/benign (376).png
1,test,148,busi/benign/benign (386).png
1,test,149,busi/benign/benign (387).png
1,test,150,busi/benign/benign (388).png
1,test,151,busi/benign/benign (391).png
1,test,152,busi/benign/benign (402).png
1,test,153,busi/benign/benign (406).png
1,test,154,busi/benign/benign (424).png
1,test,155,busi/benign/benign (425).png
1,test,156,busi/benign/benign (43).png
1,test,157,busi/benign/benign (430).png
1,test,158,busi/benign/benign (432).png
1,test,159,busi/benign/benign (435).png
1,test,160,busi/benign/benign (46).png
1,test,161,busi/benign/benign (51).png
1,test,162,busi/benign/benign (60).png
1,test,163,busi/benign/benign (62).png
1,test,164,busi/benign/benign (68).png
1,test,165,busi/benign/benign (69).png
1,test,166,busi/benign/benign (72).png
1,test,167,busi/benign/benign (88).png
1,test,168,busi/benign/benign (92).png
1,test,169,busi/malignant/malignant (104).png
1,test,170,busi/malignant/malignant (105).png
1,test,171,busi/malignant/malignant (108).png
1,test,172,busi/malignant/malignant (111).png
1,test,173,busi/malignant/malignant (129).png
1,test,174,busi/malignant/malignant (131).png
1,test,175,busi/malignant/malignant (133).png
1,test,176,busi/malignant/malignant (138).png
1,test,177,busi/malignant/malignant (139).png
1,test,178,busi/malignant/malignant (15).png
1,test,179,busi/malignant/malignant (150).png
1,test,180,busi/malignant/malignant (156).png
1,test,181,busi/malignant/malignant (16).png
1,test,182,busi/malignant/malignant (162).png
1,test,183,busi/malignant/malignant (168).png
1,test,184,busi/malignant/malignant (170).png
1,test,185,busi/malignant/malignant (171).png
1,test,186,busi/malignant/malignant (174).png
1,test,187,busi/malignant/malignant (182).png
1,test,188,busi/malignant/malignant (19).png
1,test,189,busi/malignant/malignant (191).png
1,test,190,busi/malignant/malignant (199).png
1,test,191,busi/malignant/malignant (206).png
1,test,192,busi/malignant/malignant (207).png
1,test,193,busi/malignant/malignant (22).png
1,test,194,busi/malignant/malignant (26).png
1,test,195,busi/malignant/malignant (27).png
1,test,196,busi/malignant/malignant (28).png
1,test,197,busi/malignant/malignant (30).png
1,test,198,busi/malignant/malignant (39).png
1,test,199,busi/malignant/malignant (42).png
1,test,200,busi/malignant/malignant (53).png
1,test,201,busi/malignant/malignant (63).png
1,test,202,busi/malignant/malignant (65).png
1,test,203,busi/malignant/malignant (66).png
1,test,204,busi/malignant/malignant (67).png
1,test,205,busi/malignant/malignant (69).png
1,test,206,busi/malignant/malignant (73).png
1,test,207,busi/malignant/malignant (76).png
1,test,208,busi/malignant/malignant (77).png
1,test,209,busi/malignant/malignant (79).png
1,test,210,busi/malignant/malignant (80).png
2,train,0,udiat/000030.png
2,train,1,udiat/000103.png
2,train,2,arc/279
2,train,3,arc/90
2,train,4,arc/191
2,train,5,arc/13
2,train,6,udiat/000145.png
2,train,7,udiat/000091.png
2,train,8,udiat/000080.png
2,train,9,udiat/000036.png
2,train,10,arc/216
2,train,11,arc/32
2,train,12,udiat/000139.png
2,train,13,udiat/000308.png
2,train,14,udiat/000096.png
2,train,15,arc/293
2,train,16,arc/137
2,train,17,arc/12
2,train,18,arc/73
2,train,19,arc/24
2,train,20,arc/18
2,train,21,arc/215
2,train,22,arc/272
2,train,23,udiat/000010.png
2,train,24,arc/206
2,train,25,udiat/000075.png
2,train,26,udiat/000130.png
2,train,27,arc/55
2,train,28,arc/173
2,train,29,udiat/000102.png
2,train,30,arc/62
2,train,31,arc/192
2,train,32,arc/31
2,train,33,udiat/000144.png
2,train,34,arc/42
2,train,35,arc/133
2,train,36,udiat/000128.png
2,train,37,arc/211
2,train,38,udiat/000018.png
2,train,39,arc/88
2,train,40,arc/148
2,train,41,arc/75
2,train,42,udiat/000088.png
2,train,43,arc/122
2,train,44,arc/172
2,train,45,arc/266
2,train,46,arc/38
2,train,47,arc/7
2,train,48,udiat/000014.png
2,train,49,udiat/000137.png
2,train,50,arc/269
2,train,51,arc/103
2,train,52,arc/136
2,train,53,arc/175
2,train,54,udiat/000304.png
2,train,55,udiat/000006.png
2,train,56,arc/36
2,train,57,arc/138
2,train,58,arc/258
2,train,59,arc/271
2,train,60,arc/242
2,train,61,arc/244
2,train,62,udiat/000045.png
2,train,63,arc/245
2,train,64,arc/143
2,train,65,arc/174
2,train,66,arc/278
2,train,67,udiat/000079.png
2,train,68,arc/76
2,train,69,udiat/000008.png
2,train,70,udiat/000305.png
2,train,71,arc/134
2,train,72,udiat/000037.png
2,train,73,udiat/000038.png
2,train,74,arc/303
2,train,75,udiat/000146.png
2,train,76,arc/85
2,train,77,arc/147
2,train,78,udiat/000124.png
2,train,79,arc/151
2,train,80,udiat/000307.png
2,train,81,udiat/000058.png
2,train,82,udiat/000095.png
2,train,83,arc/161
2,train,84,udiat/000090.png
2,train,85,arc/274
2,train,86,arc/198
2,train,87,arc/15
2,train,88,arc/231
2,train,89,udiat/000077.png
2,train,90,arc/263
2,train,91,arc/68
2,train,92,udiat/000092.png
2,train,93,arc/16
2,train,94,arc/282
2,train,95,udiat/000098.png
2,train,96,arc/116
2,train,97,udiat/000306.png
2,train,98,arc/226
2,train,99,arc/220
2,train,100,arc/189
2,train,101,arc/265
2,train,102,udiat/000019.png
2,train,103,arc/190
2,train,104,arc/19
2,train,105,arc/22
2,train,106,arc/291
2,train,107,arc/44
2,train,108,arc/70
2,train,109,udiat/000050.png
2,train,110,arc/1
2,train,111,arc/50
2,train,112,udiat/000067.png
2,train,113,arc/77
2,train,114,udiat/000085.png
2,train,115,udiat/000094.png
2,train,116,udiat/000054.png
2,train,117,arc/297
2,train,118,udiat/000120.png
2,train,119,arc/262
2,train,120,arc/131
2,train,121,arc/43
2,train,122,arc/26
2,train,123,udiat/000131.png
2,train,124,udiat/000041.png
2,train,125,udiat/000043.png
2,train,126,udiat/000097.png
2,train,127,udiat/000046.png
2,train,128,arc/296
2,train,129,udiat/000039.png
2,train,130,arc/25
2,train,131,arc/234
2,train,132,arc/6
2,train,133,arc/127
2,train,134,udiat/000082.png
2,train,135,udiat/000070.png
2,train,136,udiat/000300.png
2,train,137,udiat/000117.png
2,train,138,udiat/000108.png
2,train,139,udiat/000127.png
2,train,140,arc/23
2,train,141,udiat/000062.png
2,train,142,udiat/000109.png
2,train,143,udiat/000089.png
2,train,144,udiat/000125.png
2,train,145,arc/301
2,train,146,udiat/000123.png
2,train,147,arc/8
2,train,148,udiat/000105.png
2,train,149,udiat/000122.png
2,train,150,udiat/000086.png
2,train,151,udiat/000029.png
2,train,152,udiat/000138.png
2,train,153,arc/14
2,train,154,arc/154
2,train,155,arc/57
2,train,156,arc/224
2,train,157,udiat/000099.png
2,train,158,arc/129
2,train,159,arc/100
2,train,160,arc/259
2,train,161,udiat/000022.png
2,train,162,arc/201
2,train,163,arc/235
2,train,164,arc/56
2,train,165,arc/236
2,train,166,arc/210
2,train,167,arc/169
2,train,168,arc/79
2,train,169,udiat/000028.png
2,train,170,arc/34
2,train,171,arc/121
2,train,172,udiat/000295.png
2,train,173,udiat/000110.png
2,train,174,arc/184
2,train,175,udiat/000011.png
2,train,176,arc/140
2,train,177,arc/158
2,train,178,arc/46
2,train,179,arc/4
2,train,180,udiat/000024.png
2,train,181,udiat/000056.png
2,train,182,arc/227
2,train,183,arc/139
2,train,184,arc/294
2,train,185,arc/112
2,train,186,arc/69
2,train,187,arc/196
2,train,188,udiat/000016.png
2,train,189,arc/66
2,train,190,arc/292
2,train,191,arc/111
2,train,192,arc/176
2,train,193,arc/185
2,train,194,arc/82
2,train,195,udiat/000049.png
2,train,196,arc/27
2,train,197,arc/49
2,train,198,udiat/000061.png
2,train,199,arc/104
2,train,200,udiat/000002.png
2,train,201,udiat/000114.png
2,train,202,udiat/000012.png
2,train,203,arc/117
2,train,204,udiat/000003.png
2,train,205,arc/54
2,train,206,arc/253
2,train,207,arc/218
2,train,208,arc/261
2,train,209,udiat/000296.png
2,train,210,udiat/000116.png
2,train,211,arc/276
2,train,212,udiat/000133.png
2,train,213,arc/159
2,train,214,arc/223
2,train,215,arc/295
2,train,216,udiat/000072.png
2,train,217,udiat/000093.png
2,train,218,udiat/000126.png
2,train,219,arc/298
2,train,220,arc/168
2,train,221,udiat/000001.png
2,train,222,arc/195
2,train,223,udiat/000032.png
2,train,224,arc/33
2,train,225,arc/240
2,train,226,arc/286
2,train,227,arc/284
2,train,228,arc/264
2,train,229,arc/233
2,train,230,arc/302
2,train,231,arc/20
2,train,232,arc/157
2,train,233,arc/81
2,train,234,arc/124
2,train,235,udiat/000009.png
2,train,236,arc/187
2,train,237,udiat/000066.png
2,train,238,udiat/000141.png
2,train,239,arc/107
2,train,240,udiat/000298.png
2,train,241,arc/132
2,train,242,udiat/000302.png
2,train,243,udiat/000081.png
2,train,244,arc/146
2,train,245,arc/181
2,train,246,udiat/000106.png
2,train,247,udiat/000129.png
2,train,248,arc/156
2,train,249,arc/290
2,train,250,arc/205
2,train,251,arc/166
2,train,252,arc/29
2,train,253,udiat/000118.png
2,train,254,arc/167
2,train,255,udiat/000299.png
2,train,256,udiat/000031.png
2,train,257,busi/benign/benign (1).png
2,train,258,busi/benign/benign (100).png
2,train,259,busi/benign/benign (101).png
2,train,260,busi/benign/benign (102).png
2,train,261,busi/benign/benign (103).png
2,train,262,busi/benign/benign (104).png
2,train,263,busi/benign/benign (105).png
2,train,264,busi/benign/benign (106).png
2,train,265,busi/benign/benign (107).png
2,train,266,busi/benign/benign (108).png
2,train,267,busi/benign/benign (109).png
2,train,268,busi/benign/benign (11).png
2,train,269,busi/benign/benign (110).png
2,train,270,busi/benign/benign (112).png
2,train,271,busi/benign/benign (113).png
2,train,272,busi/benign/benign (114).png
2,train,273,busi/benign/benign (116).png
2,train,274,busi/benign/benign (117).png
2,train,275,busi/benign/benign (119).png
2,train,276,busi/benign/benign (12).png
2,train,277,busi/benign/benign (122).png
2,train,278,busi/benign/benign (125).png
2,train,279,busi/benign/benign (128).png
2,train,280,busi/benign/benign (130).png
2,train,281,busi/benign/benign (131).png
2,train,282,busi/benign/benign (132).png
2,train,283,busi/benign/benign (133).png
2,train,284,busi/benign/benign (135).png
2,train,285,busi/benign/benign (136).png
2,train,286,busi/benign/benign (137).png
2,train,287,busi/benign/benign (138).png
2,train,288,busi/benign/benign (14).png
2,train,289,busi/benign/benign (141).png
2,train,290,busi/benign/benign (142).png
2,train,291,busi/benign/benign (144).png
2,train,292,busi/benign/benign (145).png
2,train,293,busi/benign/benign (146).png
2,train,294,busi/benign/benign (148).png
2,train,295,busi/benign/benign (149).png
2,train,296,busi/benign/benign (15).png
2,train,297,busi/benign/benign (150).png
2,train,298,busi/benign/benign (151).png
2,train,299,busi/benign/benign (152).png
2,train,300,busi/benign/benign (155).png
2,train,301,busi/benign/benign (156).png
2,train,302,busi/benign/benign (158).png
2,train,303,busi/benign/benign (159).png
2,train,304,busi/benign/benign (16).png
2,train,305,busi/benign/benign (160).png
2,train,306,busi/benign/benign (162).png
2,train,307,busi/benign/benign (165).png
2,train,308,busi/benign/benign (166).png
2,train,309,busi/benign/benign (168).png
2,train,310,busi/benign/benign (169).png
2,train,311,busi/benign/benign (17).png
2,train,312,busi/benign/benign (173).png
2,train,313,busi/benign/benign (174).png
2,train,314,busi/benign/benign (176).png
2,train,315,busi/benign/benign (177).png
2,train,316,busi/benign/benign (178).png
2,train,317,busi/benign/benign (179).png
2,train,318,busi/benign/benign (18).png
2,train,319,busi/benign/benign (180).png
2,train,320,busi/benign/benign (181).png
2,train,321,busi/benign/benign (182).png
2,train,322,busi/benign/benign (185).png
2,train,323,busi/benign/benign (186).png
2,train,324,busi/benign/benign (189).png
2,train,325,busi/benign/benign (19).png
2,train,326,busi/benign/benign (190).png
2,train,327,busi/benign/benign (191).png
2,train,328,busi/benign/benign (195).png
2,train,329,busi/benign/benign (196).png
2,train,330,busi/benign/benign (197).png
2,train,331,busi/benign/benign (199).png
2,train,332,busi/benign/benign (2).png
2,train,333,busi/benign/benign (20).png
2,train,334,busi/benign/benign (200).png
2,train,335,busi/benign/benign (202).png
2,train,336,busi/benign/benign (203).png
2,train,337,busi/benign/benign (204).png
2,train,338,busi/benign/benign (208).png
2,train,339,busi/benign/benign (209).png
2,train,340,busi/benign/benign (21).png
2,train,341,busi/benign/benign (210).png
2,train,342,busi/benign/benign (211).png
2,train,343,busi/benign/benign (212).png
2,train,344,busi/benign/benign (213).png
2,train,345,busi/benign/benign (214).png
2,train,346,busi/benign/benign (215).png
2,train,347,busi/benign/benign (217).png
2,train,348,busi/benign/benign (220).png
2,train,349,busi/benign/benign (222).png
2,train,350,busi/benign/benign (223).png
2,train,351,busi/benign/benign (224).png
2,train,352,busi/benign/benign (225).png
2,train,353,busi/benign/benign (227).png
2,train,354,busi/benign/benign (229).png
2,train,355,busi/benign/benign (230).png
2,train,356,busi/benign/benign (234).png
2,train,357,busi/benign/benign (235).png
2,train,358,busi/benign/benign (236).png
2,train,359,busi/benign/benign (238).png
2,train,360,busi/benign/benign (239).png
2,train,361,busi/benign/benign (24).png
2,train,362,busi/benign/benign (242).png
2,train,363,busi/benign/benign (243).png
2,train,364,busi/benign/benign (247).png
2,train,365,busi/benign/benign (248).png
2,train,366,busi/benign/benign (249).png
2,train,367,busi/benign/benign (251).png
2,train,368,busi/benign/benign (252).png
2,train,369,busi/benign/benign (254).png
2,train,370,busi/benign/benign (257).png
2,train,371,busi/benign/benign (258).png
2,train,372,busi/benign/benign (259).png
2,train,373,busi/benign/benign (26).png
2,train,374,busi/benign/benign (260).png
2,train,375,busi/benign/benign (261).png
2,train,376,busi/benign/benign (264).png
2,train,377,busi/benign/benign (267).png
2,train,378,busi/benign/benign (268).png
2,train,379,busi/benign/benign (270).png
2,train,380,busi/benign/benign (271).png
2,train,381,busi/benign/benign (273).png
2,train,382,busi/benign/benign (274).png
2,train,383,busi/benign/benign (275).png
2,train,384,busi/benign/benign (280).png
2,train,385,busi/benign/benign (282).png
2,train,386,busi/benign/benign (283).png
2,train,387,busi/benign/benign (288).png
2,train,388,busi/benign/benign (289).png
2,train,389,busi/benign/benign (290).png
2,train,390,busi/benign/benign (291).png
2,train,391,busi/benign/benign (292).png
2,train,392,busi/benign/benign (293).png
2,train,393,busi/benign/benign (294).png
2,train,394,busi/benign/benign (297).png
2,train,395,busi/benign/benign (298).png
2,train,396,busi/benign/benign (3).png
2,train,397,busi/benign/benign (30).png
2,train,398,busi/benign/benign (300).png
2,train,399,busi/benign/benign (301).png
2,train,400,busi/benign/benign (304).png
2,train,401,busi/benign/benign (307).png
2,train,402,busi/benign/benign (308).png
2,train,403,busi/benign/benign (31).png
2,train,404,busi/benign/benign (311).png
2,train,405,busi/benign/benign (312).png
2,train,406,busi/benign/benign (313).png
2,train,407,busi/benign/benign (314).png
2,train,408,busi/benign/benign (315).png
2,train,409,busi/benign/benign (316).png
2,train,410,busi/benign/benign (317).png
2,train,411,busi/benign/benign (318).png
2,train,412,busi/benign/benign (319).png
2,train,413,busi/benign/benign (32).png
2,train,414,busi/benign/benign (320).png
2,train,415,busi/benign/benign (321).png
2,train,416,busi/benign/benign (323).png
2,train,417,busi/benign/benign (324).png
2,train,418,busi/benign/benign (325).png
2,train,419,busi/benign/benign (326).png
2,train,420,busi/benign/benign (328).png
2,train,421,busi/benign/benign (329).png
2,train,422,busi/benign/benign (33).png
2,train,423,busi/benign/benign (332).png
2,train,424,busi/benign/benign (333).png
2,train,425,busi/benign/benign (334).png
2,train,426,busi/benign/benign (336).png
2,train,427,busi/benign/benign (339).png
2,train,428,busi/benign/benign (340).png
2,train,429,busi/benign/benign (343).png
2,train,430,busi/benign/benign (344).png
2,train,431,busi/benign/benign (345).png
2,train,432,busi/benign/benign (347).png
2,train,433,busi/benign/benign (349).png
2,train,434,busi/benign/benign (35).png
2,train,435,busi/benign/benign (350).png
2,train,436,busi/benign/benign (351).png
2,train,437,busi/benign/benign (353).png
2,train,438,busi/benign/benign (354).png
2,train,439,busi/benign/benign (355).png
2,train,440,busi/benign/benign (356).png
2,train,441,busi/benign/benign (358).png
2,train,442,busi/benign/benign (359).png
2,train,443,busi/benign/benign (36).png
2,train,444,busi/benign/benign (363).png
2,train,445,busi/benign/benign (364).png
2,train,446,busi/benign/benign (366).png
2,train,447,busi/benign/benign (367).png
2,train,448,busi/benign/benign (368).png
2,train,449,busi/benign/benign (369).png
2,train,450,busi/benign/benign (371).png
2,train,451,busi/benign/benign (373).png
2,train,452,busi/benign/benign (374).png
2,train,453,busi/benign/benign (375).png
2,train,454,busi/benign/benign (376).png
2,train,455,busi/benign/benign (377).png
2,train,456,busi/benign/benign (378).png
2,train,457,busi/benign/benign (38).png
2,train,458,busi/benign/benign (380).png
2,train,459,busi/benign/benign (385).png
2,train,460,busi/benign/benign (388).png
2,train,461,busi/benign/benign (389).png
2,train,462,busi/benign/benign (39).png
2,train,463,busi/benign/benign (390).png
2,train,464,busi/benign/benign (392).png
2,train,465,busi/benign/benign (394).png
2,train,466,busi/benign/benign (395).png
2,train,467,busi/benign/benign (4).png
2,train,468,busi/benign/benign (400).png
2,train,469,busi/benign/benign (401).png
2,train,470,busi/benign/benign (402).png
2,train,471,busi/benign/benign (403).png
2,train,472,busi/benign/benign (404).png
2,train,473,busi/benign/benign (407).png
2,train,474,busi/benign/benign (41).png
2,train,475,busi/benign/benign (410).png
2,train,476,busi/benign/benign (411).png
2,train,477,busi/benign/benign (412).png
2,train,478,busi/benign/benign (414).png
2,train,479,busi/benign/benign (415).png
2,train,480,busi/benign/benign (416).png
2,train,481,busi/benign/benign (417).png
2,train,482,busi/benign/benign (418).png
2,train,483,busi/benign/benign (419).png
2,train,484,busi/benign/benign (42).png
2,train,485,busi/benign/benign (420).png
2,train,486,busi/benign/benign (421).png
2,train,487,busi/benign/benign (424).png
2,train,488,busi/benign/benign (425).png
2,train,489,busi/benign/benign (426).png
2,train,490,busi/benign/benign (43).png
2,train,491,busi/benign/benign (430).png
2,train,492,busi/benign/benign (431).png
2,train,493,busi/benign/benign (432).png
2,train,494,busi/benign/benign (435).png
2,train,495,busi/benign/benign (436).png
2,train,496,busi/benign/benign (437).png
2,train,497,busi/benign/benign (45).png
2,train,498,busi/benign/benign (46).png
2,train,499,busi/benign/benign (47).png
2,train,500,busi/benign/benign (48).png
2,train,501,busi/benign/benign (49).png
2,train,502,busi/benign/benign (50).png
2,train,503,busi/benign/benign (51).png
2,train,504,busi/benign/benign (54).png
2,train,505,busi/benign/benign (58).png
2,train,506,busi/benign/benign (6).png
2,train,507,busi/benign/benign (60).png
2,train,508,busi/benign/benign (61).png
2,train,509,busi/benign/benign (62).png
2,train,510,busi/benign/benign (64).png
2,train,511,busi/benign/benign (68).png
2,train,512,busi/benign/benign (69).png
2,train,513,busi/benign/benign (7).png
2,train,514,busi/benign/benign (70).png
2,train,515,busi/benign/benign (71).png
2,train,516,busi/benign/benign (72).png
2,train,517,busi/benign/benign (73).png
2,train,518,busi/benign/benign (75).png
2,train,519,busi/benign/benign (76).png
2,train,520,busi/benign/benign (77).png
2,train,521,busi/benign/benign (78).png
2,train,522,busi/benign/benign (79).png
2,train,523,busi/benign/benign (8).png
2,train,524,busi/benign/benign (81).png
2,train,525,busi/benign/benign (87).png
2,train,526,busi/benign/benign (88).png
2,train,527,busi/benign/benign (89).png
2,train,528,busi/benign/benign (9).png
2,train,529,busi/benign/benign (91).png
2,train,530,busi/benign/benign (92).png
2,train,531,busi/benign/benign (93).png
2,train,532,busi/benign/benign (94).png
2,train,533,busi/benign/benign (96).png
2,train,534,busi/benign/benign (97).png
2,train,535,busi/benign/benign (98).png
2,train,536,busi/malignant/malignant (1).png
2,train,537,busi/malignant/malignant (100).png
2,train,538,busi/malignant/malignant (101).png
2,train,539,busi/malignant/malignant (102).png
2,train,540,busi/malignant/malignant (103).png
2,train,541,busi/malignant/malignant (105).png
2,train,542,busi/malignant/malignant (106).png
2,train,543,busi/malignant/malignant (108).png
2,train,544,busi/malignant/malignant (110).png
2,train,545,busi/malignant/malignant (111).png
2,train,546,busi/malignant/malignant (112).png
2,train,547,busi/malignant/malignant (114).png
2,train,548,busi/malignant/malignant (115).png
2,train,549,busi/malignant/malignant (118).png
2,train,550,busi/malignant/malignant (119).png
2,train,551,busi/malignant/malignant (120).png
2,train,552,busi/malignant/malignant (122).png
2,train,553,busi/malignant/malignant (123).png
2,train,554,busi/malignant/malignant (124).png
2,train,555,busi/malignant/malignant (129).png
2,train,556,busi/malignant/malignant (130).png
2,train,557,busi/malignant/malignant (131).png
2,train,558,busi/malignant/malignant (133).png
2,train,559,busi/malignant/malignant (137).png
2,train,560,busi/malignant/malignant (138).png
2,train,561,busi/malignant/malignant (139).png
2,train,562,busi/malignant/malignant (14).png
2,train,563,busi/malignant/malignant (140).png
2,train,564,busi/malignant/malignant (142).png
2,train,565,busi/malignant/malignant (143).png
2,train,566,busi/malignant/malignant (146).png
2,train,567,busi/malignant/malignant (149).png
2,train,568,busi/malignant/malignant (15).png
2,train,569,busi/malignant/malignant (150).png
2,train,570,busi/malignant/malignant (151).png
2,train,571,busi/malignant/malignant (152).png
2,train,572,busi/malignant/malignant (153).png
2,train,573,busi/malignant/malignant (154).png
2,train,574,busi/malignant/malignant (156).png
2,train,575,busi/malignant/malignant (16).png
2,train,576,busi/malignant/malignant (160).png
2,train,577,busi/malignant/malignant (161).png
2,train,578,busi/malignant/malignant (162).png
2,train,579,busi/malignant/malignant (164).png
2,train,580,busi/malignant/malignant (165).png
2,train,581,busi/malignant/malignant (166).png
2,train,582,busi/malignant/malignant (167).png
2,train,583,busi/malignant/malignant (168).png
2,train,584,busi/malignant/malignant (169).png
2,train,585,busi/malignant/malignant (17).png
2,train,586,busi/malignant/malignant (170).png
2,train,587,busi/malignant/malignant (171).png
2,train,588,busi/malignant/malignant (172).png
2,train,589,busi/malignant/malignant (173).png
2,train,590,busi/malignant/malignant (174).png
2,train,591,busi/malignant/malignant (175).png
2,train,592,busi/malignant/malignant (176).png
2,train,593,busi/malignant/malignant (178).png
2,train,594,busi/malignant/malignant (179).png
2,train,595,busi/malignant/malignant (180).png
2,train,596,busi/malignant/malignant (182).png
2,train,597,busi/malignant/malignant (184).png
2,train,598,busi/malignant/malignant (185).png
2,train,599,busi/malignant/malignant (188).png
2,train,600,busi/malignant/malignant (19).png
2,train,601,busi/malignant/malignant (191).png
2,train,602,busi/malignant/malignant (193).png
2,train,603,busi/malignant/malignant (194).png
2,train,604,busi/malignant/malignant (196).png
2,train,605,busi/malignant/malignant (197).png
2,train,606,busi/malignant/malignant (200).png
2,train,607,busi/malignant/malignant (201).png
2,train,608,busi/malignant/malignant (203).png
2,train,609,busi/malignant/malignant (205).png
2,train,610,busi/malignant/malignant (206).png
2,train,611,busi/malignant/malignant (207).png
2,train,612,busi/malignant/malignant (208).png
2,train,613,busi/malignant/malignant (21).png
2,train,614,busi/malignant/malignant (210).png
2,train,615,busi/malignant/malignant (24).png
2,train,616,busi/malignant/malignant (25).png
2,train,617,busi/malignant/malignant (26).png
2,train,618,busi/malignant/malignant (27).png
2,train,619,busi/malignant/malignant (28).png
2,train,620,busi/malignant/malignant (29).png
2,train,621,busi/malignant/malignant (30).png
2,train,622,busi/malignant/malignant (31).png
2,train,623,busi/malignant/malignant (33).png
2,train,624,busi/malignant/malignant (35).png
2,train,625,busi/malignant/malignant (37).png
2,train,626,busi/malignant/malignant (39).png
2,train,627,busi/malignant/malignant (40).png
2,train,628,busi/malignant/malignant (42).png
2,train,629,busi/malignant/malignant (43).png
2,train,630,busi/malignant/malignant (46).png
2,train,631,busi/malignant/malignant (48).png
2,train,632,busi/malignant/malignant (51).png
2,train,633,busi/malignant/malignant (53).png
2,train,634,busi/malignant/malignant (54).png
2,train,635,busi/malignant/malignant (55).png
2,train,636,busi/malignant/malignant (56).png
2,train,637,busi/malignant/malignant (57).png
2,train,638,busi/malignant/malignant (58).png
2,train,639,busi/malignant/malignant (59).png
2,train,640,busi/malignant/malignant (61).png
2,train,641,busi/malignant/malignant (63).png
2,train,642,busi/malignant/malignant (65).png
2,train,643,busi/malignant/malignant (66).png
2,train,644,busi/malignant/malignant (67).png
2,train,645,busi/malignant/malignant (68).png
2,train,646,busi/malignant/malignant (69).png
2,train,647,busi/malignant/malignant (70).png
2,train,648,busi/malignant/malignant (71).png
2,train,649,busi/malignant/malignant (72).png
2,train,650,busi/malignant/malignant (73).png
2,train,651,busi/malignant/malignant (74).png
2,train,652,busi/malignant/malignant (75).png
2,train,653,busi/malignant/malignant (76).png
2,train,654,busi/malignant/malignant (77).png
2,train,655,busi/malignant/malignant (78).png
2,train,656,busi/malignant/malignant (79).png
2,train,657,busi/malignant/malignant (80).png
2,train,658,busi/malignant/malignant (81).png
2,train,659,busi/malignant/malignant (82).png
2,train,660,busi/malignant/malignant (84).png
2,train,661,busi/malignant/malignant (85).png
2,train,662,busi/malignant/malignant (87).png
2,train,663,busi/malignant/malignant (88).png
2,train,664,busi/malignant/malignant (89).png
2,train,665,busi/malignant/malignant (90).png
2,train,666,busi/malignant/malignant (91).png
2,train,667,busi/malignant/malignant (94).png
2,train,668,busi/malignant/malignant (95).png
2,train,669,busi/malignant/malignant (99).png
2,selection,0,arc/65
2,selection,1,udiat/000121.png
2,selection,2,arc/47
2,selection,3,udiat/000083.png
2,selection,4,arc/40
2,selection,5,arc/252
2,selection,6,arc/101
2,selection,7,arc/63
2,selection,8,arc/273
2,selection,9,arc/268
2,selection,10,arc/97
2,selection,11,udiat/000100.png
2,selection,12,udiat/000015.png
2,selection,13,udiat/000303.png
2,selection,14,udiat/000111.png
2,selection,15,arc/237
2,selection,16,arc/86
2,selection,17,arc/288
2,selection,18,udiat/000017.png
2,selection,19,arc/48
2,selection,20,arc/287
2,selection,21,udiat/000104.png
2,selection,22,arc/178
2,selection,23,udiat/000005.png
2,selection,24,udiat/000073.png
2,selection,25,arc/155
2,selection,26,udiat/000069.png
2,selection,27,arc/11
2,selection,28,udiat/000013.png
2,selection,29,arc/164
2,selection,30,arc/108
2,selection,31,arc/251
2,selection,32,arc/186
2,selection,33,arc/285
2,selection,34,arc/58
2,selection,35,udiat/000076.png
2,selection,36,arc/199
2,selection,37,arc/150
2,selection,38,udiat/000297.png
2,selection,39,udiat/000025.png
2,selection,40,arc/145
2,selection,41,arc/277
2,selection,42,arc/170
2,selection,43,arc/64
2,selection,44,udiat/000115.png
2,selection,45,udiat/000004.png
2,selection,46,arc/53
2,selection,47,arc/30
2,selection,48,arc/84
2,selection,49,arc/128
2,selection,50,arc/102
2,selection,51,arc/98
2,selection,52,udiat/000023.png
2,selection,53,udiat/000136.png
2,selection,54,udiat/000135.png
2,selection,55,udiat/000020.png
2,selection,56,arc/214
2,selection,57,udiat/000140.png
2,selection,58,arc/153
2,selection,59,udiat/000132.png
2,selection,60,arc/255
2,selection,61,udiat/000142.png
2,selection,62,udiat/000051.png
2,selection,63,arc/28
2,selection,64,udiat/000063.png
2,selection,65,arc/80
2,selection,66,busi/benign/benign (10).png
2,selection,67,busi/benign/benign (115).png
2,selection,68,busi/benign/benign (123).png
2,selection,69,busi/benign/benign (124).png
2,selection,70,busi/benign/benign (126).png
2,selection,71,busi/benign/benign (127).png
2,selection,72,busi/benign/benign (13).png
2,selection,73,busi/benign/benign (134).png
2,selection,74,busi/benign/benign (143).png
2,selection,75,busi/benign/benign (153).png
2,selection,76,busi/benign/benign (164).png
2,selection,77,busi/benign/benign (171).png
2,selection,78,busi/benign/benign (188).png
2,selection,79,busi/benign/benign (193).png
2,selection,80,busi/benign/benign (194).png
2,selection,81,busi/benign/benign (201).png
2,selection,82,busi/benign/benign (206).png
2,selection,83,busi/benign/benign (207).png
2,selection,84,busi/benign/benign (216).png
2,selection,85,busi/benign/benign (219).png
2,selection,86,busi/benign/benign (221).png
2,selection,87,busi/benign/benign (226).png
2,selection,88,busi/benign/benign (228).png
2,selection,89,busi/benign/benign (233).png
2,selection,90,busi/benign/benign (244).png
2,selection,91,busi/benign/benign (246).png
2,selection,92,busi/benign/benign (25).png
2,selection,93,busi/benign/benign (253).png
2,selection,94,busi/benign/benign (263).png
2,selection,95,busi/benign/benign (265).png
2,selection,96,busi/benign/benign (269).png
2,selection,97,busi/benign/benign (272).png
2,selection,98,busi/benign/benign (278).png
2,selection,99,busi/benign/benign (299).png
2,selection,100,busi/benign/benign (302).png
2,selection,101,busi/benign/benign (303).png
2,selection,102,busi/benign/benign (306).png
2,selection,103,busi/benign/benign (309).png
2,selection,104,busi/benign/benign (327).png
2,selection,105,busi/benign/benign (330).png
2,selection,106,busi/benign/benign (331).png
2,selection,107,busi/benign/benign (335).png
2,selection,108,busi/benign/benign (34).png
2,selection,109,busi/benign/benign (352).png
2,selection,110,busi/benign/benign (362).png
2,selection,111,busi/benign/benign (37).png
2,selection,112,busi/benign/benign (370).png
2,selection,113,busi/benign/benign (372).png
2,selection,114,busi/benign/benign (381).png
2,selection,115,busi/benign/benign (384).png
2,selection,116,busi/benign/benign (386).png
2,selection,117,busi/benign/benign (387).png
2,selection,118,busi/benign/benign (391).png
2,selection,119,busi/benign/benign (393).png
2,selection,120,busi/benign/benign (397).png
2,selection,121,busi/benign/benign (406).png
2,selection,122,busi/benign/benign (408).png
2,selection,123,busi/benign/benign (409).png
2,selection,124,busi/benign/benign (422).png
2,selection,125,busi/benign/benign (427).png
2,selection,126,busi/benign/benign (428).png
2,selection,127,busi/benign/benign (434).png
2,selection,128,busi/benign/benign (52).png
2,selection,129,busi/benign/benign (55).png
2,selection,130,busi/benign/benign (57).png
2,selection,131,busi/benign/benign (59).png
2,selection,132,busi/benign/benign (66).png
2,selection,133,busi/benign/benign (80).png
2,selection,134,busi/benign/benign (85).png
2,selection,135,busi/malignant/malignant (104).png
2,selection,136,busi/malignant/malignant (109).png
2,selection,137,busi/malignant/malignant (11).png
2,selection,138,busi/malignant/malignant (117).png
2,selection,139,busi/malignant/malignant (13).png
2,selection,140,busi/malignant/malignant (132).png
2,selection,141,busi/malignant/malignant (134).png
2,selection,142,busi/malignant/malignant (158).png
2,selection,143,busi/malignant/malignant (159).png
2,selection,144,busi/malignant/malignant (163).png
2,selection,145,busi/malignant/malignant (181).png
2,selection,146,busi/malignant/malignant (183).png
2,selection,147,busi/malignant/malignant (192).png
2,selection,148,busi/malignant/malignant (199).png
2,selection,149,busi/malignant/malignant (20).png
2,selection,150,busi/malignant/malignant (202).png
2,selection,151,busi/malignant/malignant (209).png
2,selection,152,busi/malignant/malignant (22).png
2,selection,153,busi/malignant/malignant (3).png
2,selection,154,busi/malignant/malignant (36).png
2,selection,155,busi/malignant/malignant (38).png
2,selection,156,busi/malignant/malignant (4).png
2,selection,157,busi/malignant/malignant (45).png
2,selection,158,busi/malignant/malignant (47).png
2,selection,159,busi/malignant/malignant (5).png
2,selection,160,busi/malignant/malignant (52).png
2,selection,161,busi/malignant/malignant (6).png
2,selection,162,busi/malignant/malignant (62).png
2,selection,163,busi/malignant/malignant (7).png
2,selection,164,busi/malignant/malignant (8).png
2,selection,165,busi/malignant/malignant (83).png
2,selection,166,busi/malignant/malignant (9).png
2,selection,167,busi/malignant/malignant (98).png
2,test,0,udiat/000134.png
2,test,1,udiat/000044.png
2,test,2,arc/209
2,test,3,arc/35
2,test,4,arc/21
2,test,5,arc/149
2,test,6,udiat/000055.png
2,test,7,udiat/000034.png
2,test,8,arc/105
2,test,9,arc/41
2,test,10,udiat/000147.png
2,test,11,arc/142
2,test,12,arc/179
2,test,13,udiat/000101.png
2,test,14,arc/94
2,test,15,arc/183
2,test,16,arc/9
2,test,17,arc/118
2,test,18,arc/45
2,test,19,arc/115
2,test,20,arc/39
2,test,21,arc/2
2,test,22,arc/254
2,test,23,arc/275
2,test,24,udiat/000060.png
2,test,25,udiat/000026.png
2,test,26,udiat/000053.png
2,test,27,udiat/000027.png
2,test,28,arc/141
2,test,29,arc/230
2,test,30,udiat/000087.png
2,test,31,arc/208
2,test,32,udiat/000107.png
2,test,33,arc/171
2,test,34,udiat/000301.png
2,test,35,udiat/000068.png
2,test,36,udiat/000059.png
2,test,37,arc/182
2,test,38,arc/289
2,test,39,arc/200
2,test,40,arc/238
2,test,41,arc/72
2,test,42,arc/123
2,test,43,udiat/000078.png
2,test,44,arc/243
2,test,45,udiat/000065.png
2,test,46,arc/17
2,test,47,arc/212
2,test,48,udiat/000112.png
2,test,49,udiat/000143.png
2,test,50,arc/197
2,test,51,udiat/000119.png
2,test,52,udiat/000035.png
2,test,53,arc/135
2,test,54,udiat/000047.png
2,test,55,arc/246
2,test,56,arc/280
2,test,57,arc/109
2,test,58,udiat/000048.png
2,test,59,udiat/000071.png
2,test,60,arc/67
2,test,61,arc/180
2,test,62,udiat/000007.png
2,test,63,udiat/000052.png
2,test,64,arc/93
2,test,65,arc/270
2,test,66,arc/51
2,test,67,arc/299
2,test,68,udiat/000021.png
2,test,69,udiat/000113.png
2,test,70,arc/229
2,test,71,arc/267
2,test,72,udiat/000057.png
2,test,73,arc/120
2,test,74,udiat/000064.png
2,test,75,udiat/000033.png
2,test,76,arc/144
2,test,77,arc/92
2,test,78,arc/83
2,test,79,arc/281
2,test,80,arc/222
2,test,81,arc/110
2,test,82,udiat/000074.png
2,test,83,udiat/000084.png
2,test,84,busi/benign/benign (111).png
2,test,85,busi/benign/benign (118).png
2,test,86,busi/benign/benign (120).png
2,test,87,busi/benign/benign (121).png
2,test,88,busi/benign/benign (129).png
2,test,89,busi/benign/benign (139).png
2,test,90,busi/benign/benign (140).png
2,test,91,busi/benign/benign (147).png
2,test,92,busi/benign/benign (154).png
2,test,93,busi/benign/benign (157).png
2,test,94,busi/benign/benign (161).png
2,test,95,busi/benign/benign (163).png
2,test,96,busi/benign/benign (167).png
2,test,97,busi/benign/benign (170).png
2,test,98,busi/benign/benign (172).png
2,test,99,busi/benign/benign (175).png
2,test,100,busi/benign/benign (183).png
2,test,101,busi/benign/benign (184).png
2,test,102,busi/benign/benign (187).png
2,test,103,busi/benign/benign (192).png
2,test,104,busi/benign/benign (198).png
2,test,105,busi/benign/benign (205).png
2,test,106,busi/benign/benign (218).png
2,test,107,busi/benign/benign (22).png
2,test,108,busi/benign/benign (23).png
2,test,109,busi/benign/benign (231).png
2,test,110,busi/benign/benign (232).png
2,test,111,busi/benign/benign (237).png
2,test,112,busi/benign/benign (240).png
2,test,113,busi/benign/benign (241).png
2,test,114,busi/benign/benign (245).png
2,test,115,busi/benign/benign (250).png
2,test,116,busi/benign/benign (255).png
2,test,117,busi/benign/benign (256).png
2,test,118,busi/benign/benign (262).png
2,test,119,busi/benign/benign (266).png
2,test,120,busi/benign/benign (27).png
2,test,121,busi/benign/benign (276).png
2,test,122,busi/benign/benign (277).png
2,test,123,busi/benign/benign (279).png
2,test,124,busi/benign/benign (28).png
2,test,125,busi/benign/benign (281).png
2,test,126,busi/benign/benign (284).png
2,test,127,busi/benign/benign (285).png
2,test,128,busi/benign/benign (286).png
2,test,129,busi/benign/benign (287).png
2,test,130,busi/benign/benign (29).png
2,test,131,busi/benign/benign (295).png
2,test,132,busi/benign/benign (296).png
2,test,133,busi/benign/benign (305).png
2,test,134,busi/benign/benign (310).png
2,test,135,busi/benign/benign (322).png
2,test,136,busi/benign/benign (337).png
2,test,137,busi/benign/benign (338).png
2,test,138,busi/benign/benign (341).png
2,test,139,busi/benign/benign (342).png
2,test,140,busi/benign/benign (346).png
2,test,141,busi/benign/benign (348).png
2,test,142,busi/benign/benign (357).png
2,test,143,busi/benign/benign (360).png
2,test,144,busi/benign/benign (361).png
2,test,145,busi/benign/benign (365).png
2,test,146,busi/benign/benign (379).png
2,test,147,busi/benign/benign (382).png
2,test,148,busi/benign/benign (383).png
2,test,149,busi/benign/benign (396).png
2,test,150,busi/benign/benign (398).png
2,test,151,busi/benign/benign (399).png
2,test,152,busi/benign/benign (40).png
2,test,153,busi/benign/benign (405).png
2,test,154,busi/benign/benign (413).png
2,test,155,busi/benign/benign (423).png
2,test,156,busi/benign/benign (429).png
2,test,157,busi/benign/benign (44).png
2,test,158,busi/benign/benign (5).png
2,test,159,busi/benign/benign (53).png
2,test,160,busi/benign/benign (56).png
2,test,161,busi/benign/benign (63).png
2,test,162,busi/benign/benign (65).png
2,test,163,busi/benign/benign (67).png
2,test,164,busi/benign/benign (74).png
2,test,165,busi/benign/benign (82).png
2,test,166,busi/benign/benign (83).png
2,test,167,busi/benign/benign (84).png
2,test,168,busi/benign/benign (86).png
2,test,169,busi/benign/benign (90).png
2,test,170,busi/benign/benign (95).png
2,test,171,busi/benign/benign (99).png
2,test,172,busi/malignant/malignant (10).png
2,test,173,busi/malignant/malignant (107).png
2,test,174,busi/malignant/malignant (113).png
2,test,175,busi/malignant/malignant (116).png
2,test,176,busi/malignant/malignant (12).png
2,test,177,busi/malignant/malignant (121).png
2,test,178,busi/malignant/malignant (125).png
2,test,179,busi/malignant/malignant (126).png
2,test,180,busi/malignant/malignant (127).png
2,test,181,busi/malignant/malignant (128).png
2,test,182,busi/malignant/malignant (135).png
2,test,183,busi/malignant/malignant (136).png
2,test,184,busi/malignant/malignant (141).png
2,test,185,busi/malignant/malignant (144).png
2,test,186,busi/malignant/malignant (147).png
2,test,187,busi/malignant/malignant (148).png
2,test,188,busi/malignant/malignant (155).png
2,test,189,busi/malignant/malignant (157).png
2,test,190,busi/malignant/malignant (177).png
2,test,191,busi/malignant/malignant (18).png
2,test,192,busi/malignant/malignant (186).png
2,test,193,busi/malignant/malignant (187).png
2,test,194,busi/malignant/malignant (189).png
2,test,195,busi/malignant/malignant (190).png
2,test,196,busi/malignant/malignant (195).png
2,test,197,busi/malignant/malignant (198).png
2,test,198,busi/malignant/malignant (2).png
2,test,199,busi/malignant/malignant (204).png
2,test,200,busi/malignant/malignant (23).png
2,test,201,busi/malignant/malignant (32).png
2,test,202,busi/malignant/malignant (34).png
2,test,203,busi/malignant/malignant (41).png
2,test,204,busi/malignant/malignant (44).png
2,test,205,busi/malignant/malignant (49).png
2,test,206,busi/malignant/malignant (50).png
2,test,207,busi/malignant/malignant (60).png
2,test,208,busi/malignant/malignant (64).png
2,test,209,busi/malignant/malignant (86).png
2,test,210,busi/malignant/malignant (92).png
2,test,211,busi/malignant/malignant (93).png
2,test,212,busi/malignant/malignant (96).png
2,test,213,busi/malignant/malignant (97).png
3,train,0,udiat/000030.png
3,train,1,arc/191
3,train,2,arc/13
3,train,3,udiat/000145.png
3,train,4,arc/35
3,train,5,udiat/000091.png
3,train,6,udiat/000080.png
3,train,7,arc/47
3,train,8,arc/21
3,train,9,udiat/000083.png
3,train,10,arc/216
3,train,11,arc/40
3,train,12,arc/149
3,train,13,udiat/000055.png
3,train,14,udiat/000034.png
3,train,15,arc/252
3,train,16,arc/101
3,train,17,arc/137
3,train,18,arc/63
3,train,19,arc/105
3,train,20,arc/18
3,train,21,arc/268
3,train,22,udiat/000010.png
3,train,23,arc/206
3,train,24,udiat/000075.png
3,train,25,arc/55
3,train,26,arc/173
3,train,27,udiat/000147.png
3,train,28,arc/62
3,train,29,arc/192
3,train,30,arc/31
3,train,31,udiat/000101.png
3,train,32,udiat/000100.png
3,train,33,arc/94
3,train,34,arc/183
3,train,35,udiat/000128.png
3,train,36,udiat/000018.png
3,train,37,arc/148
3,train,38,arc/75
3,train,39,arc/122
3,train,40,arc/266
3,train,41,udiat/000015.png
3,train,42,arc/115
3,train,43,arc/7
3,train,44,udiat/000014.png
3,train,45,udiat/000137.png
3,train,46,arc/269
3,train,47,arc/39
3,train,48,udiat/000303.png
3,train,49,arc/175
3,train,50,arc/2
3,train,51,arc/254
3,train,52,udiat/000006.png
3,train,53,arc/36
3,train,54,udiat/000111.png
3,train,55,arc/138
3,train,56,arc/258
3,train,57,arc/271
3,train,58,arc/275
3,train,59,arc/237
3,train,60,arc/242
3,train,61,arc/244
3,train,62,udiat/000045.png
3,train,63,arc/245
3,train,64,arc/86
3,train,65,arc/174
3,train,66,udiat/000060.png
3,train,67,arc/278
3,train,68,udiat/000079.png
3,train,69,arc/76
3,train,70,udiat/000305.png
3,train,71,udiat/000026.png
3,train,72,udiat/000053.png
3,train,73,arc/48
3,train,74,udiat/000038.png
3,train,75,udiat/000027.png
3,train,76,udiat/000104.png
3,train,77,arc/303
3,train,78,arc/147
3,train,79,udiat/000124.png
3,train,80,arc/141
3,train,81,arc/151
3,train,82,udiat/000307.png
3,train,83,udiat/000058.png
3,train,84,arc/178
3,train,85,udiat/000095.png
3,train,86,arc/230
3,train,87,udiat/000087.png
3,train,88,arc/231
3,train,89,udiat/000077.png
3,train,90,arc/263
3,train,91,arc/68
3,train,92,udiat/000092.png
3,train,93,arc/16
3,train,94,udiat/000107.png
3,train,95,udiat/000073.png
3,train,96,udiat/000301.png
3,train,97,arc/155
3,train,98,arc/116
3,train,99,udiat/000306.png
3,train,100,arc/226
3,train,101,arc/189
3,train,102,arc/265
3,train,103,udiat/000068.png
3,train,104,udiat/000059.png
3,train,105,udiat/000019.png
3,train,106,arc/182
3,train,107,arc/291
3,train,108,arc/44
3,train,109,udiat/000069.png
3,train,110,udiat/000050.png
3,train,111,arc/200
3,train,112,arc/11
3,train,113,arc/238
3,train,114,udiat/000013.png
3,train,115,arc/164
3,train,116,arc/50
3,train,117,udiat/000067.png
3,train,118,arc/77
3,train,119,udiat/000085.png
3,train,120,arc/131
3,train,121,arc/72
3,train,122,arc/58
3,train,123,arc/123
3,train,124,arc/26
3,train,125,udiat/000131.png
3,train,126,udiat/000041.png
3,train,127,udiat/000043.png
3,train,128,udiat/000097.png
3,train,129,udiat/000046.png
3,train,130,udiat/000076.png
3,train,131,arc/243
3,train,132,udiat/000065.png
3,train,133,arc/25
3,train,134,arc/17
3,train,135,arc/212
3,train,136,arc/199
3,train,137,udiat/000112.png
3,train,138,udiat/000070.png
3,train,139,udiat/000300.png
3,train,140,udiat/000117.png
3,train,141,udiat/000127.png
3,train,142,arc/23
3,train,143,udiat/000143.png
3,train,144,arc/197
3,train,145,udiat/000119.png
3,train,146,udiat/000125.png
3,train,147,arc/145
3,train,148,arc/301
3,train,149,arc/8
3,train,150,arc/170
3,train,151,udiat/000035.png
3,train,152,udiat/000122.png
3,train,153,udiat/000086.png
3,train,154,arc/64
3,train,155,udiat/000029.png
3,train,156,udiat/000138.png
3,train,157,udiat/000115.png
3,train,158,udiat/000004.png
3,train,159,arc/57
3,train,160,arc/224
3,train,161,arc/135
3,train,162,udiat/000099.png
3,train,163,udiat/000047.png
3,train,164,udiat/000022.png
3,train,165,arc/109
3,train,166,arc/235
3,train,167,arc/56
3,train,168,arc/236
3,train,169,arc/210
3,train,170,arc/30
3,train,171,udiat/000048.png
3,train,172,arc/169
3,train,173,arc/79
3,train,174,udiat/000028.png
3,train,175,udiat/000071.png
3,train,176,arc/34
3,train,177,arc/84
3,train,178,arc/67
3,train,179,arc/121
3,train,180,arc/128
3,train,181,udiat/000295.png
3,train,182,arc/180
3,train,183,arc/102
3,train,184,arc/98
3,train,185,arc/184
3,train,186,udiat/000011.png
3,train,187,arc/140
3,train,188,arc/158
3,train,189,arc/46
3,train,190,arc/4
3,train,191,udiat/000052.png
3,train,192,arc/227
3,train,193,arc/93
3,train,194,arc/294
3,train,195,udiat/000136.png
3,train,196,arc/270
3,train,197,arc/51
3,train,198,arc/69
3,train,199,arc/196
3,train,200,udiat/000135.png
3,train,201,udiat/000016.png
3,train,202,arc/299
3,train,203,arc/82
3,train,204,udiat/000021.png
3,train,205,arc/27
3,train,206,udiat/000113.png
3,train,207,udiat/000061.png
3,train,208,arc/229
3,train,209,udiat/000002.png
3,train,210,arc/214
3,train,211,arc/267
3,train,212,udiat/000140.png
3,train,213,udiat/000012.png
3,train,214,arc/117
3,train,215,arc/120
3,train,216,udiat/000003.png
3,train,217,arc/54
3,train,218,arc/253
3,train,219,udiat/000296.png
3,train,220,arc/276
3,train,221,arc/159
3,train,222,arc/295
3,train,223,udiat/000072.png
3,train,224,arc/168
3,train,225,udiat/000001.png
3,train,226,arc/144
3,train,227,arc/33
3,train,228,arc/240
3,train,229,arc/92
3,train,230,arc/83
3,train,231,udiat/000142.png
3,train,232,udiat/000051.png
3,train,233,arc/284
3,train,234,arc/281
3,train,235,arc/264
3,train,236,arc/302
3,train,237,arc/157
3,train,238,arc/81
3,train,239,arc/124
3,train,240,udiat/000009.png
3,train,241,arc/187
3,train,242,udiat/000066.png
3,train,243,arc/107
3,train,244,arc/132
3,train,245,udiat/000302.png
3,train,246,arc/146
3,train,247,arc/181
3,train,248,arc/80
3,train,249,udiat/000129.png
3,train,250,arc/156
3,train,251,arc/290
3,train,252,arc/205
3,train,253,arc/222
3,train,254,arc/166
3,train,255,arc/110
3,train,256,udiat/000074.png
3,train,257,arc/29
3,train,258,arc/167
3,train,259,udiat/000084.png
3,train,260,udiat/000299.png
3,train,261,udiat/000031.png
3,train,262,busi/benign/benign (1).png
3,train,263,busi/benign/benign (10).png
3,train,264,busi/benign/benign (101).png
3,train,265,busi/benign/benign (102).png
3,train,266,busi/benign/benign (103).png
3,train,267,busi/benign/benign (105).png
3,train,268,busi/benign/benign (107).png
3,train,269,busi/benign/benign (110).png
3,train,270,busi/benign/benign (112).png
3,train,271,busi/benign/benign (113).png
3,train,272,busi/benign/benign (116).png
3,train,273,busi/benign/benign (117).png
3,train,274,busi/benign/benign (118).png
3,train,275,busi/benign/benign (119).png
3,train,276,busi/benign/benign (12).png
3,train,277,busi/benign/benign (120).png
3,train,278,busi/benign/benign (121).png
3,train,279,busi/benign/benign (122).png
3,train,280,busi/benign/benign (125).png
3,train,281,busi/benign/benign (127).png
3,train,282,busi/benign/benign (128).png
3,train,283,busi/benign/benign (129).png
3,train,284,busi/benign/benign (131).png
3,train,285,busi/benign/benign (133).png
3,train,286,busi/benign/benign (134).png
3,train,287,busi/benign/benign (135).png
3,train,288,busi/benign/benign (136).png
3,train,289,busi/benign/benign (138).png
3,train,290,busi/benign/benign (139).png
3,train,291,busi/benign/benign (14).png
3,train,292,busi/benign/benign (142).png
3,train,293,busi/benign/benign (144).png
3,train,294,busi/benign/benign (145).png
3,train,295,busi/benign/benign (146).png
3,train,296,busi/benign/benign (147).png
3,train,297,busi/benign/benign (148).png
3,train,298,busi/benign/benign (149).png
3,train,299,busi/benign/benign (15).png
3,train,300,busi/benign/benign (151).png
3,train,301,busi/benign/benign (153).png
3,train,302,busi/benign/benign (154).png
3,train,303,busi/benign/benign (155).png
3,train,304,busi/benign/benign (156).png
3,train,305,busi/benign/benign (157).png
3,train,306,busi/benign/benign (158).png
3,train,307,busi/benign/benign (16).png
3,train,308,busi/benign/benign (160).png
3,train,309,busi/benign/benign (161).png
3,train,310,busi/benign/benign (162).png
3,train,311,busi/benign/benign (163).png
3,train,312,busi/benign/benign (165).png
3,train,313,busi/benign/benign (166).png
3,train,314,busi/benign/benign (167).png
3,train,315,busi/benign/benign (169).png
3,train,316,busi/benign/benign (170).png
3,train,317,busi/benign/benign (172).png
3,train,318,busi/benign/benign (173).png
3,train,319,busi/benign/benign (174).png
3,train,320,busi/benign/benign (175).png
3,train,321,busi/benign/benign (176).png
3,train,322,busi/benign/benign (177).png
3,train,323,busi/benign/benign (178).png
3,train,324,busi/benign/benign (179).png
3,train,325,busi/benign/benign (180).png
3,train,326,busi/benign/benign (181).png
3,train,327,busi/benign/benign (182).png
3,train,328,busi/benign/benign (186).png
3,train,329,busi/benign/benign (187).png
3,train,330,busi/benign/benign (188).png
3,train,331,busi/benign/benign (189).png
3,train,332,busi/benign/benign (190).png
3,train,333,busi/benign/benign (191).png
3,train,334,busi/benign/benign (192).png
3,train,335,busi/benign/benign (193).png
3,train,336,busi/benign/benign (194).png
3,train,337,busi/benign/benign (196).png
3,train,338,busi/benign/benign (197).png
3,train,339,busi/benign/benign (198).png
3,train,340,busi/benign/benign (199).png
3,train,341,busi/benign/benign (2).png
3,train,342,busi/benign/benign (20).png
3,train,343,busi/benign/benign (200).png
3,train,344,busi/benign/benign (204).png
3,train,345,busi/benign/benign (206).png
3,train,346,busi/benign/benign (208).png
3,train,347,busi/benign/benign (214).png
3,train,348,busi/benign/benign (216).png
3,train,349,busi/benign/benign (218).png
3,train,350,busi/benign/benign (219).png
3,train,351,busi/benign/benign (22).png
3,train,352,busi/benign/benign (221).png
3,train,353,busi/benign/benign (222).png
3,train,354,busi/benign/benign (224).png
3,train,355,busi/benign/benign (225).png
3,train,356,busi/benign/benign (227).png
3,train,357,busi/benign/benign (229).png
3,train,358,busi/benign/benign (232).png
3,train,359,busi/benign/benign (233).png
3,train,360,busi/benign/benign (234).png
3,train,361,busi/benign/benign (235).png
3,train,362,busi/benign/benign (236).png
3,train,363,busi/benign/benign (237).png
3,train,364,busi/benign/benign (238).png
3,train,365,busi/benign/benign (24).png
3,train,366,busi/benign/benign (240).png
3,train,367,busi/benign/benign (245).png
3,train,368,busi/benign/benign (247).png
3,train,369,busi/benign/benign (248).png
3,train,370,busi/benign/benign (249).png
3,train,371,busi/benign/benign (25).png
3,train,372,busi/benign/benign (250).png
3,train,373,busi/benign/benign (251).png
3,train,374,busi/benign/benign (255).png
3,train,375,busi/benign/benign (256).png
3,train,376,busi/benign/benign (259).png
3,train,377,busi/benign/benign (26).png
3,train,378,busi/benign/benign (260).png
3,train,379,busi/benign/benign (261).png
3,train,380,busi/benign/benign (262).png
3,train,381,busi/benign/benign (264).png
3,train,382,busi/benign/benign (265).png
3,train,383,busi/benign/benign (267).png
3,train,384,busi/benign/benign (269).png
3,train,385,busi/benign/benign (27).png
3,train,386,busi/benign/benign (271).png
3,train,387,busi/benign/benign (272).png
3,train,388,busi/benign/benign (274).png
3,train,389,busi/benign/benign (276).png
3,train,390,busi/benign/benign (277).png
3,train,391,busi/benign/benign (280).png
3,train,392,busi/benign/benign (282).png
3,train,393,busi/benign/benign (283).png
3,train,394,busi/benign/benign (284).png
3,train,395,busi/benign/benign (285).png
3,train,396,busi/benign/benign (286).png
3,train,397,busi/benign/benign (287).png
3,train,398,busi/benign/benign (290).png
3,train,399,busi/benign/benign (291).png
3,train,400,busi/benign/benign (292).png
3,train,401,busi/benign/benign (293).png
3,train,402,busi/benign/benign (294).png
3,train,403,busi/benign/benign (296).png
3,train,404,busi/benign/benign (299).png
3,train,405,busi/benign/benign (30).png
3,train,406,busi/benign/benign (300).png
3,train,407,busi/benign/benign (303).png
3,train,408,busi/benign/benign (304).png
3,train,409,busi/benign/benign (305).png
3,train,410,busi/benign/benign (307).png
3,train,411,busi/benign/benign (310).png
3,train,412,busi/benign/benign (311).png
3,train,413,busi/benign/benign (314).png
3,train,414,busi/benign/benign (317).png
3,train,415,busi/benign/benign (318).png
3,train,416,busi/benign/benign (32).png
3,train,417,busi/benign/benign (321).png
3,train,418,busi/benign/benign (322).png
3,train,419,busi/benign/benign (324).png
3,train,420,busi/benign/benign (325).png
3,train,421,busi/benign/benign (327).png
3,train,422,busi/benign/benign (328).png
3,train,423,busi/benign/benign (329).png
3,train,424,busi/benign/benign (332).png
3,train,425,busi/benign/benign (333).png
3,train,426,busi/benign/benign (334).png
3,train,427,busi/benign/benign (336).png
3,train,428,busi/benign/benign (337).png
3,train,429,busi/benign/benign (338).png
3,train,430,busi/benign/benign (341).png
3,train,431,busi/benign/benign (342).png
3,train,432,busi/benign/benign (345).png
3,train,433,busi/benign/benign (346).png
3,train,434,busi/benign/benign (347).png
3,train,435,busi/benign/benign (348).png
3,train,436,busi/benign/benign (35).png
3,train,437,busi/benign/benign (350).png
3,train,438,busi/benign/benign (351).png
3,train,439,busi/benign/benign (352).png
3,train,440,busi/benign/benign (353).png
3,train,441,busi/benign/benign (354).png
3,train,442,busi/benign/benign (357).png
3,train,443,busi/benign/benign (358).png
3,train,444,busi/benign/benign (36).png
3,train,445,busi/benign/benign (360).png
3,train,446,busi/benign/benign (362).png
3,train,447,busi/benign/benign (363).png
3,train,448,busi/benign/benign (365).png
3,train,449,busi/benign/benign (366).png
3,train,450,busi/benign/benign (368).png
3,train,451,busi/benign/benign (369).png
3,train,452,busi/benign/benign (37).png
3,train,453,busi/benign/benign (370).png
3,train,454,busi/benign/benign (371).png
3,train,455,busi/benign/benign (373).png
3,train,456,busi/benign/benign (375).png
3,train,457,busi/benign/benign (376).png
3,train,458,busi/benign/benign (378).png
3,train,459,busi/benign/benign (379).png
3,train,460,busi/benign/benign (380).png
3,train,461,busi/benign/benign (382).png
3,train,462,busi/benign/benign (383).png
3,train,463,busi/benign/benign (384).png
3,train,464,busi/benign/benign (386).png
3,train,465,busi/benign/benign (387).png
3,train,466,busi/benign/benign (389).png
3,train,467,busi/benign/benign (391).png
3,train,468,busi/benign/benign (395).png
3,train,469,busi/benign/benign (396).png
3,train,470,busi/benign/benign (397).png
3,train,471,busi/benign/benign (398).png
3,train,472,busi/benign/benign (399).png
3,train,473,busi/benign/benign (4).png
3,train,474,busi/benign/benign (40).png
3,train,475,busi/benign/benign (401).png
3,train,476,busi/benign/benign (402).png
3,train,477,busi/benign/benign (403).png
3,train,478,busi/benign/benign (404).png
3,train,479,busi/benign/benign (405).png
3,train,480,busi/benign/benign (406).png
3,train,481,busi/benign/benign (408).png
3,train,482,busi/benign/benign (41).png
3,train,483,busi/benign/benign (410).png
3,train,484,busi/benign/benign (411).png
3,train,485,busi/benign/benign (413).png
3,train,486,busi/benign/benign (415).png
3,train,487,busi/benign/benign (416).png
3,train,488,busi/benign/benign (418).png
3,train,489,busi/benign/benign (419).png
3,train,490,busi/benign/benign (42).png
3,train,491,busi/benign/benign (420).png
3,train,492,busi/benign/benign (423).png
3,train,493,busi/benign/benign (427).png
3,train,494,busi/benign/benign (429).png
3,train,495,busi/benign/benign (43).png
3,train,496,busi/benign/benign (430).png
3,train,497,busi/benign/benign (431).png
3,train,498,busi/benign/benign (432).png
3,train,499,busi/benign/benign (435).png
3,train,500,busi/benign/benign (437).png
3,train,501,busi/benign/benign (44).png
3,train,502,busi/benign/benign (45).png
3,train,503,busi/benign/benign (46).png
3,train,504,busi/benign/benign (47).png
3,train,505,busi/benign/benign (48).png
3,train,506,busi/benign/benign (5).png
3,train,507,busi/benign/benign (50).png
3,train,508,busi/benign/benign (51).png
3,train,509,busi/benign/benign (52).png
3,train,510,busi/benign/benign (53).png
3,train,511,busi/benign/benign (56).png
3,train,512,busi/benign/benign (57).png
3,train,513,busi/benign/benign (58).png
3,train,514,busi/benign/benign (59).png
3,train,515,busi/benign/benign (60).png
3,train,516,busi/benign/benign (62).png
3,train,517,busi/benign/benign (65).png
3,train,518,busi/benign/benign (67).png
3,train,519,busi/benign/benign (68).png
3,train,520,busi/benign/benign (69).png
3,train,521,busi/benign/benign (7).png
3,train,522,busi/benign/benign (73).png
3,train,523,busi/benign/benign (74).png
3,train,524,busi/benign/benign (75).png
3,train,525,busi/benign/benign (77).png
3,train,526,busi/benign/benign (79).png
3,train,527,busi/benign/benign (8).png
3,train,528,busi/benign/benign (81).png
3,train,529,busi/benign/benign (82).png
3,train,530,busi/benign/benign (84).png
3,train,531,busi/benign/benign (86).png
3,train,532,busi/benign/benign (88).png
3,train,533,busi/benign/benign (89).png
3,train,534,busi/benign/benign (90).png
3,train,535,busi/benign/benign (91).png
3,train,536,busi/benign/benign (92).png
3,train,537,busi/benign/benign (96).png
3,train,538,busi/benign/benign (97).png
3,train,539,busi/benign/benign (98).png
3,train,540,busi/benign/benign (99).png
3,train,541,busi/malignant/malignant (10).png
3,train,542,busi/malignant/malignant (100).png
3,train,543,busi/malignant/malignant (102).png
3,train,544,busi/malignant/malignant (104).png
3,train,545,busi/malignant/malignant (105).png
3,train,546,busi/malignant/malignant (108).png
3,train,547,busi/malignant/malignant (109).png
3,train,548,busi/malignant/malignant (11).png
3,train,549,busi/malignant/malignant (111).png
3,train,550,busi/malignant/malignant (112).png
3,train,551,busi/malignant/malignant (114).png
3,train,552,busi/malignant/malignant (115).png
3,train,553,busi/malignant/malignant (116).png
3,train,554,busi/malignant/malignant (12).png
3,train,555,busi/malignant/malignant (121).png
3,train,556,busi/malignant/malignant (124).png
3,train,557,busi/malignant/malignant (125).png
3,train,558,busi/malignant/malignant (126).png
3,train,559,busi/malignant/malignant (127).png
3,train,560,busi/malignant/malignant (129).png
3,train,561,busi/malignant/malignant (13).png
3,train,562,busi/malignant/malignant (131).png
3,train,563,busi/malignant/malignant (133).png
3,train,564,busi/malignant/malignant (136).png
3,train,565,busi/malignant/malignant (138).png
3,train,566,busi/malignant/malignant (139).png
3,train,567,busi/malignant/malignant (140).png
3,train,568,busi/malignant/malignant (141).png
3,train,569,busi/malignant/malignant (142).png
3,train,570,busi/malignant/malignant (144).png
3,train,571,busi/malignant/malignant (146).png
3,train,572,busi/malignant/malignant (148).png
3,train,573,busi/malignant/malignant (149).png
3,train,574,busi/malignant/malignant (15).png
3,train,575,busi/malignant/malignant (150).png
3,train,576,busi/malignant/malignant (153).png
3,train,577,busi/malignant/malignant (156).png
3,train,578,busi/malignant/malignant (157).png
3,train,579,busi/malignant/malignant (16).png
3,train,580,busi/malignant/malignant (161).png
3,train,581,busi/malignant/malignant (162).png
3,train,582,busi/malignant/malignant (163).png
3,train,583,busi/malignant/malignant (165).png
3,train,584,busi/malignant/malignant (17).png
3,train,585,busi/malignant/malignant (170).png
3,train,586,busi/malignant/malignant (171).png
3,train,587,busi/malignant/malignant (172).png
3,train,588,busi/malignant/malignant (173).png
3,train,589,busi/malignant/malignant (174).png
3,train,590,busi/malignant/malignant (175).png
3,train,591,busi/malignant/malignant (176).png
3,train,592,busi/malignant/malignant (177).png
3,train,593,busi/malignant/malignant (178).png
3,train,594,busi/malignant/malignant (18).png
3,train,595,busi/malignant/malignant (180).png
3,train,596,busi/malignant/malignant (182).png
3,train,597,busi/malignant/malignant (184).png
3,train,598,busi/malignant/malignant (185).png
3,train,599,busi/malignant/malignant (186).png
3,train,600,busi/malignant/malignant (187).png
3,train,601,busi/malignant/malignant (188).png
3,train,602,busi/malignant/malignant (189).png
3,train,603,busi/malignant/malignant (19).png
3,train,604,busi/malignant/malignant (190).png
3,train,605,busi/malignant/malignant (191).png
3,train,606,busi/malignant/malignant (192).png
3,train,607,busi/malignant/malignant (196).png
3,train,608,busi/malignant/malignant (197).png
3,train,609,busi/malignant/malignant (198).png
3,train,610,busi/malignant/malignant (199).png
3,train,611,busi/malignant/malignant (200).png
3,train,612,busi/malignant/malignant (203).png
3,train,613,busi/malignant/malignant (205).png
3,train,614,busi/malignant/malignant (206).png
3,train,615,busi/malignant/malignant (207).png
3,train,616,busi/malignant/malignant (208).png
3,train,617,busi/malignant/malignant (209).png
3,train,618,busi/malignant/malignant (210).png
3,train,619,busi/malignant/malignant (23).png
3,train,620,busi/malignant/malignant (26).png
3,train,621,busi/malignant/malignant (27).png
3,train,622,busi/malignant/malignant (28).png
3,train,623,busi/malignant/malignant (32).png
3,train,624,busi/malignant/malignant (34).png
3,train,625,busi/malignant/malignant (38).png
3,train,626,busi/malignant/malignant (39).png
3,train,627,busi/malignant/malignant (41).png
3,train,628,busi/malignant/malignant (42).png
3,train,629,busi/malignant/malignant (43).png
3,train,630,busi/malignant/malignant (44).png
3,train,631,busi/malignant/malignant (46).png
3,train,632,busi/malignant/malignant (47).png
3,train,633,busi/malignant/malignant (51).png
3,train,634,busi/malignant/malignant (53).png
3,train,635,busi/malignant/malignant (54).png
3,train,636,busi/malignant/malignant (55).png
3,train,637,busi/malignant/malignant (56).png
3,train,638,busi/malignant/malignant (58).png
3,train,639,busi/malignant/malignant (59).png
3,train,640,busi/malignant/malignant (60).png
3,train,641,busi/malignant/malignant (61).png
3,train,642,busi/malignant/malignant (62).png
3,train,643,busi/malignant/malignant (63).png
3,train,644,busi/malignant/malignant (65).png
3,train,645,busi/malignant/malignant (66).png
3,train,646,busi/malignant/malignant (67).png
3,train,647,busi/malignant/malignant (68).png
3,train,648,busi/malignant/malignant (69).png
3,train,649,busi/malignant/malignant (70).png
3,train,650,busi/malignant/malignant (71).png
3,train,651,busi/malignant/malignant (72).png
3,train,652,busi/malignant/malignant (73).png
3,train,653,busi/malignant/malignant (74).png
3,train,654,busi/malignant/malignant (75).png
3,train,655,busi/malignant/malignant (76).png
3,train,656,busi/malignant/malignant (77).png
3,train,657,busi/malignant/malignant (79).png
3,train,658,busi/malignant/malignant (80).png
3,train,659,busi/malignant/malignant (82).png
3,train,660,busi/malignant/malignant (83).png
3,train,661,busi/malignant/malignant (84).png
3,train,662,busi/malignant/malignant (86).png
3,train,663,busi/malignant/malignant (87).png
3,train,664,busi/malignant/malignant (88).png
3,train,665,busi/malignant/malignant (89).png
3,train,666,busi/malignant/malignant (90).png
3,train,667,busi/malignant/malignant (91).png
3,train,668,busi/malignant/malignant (92).png
3,train,669,busi/malignant/malignant (93).png
3,train,670,busi/malignant/malignant (96).png
3,train,671,busi/malignant/malignant (97).png
3,train,672,busi/malignant/malignant (98).png
3,train,673,busi/malignant/malignant (99).png
3,selection,0,udiat/000134.png
3,selection,1,udiat/000044.png
3,selection,2,arc/279
3,selection,3,arc/90
3,selection,4,udiat/000121.png
3,selection,5,arc/209
3,selection,6,udiat/000308.png
3,selection,7,arc/12
3,selection,8,arc/273
3,selection,9,arc/41
3,selection,10,arc/142
3,selection,11,arc/179
3,selection,12,udiat/000144.png
3,selection,13,arc/133
3,selection,14,arc/9
3,selection,15,arc/118
3,selection,16,arc/45
3,selection,17,udiat/000088.png
3,selection,18,arc/38
3,selection,19,arc/136
3,selection,20,udiat/000304.png
3,selection,21,arc/288
3,selection,22,udiat/000037.png
3,selection,23,arc/85
3,selection,24,arc/161
3,selection,25,udiat/000090.png
3,selection,26,arc/274
3,selection,27,arc/15
3,selection,28,arc/208
3,selection,29,arc/282
3,selection,30,arc/171
3,selection,31,arc/220
3,selection,32,arc/22
3,selection,33,arc/289
3,selection,34,arc/108
3,selection,35,udiat/000054.png
3,selection,36,udiat/000120.png
3,selection,37,arc/186
3,selection,38,udiat/000078.png
3,selection,39,arc/6
3,selection,40,udiat/000082.png
3,selection,41,udiat/000108.png
3,selection,42,udiat/000089.png
3,selection,43,udiat/000123.png
3,selection,44,arc/246
3,selection,45,arc/280
3,selection,46,arc/201
3,selection,47,udiat/000007.png
3,selection,48,arc/292
3,selection,49,arc/111
3,selection,50,arc/176
3,selection,51,arc/49
3,selection,52,udiat/000020.png
3,selection,53,udiat/000114.png
3,selection,54,udiat/000057.png
3,selection,55,udiat/000064.png
3,selection,56,arc/298
3,selection,57,udiat/000033.png
3,selection,58,udiat/000132.png
3,selection,59,arc/286
3,selection,60,arc/255
3,selection,61,arc/233
3,selection,62,udiat/000141.png
3,selection,63,udiat/000106.png
3,selection,64,udiat/000118.png
3,selection,65,busi/benign/benign (100).png
3,selection,66,busi/benign/benign (106).png
3,selection,67,busi/benign/benign (108).png
3,selection,68,busi/benign/benign (109).png
3,selection,69,busi/benign/benign (111).png
3,selection,70,busi/benign/benign (115).png
3,selection,71,busi/benign/benign (123).png
3,selection,72,busi/benign/benign (124).png
3,selection,73,busi/benign/benign (126).png
3,selection,74,busi/benign/benign (13).png
3,selection,75,busi/benign/benign (140).png
3,selection,76,busi/benign/benign (141).png
3,selection,77,busi/benign/benign (150).png
3,selection,78,busi/benign/benign (152).png
3,selection,79,busi/benign/benign (159).png
3,selection,80,busi/benign/benign (164).png
3,selection,81,busi/benign/benign (168).png
3,selection,82,busi/benign/benign (17).png
3,selection,83,busi/benign/benign (18).png
3,selection,84,busi/benign/benign (183).png
3,selection,85,busi/benign/benign (184).png
3,selection,86,busi/benign/benign (19).png
3,selection,87,busi/benign/benign (195).png
3,selection,88,busi/benign/benign (202).png
3,selection,89,busi/benign/benign (203).png
3,selection,90,busi/benign/benign (205).png
3,selection,91,busi/benign/benign (207).png
3,selection,92,busi/benign/benign (212).png
3,selection,93,busi/benign/benign (215).png
3,selection,94,busi/benign/benign (23).png
3,selection,95,busi/benign/benign (230).png
3,selection,96,busi/benign/benign (231).png
3,selection,97,busi/benign/benign (241).png
3,selection,98,busi/benign/benign (242).png
3,selection,99,busi/benign/benign (266).png
3,selection,100,busi/benign/benign (270).png
3,selection,101,busi/benign/benign (273).png
3,selection,102,busi/benign/benign (279).png
3,selection,103,busi/benign/benign (28).png
3,selection,104,busi/benign/benign (281).png
3,selection,105,busi/benign/benign (288).png
3,selection,106,busi/benign/benign (289).png
3,selection,107,busi/benign/benign (29).png
3,selection,108,busi/benign/benign (295).png
3,selection,109,busi/benign/benign (301).png
3,selection,110,busi/benign/benign (308).png
3,selection,111,busi/benign/benign (330).png
3,selection,112,busi/benign/benign (331).png
3,selection,113,busi/benign/benign (344).png
3,selection,114,busi/benign/benign (349).png
3,selection,115,busi/benign/benign (359).png
3,selection,116,busi/benign/benign (361).png
3,selection,117,busi/benign/benign (388).png
3,selection,118,busi/benign/benign (390).png
3,selection,119,busi/benign/benign (392).png
3,selection,120,busi/benign/benign (407).png
3,selection,121,busi/benign/benign (424).png
3,selection,122,busi/benign/benign (425).png
3,selection,123,busi/benign/benign (436).png
3,selection,124,busi/benign/benign (54).png
3,selection,125,busi/benign/benign (55).png
3,selection,126,busi/benign/benign (61).png
3,selection,127,busi/benign/benign (63).png
3,selection,128,busi/benign/benign (72).png
3,selection,129,busi/benign/benign (78).png
3,selection,130,busi/benign/benign (83).png
3,selection,131,busi/benign/benign (85).png
3,selection,132,busi/benign/benign (87).png
3,selection,133,busi/benign/benign (94).png
3,selection,134,busi/benign/benign (95).png
3,selection,135,busi/malignant/malignant (106).png
3,selection,136,busi/malignant/malignant (107).png
3,selection,137,busi/malignant/malignant (113).png
3,selection,138,busi/malignant/malignant (117).png
3,selection,139,busi/malignant/malignant (118).png
3,selection,140,busi/malignant/malignant (119).png
3,selection,141,busi/malignant/malignant (123).png
3,selection,142,busi/malignant/malignant (128).png
3,selection,143,busi/malignant/malignant (132).png
3,selection,144,busi/malignant/malignant (134).png
3,selection,145,busi/malignant/malignant (135).png
3,selection,146,busi/malignant/malignant (14).png
3,selection,147,busi/malignant/malignant (147).png
3,selection,148,busi/malignant/malignant (151).png
3,selection,149,busi/malignant/malignant (152).png
3,selection,150,busi/malignant/malignant (154).png
3,selection,151,busi/malignant/malignant (155).png
3,selection,152,busi/malignant/malignant (168).png
3,selection,153,busi/malignant/malignant (169).png
3,selection,154,busi/malignant/malignant (195).png
3,selection,155,busi/malignant/malignant (2).png
3,selection,156,busi/malignant/malignant (201).png
3,selection,157,busi/malignant/malignant (204).png
3,selection,158,busi/malignant/malignant (22).png
3,selection,159,busi/malignant/malignant (25).png
3,selection,160,busi/malignant/malignant (30).png
3,selection,161,busi/malignant/malignant (35).png
3,selection,162,busi/malignant/malignant (48).png
3,selection,163,busi/malignant/malignant (49).png
3,selection,164,busi/malignant/malignant (50).png
3,selection,165,busi/malignant/malignant (52).png
3,selection,166,busi/malignant/malignant (64).png
3,selection,167,busi/malignant/malignant (94).png
3,test,0,arc/65
3,test,1,udiat/000103.png
3,test,2,udiat/000036.png
3,test,3,arc/32
3,test,4,udiat/000139.png
3,test,5,udiat/000096.png
3,test,6,arc/293
3,test,7,arc/73
3,test,8,arc/24
3,test,9,arc/215
3,test,10,arc/272
3,test,11,udiat/000130.png
3,test,12,arc/97
3,test,13,udiat/000102.png
3,test,14,arc/42
3,test,15,arc/211
3,test,16,arc/88
3,test,17,arc/172
3,test,18,arc/103
3,test,19,arc/143
3,test,20,udiat/000008.png
3,test,21,udiat/000017.png
3,test,22,arc/134
3,test,23,arc/287
3,test,24,udiat/000146.png
3,test,25,arc/198
3,test,26,udiat/000005.png
3,test,27,udiat/000098.png
3,test,28,arc/190
3,test,29,arc/19
3,test,30,arc/70
3,test,31,arc/1
3,test,32,arc/251
3,test,33,udiat/000094.png
3,test,34,arc/297
3,test,35,arc/262
3,test,36,arc/43
3,test,37,arc/285
3,test,38,arc/296
3,test,39,udiat/000039.png
3,test,40,arc/234
3,test,41,arc/127
3,test,42,udiat/000062.png
3,test,43,udiat/000109.png
3,test,44,arc/150
3,test,45,udiat/000297.png
3,test,46,udiat/000025.png
3,test,47,arc/277
3,test,48,udiat/000105.png
3,test,49,arc/14
3,test,50,arc/154
3,test,51,arc/129
3,test,52,arc/100
3,test,53,arc/259
3,test,54,arc/53
3,test,55,udiat/000110.png
3,test,56,udiat/000023.png
3,test,57,udiat/000024.png
3,test,58,udiat/000056.png
3,test,59,arc/139
3,test,60,arc/112
3,test,61,arc/66
3,test,62,arc/185
3,test,63,udiat/000049.png
3,test,64,arc/104
3,test,65,arc/153
3,test,66,arc/218
3,test,67,arc/261
3,test,68,udiat/000116.png
3,test,69,udiat/000133.png
3,test,70,arc/223
3,test,71,udiat/000093.png
3,test,72,udiat/000126.png
3,test,73,arc/195
3,test,74,udiat/000032.png
3,test,75,arc/20
3,test,76,arc/28
3,test,77,udiat/000298.png
3,test,78,udiat/000063.png
3,test,79,udiat/000081.png
3,test,80,busi/benign/benign (104).png
3,test,81,busi/benign/benign (11).png
3,test,82,busi/benign/benign (114).png
3,test,83,busi/benign/benign (130).png
3,test,84,busi/benign/benign (132).png
3,test,85,busi/benign/benign (137).png
3,test,86,busi/benign/benign (143).png
3,test,87,busi/benign/benign (171).png
3,test,88,busi/benign/benign (185).png
3,test,89,busi/benign/benign (201).png
3,test,90,busi/benign/benign (209).png
3,test,91,busi/benign/benign (21).png
3,test,92,busi/benign/benign (210).png
3,test,93,busi/benign/benign (211).png
3,test,94,busi/benign/benign (213).png
3,test,95,busi/benign/benign (217).png
3,test,96,busi/benign/benign (220).png
3,test,97,busi/benign/benign (223).png
3,test,98,busi/benign/benign (226).png
3,test,99,busi/benign/benign (228).png
3,test,100,busi/benign/benign (239).png
3,test,101,busi/benign/benign (243).png
3,test,102,busi/benign/benign (244).png
3,test,103,busi/benign/benign (246).png
3,test,104,busi/benign/benign (252).png
3,test,105,busi/benign/benign (253).png
3,test,106,busi/benign/benign (254).png
3,test,107,busi/benign/benign (257).png
3,test,108,busi/benign/benign (258).png
3,test,109,busi/benign/benign (263).png
3,test,110,busi/benign/benign (268).png
3,test,111,busi/benign/benign (275).png
3,test,112,busi/benign/benign (278).png
3,test,113,busi/benign/benign (297).png
3,test,114,busi/benign/benign (298).png
3,test,115,busi/benign/benign (3).png
3,test,116,busi/benign/benign (302).png
3,test,117,busi/benign/benign (306).png
3,test,118,busi/benign/benign (309).png
3,test,119,busi/benign/benign (31).png
3,test,120,busi/benign/benign (312).png
3,test,121,busi/benign/benign (313).png
3,test,122,busi/benign/benign (315).png
3,test,123,busi/benign/benign (316).png
3,test,124,busi/benign/benign (319).png
3,test,125,busi/benign/benign (320).png
3,test,126,busi/benign/benign (323).png
3,test,127,busi/benign/benign (326).png
3,test,128,busi/benign/benign (33).png
3,test,129,busi/benign/benign (335).png
3,test,130,busi/benign/benign (339).png
3,test,131,busi/benign/benign (34).png
3,test,132,busi/benign/benign (340).png
3,test,133,busi/benign/benign (343).png
3,test,134,busi/benign/benign (355).png
3,test,135,busi/benign/benign (356).png
3,test,136,busi/benign/benign (364).png
3,test,137,busi/benign/benign (367).png
3,test,138,busi/benign/benign (372).png
3,test,139,busi/benign/benign (374).png
3,test,140,busi/benign/benign (377).png
3,test,141,busi/benign/benign (38).png
3,test,142,busi/benign/benign (381).png
3,test,143,busi/benign/benign (385).png
3,test,144,busi/benign/benign (39).png
3,test,145,busi/benign/benign (393).png
3,test,146,busi/benign/benign (394).png
3,test,147,busi/benign/benign (400).png
3,test,148,busi/benign/benign (409).png
3,test,149,busi/benign/benign (412).png
3,test,150,busi/benign/benign (414).png
3,test,151,busi/benign/benign (417).png
3,test,152,busi/benign/benign (421).png
3,test,153,busi/benign/benign (422).png
3,test,154,busi/benign/benign (426).png
3,test,155,busi/benign/benign (428).png
3,test,156,busi/benign/benign (434).png
3,test,157,busi/benign/benign (49).png
3,test,158,busi/benign/benign (6).png
3,test,159,busi/benign/benign (64).png
3,test,160,busi/benign/benign (66).png
3,test,161,busi/benign/benign (70).png
3,test,162,busi/benign/benign (71).png
3,test,163,busi/benign/benign (76).png
3,test,164,busi/benign/benign (80).png
3,test,165,busi/benign/benign (9).png
3,test,166,busi/benign/benign (93).png
3,test,167,busi/malignant/malignant (1).png
3,test,168,busi/malignant/malignant (101).png
3,test,169,busi/malignant/malignant (103).png
3,test,170,busi/malignant/malignant (110).png
3,test,171,busi/malignant/malignant (120).png
3,test,172,busi/malignant/malignant (122).png
3,test,173,busi/malignant/malignant (130).png
3,test,174,busi/malignant/malignant (137).png
3,test,175,busi/malignant/malignant (143).png
3,test,176,busi/malignant/malignant (158).png
3,test,177,busi/malignant/malignant (159).png
3,test,178,busi/malignant/malignant (160).png
3,test,179,busi/malignant/malignant (164).png
3,test,180,busi/malignant/malignant (166).png
3,test,181,busi/malignant/malignant (167).png
3,test,182,busi/malignant/malignant (179).png
3,test,183,busi/malignant/malignant (181).png
3,test,184,busi/malignant/malignant (183).png
3,test,185,busi/malignant/malignant (193).png
3,test,186,busi/malignant/malignant (194).png
3,test,187,busi/malignant/malignant (20).png
3,test,188,busi/malignant/malignant (202).png
3,test,189,busi/malignant/malignant (21).png
3,test,190,busi/malignant/malignant (24).png
3,test,191,busi/malignant/malignant (29).png
3,test,192,busi/malignant/malignant (3).png
3,test,193,busi/malignant/malignant (31).png
3,test,194,busi/malignant/malignant (33).png
3,test,195,busi/malignant/malignant (36).png
3,test,196,busi/malignant/malignant (37).png
3,test,197,busi/malignant/malignant (4).png
3,test,198,busi/malignant/malignant (40).png
3,test,199,busi/malignant/malignant (45).png
3,test,200,busi/malignant/malignant (5).png
3,test,201,busi/malignant/malignant (57).png
3,test,202,busi/malignant/malignant (6).png
3,test,203,busi/malignant/malignant (7).png
3,test,204,busi/malignant/malignant (78).png
3,test,205,busi/malignant/malignant (8).png
3,test,206,busi/malignant/malignant (81).png
3,test,207,busi/malignant/malignant (85).png
3,test,208,busi/malignant/malignant (9).png
3,test,209,busi/malignant/malignant (95).png
4,train,0,udiat/000134.png
4,train,1,udiat/000030.png
4,train,2,arc/65
4,train,3,udiat/000103.png
4,train,4,udiat/000044.png
4,train,5,arc/279
4,train,6,arc/209
4,train,7,arc/191
4,train,8,arc/35
4,train,9,udiat/000080.png
4,train,10,arc/21
4,train,11,udiat/000036.png
4,train,12,arc/216
4,train,13,arc/40
4,train,14,arc/149
4,train,15,arc/32
4,train,16,udiat/000055.png
4,train,17,udiat/000034.png
4,train,18,udiat/000096.png
4,train,19,arc/252
4,train,20,arc/101
4,train,21,arc/293
4,train,22,arc/137
4,train,23,arc/73
4,train,24,arc/105
4,train,25,arc/24
4,train,26,arc/18
4,train,27,arc/215
4,train,28,arc/272
4,train,29,arc/41
4,train,30,udiat/000010.png
4,train,31,udiat/000075.png
4,train,32,udiat/000130.png
4,train,33,arc/173
4,train,34,udiat/000147.png
4,train,35,udiat/000102.png
4,train,36,arc/62
4,train,37,arc/142
4,train,38,arc/31
4,train,39,udiat/000101.png
4,train,40,udiat/000100.png
4,train,41,udiat/000144.png
4,train,42,arc/94
4,train,43,arc/183
4,train,44,arc/42
4,train,45,arc/133
4,train,46,udiat/000128.png
4,train,47,arc/211
4,train,48,udiat/000018.png
4,train,49,arc/88
4,train,50,arc/148
4,train,51,arc/118
4,train,52,arc/45
4,train,53,arc/122
4,train,54,arc/172
4,train,55,udiat/000015.png
4,train,56,arc/38
4,train,57,arc/115
4,train,58,udiat/000137.png
4,train,59,arc/103
4,train,60,arc/39
4,train,61,udiat/000303.png
4,train,62,udiat/000304.png
4,train,63,arc/2
4,train,64,arc/254
4,train,65,arc/36
4,train,66,udiat/000111.png
4,train,67,arc/138
4,train,68,arc/275
4,train,69,udiat/000045.png
4,train,70,arc/143
4,train,71,arc/288
4,train,72,arc/174
4,train,73,udiat/000060.png
4,train,74,udiat/000079.png
4,train,75,udiat/000008.png
4,train,76,udiat/000017.png
4,train,77,arc/134
4,train,78,udiat/000026.png
4,train,79,udiat/000053.png
4,train,80,udiat/000027.png
4,train,81,udiat/000104.png
4,train,82,arc/303
4,train,83,udiat/000146.png
4,train,84,arc/85
4,train,85,arc/141
4,train,86,arc/178
4,train,87,udiat/000095.png
4,train,88,arc/274
4,train,89,arc/230
4,train,90,arc/198
4,train,91,arc/15
4,train,92,udiat/000087.png
4,train,93,udiat/000077.png
4,train,94,arc/263
4,train,95,arc/68
4,train,96,arc/208
4,train,97,udiat/000005.png
4,train,98,arc/16
4,train,99,arc/282
4,train,100,udiat/000107.png
4,train,101,udiat/000098.png
4,train,102,arc/171
4,train,103,udiat/000301.png
4,train,104,arc/155
4,train,105,arc/116
4,train,106,arc/220
4,train,107,arc/265
4,train,108,udiat/000068.png
4,train,109,udiat/000059.png
4,train,110,arc/19
4,train,111,arc/182
4,train,112,arc/291
4,train,113,arc/70
4,train,114,arc/1
4,train,115,arc/11
4,train,116,arc/238
4,train,117,udiat/000067.png
4,train,118,arc/77
4,train,119,udiat/000085.png
4,train,120,arc/251
4,train,121,udiat/000094.png
4,train,122,arc/297
4,train,123,arc/262
4,train,124,arc/72
4,train,125,arc/285
4,train,126,arc/123
4,train,127,udiat/000078.png
4,train,128,udiat/000043.png
4,train,129,arc/243
4,train,130,udiat/000039.png
4,train,131,udiat/000065.png
4,train,132,arc/17
4,train,133,arc/234
4,train,134,arc/6
4,train,135,arc/127
4,train,136,udiat/000112.png
4,train,137,udiat/000082.png
4,train,138,udiat/000117.png
4,train,139,arc/23
4,train,140,udiat/000143.png
4,train,141,udiat/000062.png
4,train,142,udiat/000109.png
4,train,143,udiat/000089.png
4,train,144,arc/197
4,train,145,udiat/000119.png
4,train,146,arc/150
4,train,147,udiat/000297.png
4,train,148,udiat/000125.png
4,train,149,udiat/000025.png
4,train,150,arc/8
4,train,151,arc/170
4,train,152,udiat/000105.png
4,train,153,udiat/000086.png
4,train,154,arc/64
4,train,155,udiat/000029.png
4,train,156,udiat/000138.png
4,train,157,udiat/000115.png
4,train,158,arc/14
4,train,159,arc/154
4,train,160,arc/57
4,train,161,arc/135
4,train,162,arc/129
4,train,163,arc/100
4,train,164,udiat/000047.png
4,train,165,arc/246
4,train,166,arc/259
4,train,167,arc/280
4,train,168,udiat/000022.png
4,train,169,arc/109
4,train,170,arc/56
4,train,171,arc/210
4,train,172,arc/53
4,train,173,udiat/000048.png
4,train,174,arc/169
4,train,175,udiat/000071.png
4,train,176,arc/34
4,train,177,arc/67
4,train,178,arc/180
4,train,179,udiat/000110.png
4,train,180,arc/102
4,train,181,arc/98
4,train,182,udiat/000007.png
4,train,183,arc/184
4,train,184,udiat/000023.png
4,train,185,arc/140
4,train,186,arc/46
4,train,187,udiat/000052.png
4,train,188,udiat/000056.png
4,train,189,arc/139
4,train,190,arc/93
4,train,191,arc/294
4,train,192,udiat/000136.png
4,train,193,arc/270
4,train,194,arc/112
4,train,195,arc/51
4,train,196,arc/69
4,train,197,arc/66
4,train,198,arc/292
4,train,199,arc/111
4,train,200,arc/176
4,train,201,arc/185
4,train,202,arc/299
4,train,203,udiat/000021.png
4,train,204,udiat/000049.png
4,train,205,udiat/000113.png
4,train,206,udiat/000020.png
4,train,207,arc/229
4,train,208,arc/104
4,train,209,udiat/000002.png
4,train,210,arc/214
4,train,211,arc/267
4,train,212,udiat/000140.png
4,train,213,udiat/000057.png
4,train,214,arc/153
4,train,215,arc/120
4,train,216,udiat/000003.png
4,train,217,udiat/000064.png
4,train,218,arc/253
4,train,219,arc/261
4,train,220,udiat/000116.png
4,train,221,arc/159
4,train,222,arc/223
4,train,223,arc/295
4,train,224,udiat/000093.png
4,train,225,udiat/000126.png
4,train,226,udiat/000033.png
4,train,227,arc/168
4,train,228,udiat/000132.png
4,train,229,arc/33
4,train,230,arc/240
4,train,231,arc/83
4,train,232,udiat/000142.png
4,train,233,udiat/000051.png
4,train,234,arc/284
4,train,235,arc/264
4,train,236,arc/233
4,train,237,arc/20
4,train,238,arc/28
4,train,239,arc/157
4,train,240,arc/81
4,train,241,arc/124
4,train,242,udiat/000066.png
4,train,243,arc/107
4,train,244,udiat/000298.png
4,train,245,arc/132
4,train,246,udiat/000063.png
4,train,247,udiat/000081.png
4,train,248,arc/146
4,train,249,udiat/000129.png
4,train,250,arc/156
4,train,251,arc/290
4,train,252,arc/205
4,train,253,arc/222
4,train,254,arc/110
4,train,255,udiat/000074.png
4,train,256,arc/29
4,train,257,udiat/000118.png
4,train,258,udiat/000299.png
4,train,259,udiat/000031.png
4,train,260,busi/benign/benign (1).png
4,train,261,busi/benign/benign (10).png
4,train,262,busi/benign/benign (104).png
4,train,263,busi/benign/benign (106).png
4,train,264,busi/benign/benign (107).png
4,train,265,busi/benign/benign (109).png
4,train,266,busi/benign/benign (11).png
4,train,267,busi/benign/benign (110).png
4,train,268,busi/benign/benign (111).png
4,train,269,busi/benign/benign (112).png
4,train,270,busi/benign/benign (113).png
4,train,271,busi/benign/benign (114).png
4,train,272,busi/benign/benign (115).png
4,train,273,busi/benign/benign (116).png
4,train,274,busi/benign/benign (117).png
4,train,275,busi/benign/benign (119).png
4,train,276,busi/benign/benign (12).png
4,train,277,busi/benign/benign (121).png
4,train,278,busi/benign/benign (122).png
4,train,279,busi/benign/benign (123).png
4,train,280,busi/benign/benign (124).png
4,train,281,busi/benign/benign (126).png
4,train,282,busi/benign/benign (127).png
4,train,283,busi/benign/benign (13).png
4,train,284,busi/benign/benign (130).png
4,train,285,busi/benign/benign (133).png
4,train,286,busi/benign/benign (137).png
4,train,287,busi/benign/benign (139).png
4,train,288,busi/benign/benign (14).png
4,train,289,busi/benign/benign (140).png
4,train,290,busi/benign/benign (142).png
4,train,291,busi/benign/benign (143).png
4,train,292,busi/benign/benign (144).png
4,train,293,busi/benign/benign (145).png
4,train,294,busi/benign/benign (146).png
4,train,295,busi/benign/benign (147).png
4,train,296,busi/benign/benign (148).png
4,train,297,busi/benign/benign (149).png
4,train,298,busi/benign/benign (150).png
4,train,299,busi/benign/benign (151).png
4,train,300,busi/benign/benign (152).png
4,train,301,busi/benign/benign (154).png
4,train,302,busi/benign/benign (157).png
4,train,303,busi/benign/benign (158).png
4,train,304,busi/benign/benign (159).png
4,train,305,busi/benign/benign (16).png
4,train,306,busi/benign/benign (161).png
4,train,307,busi/benign/benign (162).png
4,train,308,busi/benign/benign (163).png
4,train,309,busi/benign/benign (164).png
4,train,310,busi/benign/benign (165).png
4,train,311,busi/benign/benign (167).png
4,train,312,busi/benign/benign (17).png
4,train,313,busi/benign/benign (170).png
4,train,314,busi/benign/benign (171).png
4,train,315,busi/benign/benign (172).png
4,train,316,busi/benign/benign (173).png
4,train,317,busi/benign/benign (174).png
4,train,318,busi/benign/benign (175).png
4,train,319,busi/benign/benign (176).png
4,train,320,busi/benign/benign (177).png
4,train,321,busi/benign/benign (18).png
4,train,322,busi/benign/benign (180).png
4,train,323,busi/benign/benign (181).png
4,train,324,busi/benign/benign (183).png
4,train,325,busi/benign/benign (184).png
4,train,326,busi/benign/benign (185).png
4,train,327,busi/benign/benign (186).png
4,train,328,busi/benign/benign (187).png
4,train,329,busi/benign/benign (19).png
4,train,330,busi/benign/benign (190).png
4,train,331,busi/benign/benign (191).png
4,train,332,busi/benign/benign (192).png
4,train,333,busi/benign/benign (193).png
4,train,334,busi/benign/benign (194).png
4,train,335,busi/benign/benign (2).png
4,train,336,busi/benign/benign (20).png
4,train,337,busi/benign/benign (200).png
4,train,338,busi/benign/benign (201).png
4,train,339,busi/benign/benign (203).png
4,train,340,busi/benign/benign (205).png
4,train,341,busi/benign/benign (209).png
4,train,342,busi/benign/benign (21).png
4,train,343,busi/benign/benign (211).png
4,train,344,busi/benign/benign (212).png
4,train,345,busi/benign/benign (213).png
4,train,346,busi/benign/benign (214).png
4,train,347,busi/benign/benign (215).png
4,train,348,busi/benign/benign (217).png
4,train,349,busi/benign/benign (218).png
4,train,350,busi/benign/benign (22).png
4,train,351,busi/benign/benign (220).png
4,train,352,busi/benign/benign (223).png
4,train,353,busi/benign/benign (225).png
4,train,354,busi/benign/benign (226).png
4,train,355,busi/benign/benign (228).png
4,train,356,busi/benign/benign (229).png
4,train,357,busi/benign/benign (23).png
4,train,358,busi/benign/benign (230).png
4,train,359,busi/benign/benign (231).png
4,train,360,busi/benign/benign (232).png
4,train,361,busi/benign/benign (233).png
4,train,362,busi/benign/benign (234).png
4,train,363,busi/benign/benign (235).png
4,train,364,busi/benign/benign (236).png
4,train,365,busi/benign/benign (237).png
4,train,366,busi/benign/benign (238).png
4,train,367,busi/benign/benign (239).png
4,train,368,busi/benign/benign (241).png
4,train,369,busi/benign/benign (243).png
4,train,370,busi/benign/benign (246).png
4,train,371,busi/benign/benign (247).png
4,train,372,busi/benign/benign (250).png
4,train,373,busi/benign/benign (251).png
4,train,374,busi/benign/benign (252).png
4,train,375,busi/benign/benign (253).png
4,train,376,busi/benign/benign (254).png
4,train,377,busi/benign/benign (256).png
4,train,378,busi/benign/benign (257).png
4,train,379,busi/benign/benign (258).png
4,train,380,busi/benign/benign (259).png
4,train,381,busi/benign/benign (26).png
4,train,382,busi/benign/benign (261).png
4,train,383,busi/benign/benign (262).png
4,train,384,busi/benign/benign (263).png
4,train,385,busi/benign/benign (264).png
4,train,386,busi/benign/benign (266).png
4,train,387,busi/benign/benign (268).png
4,train,388,busi/benign/benign (27).png
4,train,389,busi/benign/benign (270).png
4,train,390,busi/benign/benign (273).png
4,train,391,busi/benign/benign (274).png
4,train,392,busi/benign/benign (275).png
4,train,393,busi/benign/benign (276).png
4,train,394,busi/benign/benign (278).png
4,train,395,busi/benign/benign (279).png
4,train,396,busi/benign/benign (28).png
4,train,397,busi/benign/benign (280).png
4,train,398,busi/benign/benign (281).png
4,train,399,busi/benign/benign (283).png
4,train,400,busi/benign/benign (284).png
4,train,401,busi/benign/benign (285).png
4,train,402,busi/benign/benign (286).png
4,train,403,busi/benign/benign (287).png
4,train,404,busi/benign/benign (289).png
4,train,405,busi/benign/benign (29).png
4,train,406,busi/benign/benign (290).png
4,train,407,busi/benign/benign (292).png
4,train,408,busi/benign/benign (293).png
4,train,409,busi/benign/benign (294).png
4,train,410,busi/benign/benign (295).png
4,train,411,busi/benign/benign (296).png
4,train,412,busi/benign/benign (297).png
4,train,413,busi/benign/benign (299).png
4,train,414,busi/benign/benign (3).png
4,train,415,busi/benign/benign (300).png
4,train,416,busi/benign/benign (302).png
4,train,417,busi/benign/benign (306).png
4,train,418,busi/benign/benign (308).png
4,train,419,busi/benign/benign (309).png
4,train,420,busi/benign/benign (311).png
4,train,421,busi/benign/benign (313).png
4,train,422,busi/benign/benign (314).png
4,train,423,busi/benign/benign (315).png
4,train,424,busi/benign/benign (316).png
4,train,425,busi/benign/benign (317).png
4,train,426,busi/benign/benign (318).png
4,train,427,busi/benign/benign (320).png
4,train,428,busi/benign/benign (321).png
4,train,429,busi/benign/benign (322).png
4,train,430,busi/benign/benign (323).png
4,train,431,busi/benign/benign (326).png
4,train,432,busi/benign/benign (327).png
4,train,433,busi/benign/benign (328).png
4,train,434,busi/benign/benign (329).png
4,train,435,busi/benign/benign (33).png
4,train,436,busi/benign/benign (330).png
4,train,437,busi/benign/benign (335).png
4,train,438,busi/benign/benign (337).png
4,train,439,busi/benign/benign (338).png
4,train,440,busi/benign/benign (34).png
4,train,441,busi/benign/benign (340).png
4,train,442,busi/benign/benign (341).png
4,train,443,busi/benign/benign (342).png
4,train,444,busi/benign/benign (343).png
4,train,445,busi/benign/benign (344).png
4,train,446,busi/benign/benign (345).png
4,train,447,busi/benign/benign (346).png
4,train,448,busi/benign/benign (347).png
4,train,449,busi/benign/benign (348).png
4,train,450,busi/benign/benign (35).png
4,train,451,busi/benign/benign (351).png
4,train,452,busi/benign/benign (352).png
4,train,453,busi/benign/benign (353).png
4,train,454,busi/benign/benign (355).png
4,train,455,busi/benign/benign (356).png
4,train,456,busi/benign/benign (357).png
4,train,457,busi/benign/benign (358).png
4,train,458,busi/benign/benign (36).png
4,train,459,busi/benign/benign (360).png
4,train,460,busi/benign/benign (361).png
4,train,461,busi/benign/benign (364).png
4,train,462,busi/benign/benign (365).png
4,train,463,busi/benign/benign (367).png
4,train,464,busi/benign/benign (37).png
4,train,465,busi/benign/benign (370).png
4,train,466,busi/benign/benign (371).png
4,train,467,busi/benign/benign (372).png
4,train,468,busi/benign/benign (374).png
4,train,469,busi/benign/benign (375).png
4,train,470,busi/benign/benign (376).png
4,train,471,busi/benign/benign (377).png
4,train,472,busi/benign/benign (378).png
4,train,473,busi/benign/benign (379).png
4,train,474,busi/benign/benign (381).png
4,train,475,busi/benign/benign (386).png
4,train,476,busi/benign/benign (388).png
4,train,477,busi/benign/benign (39).png
4,train,478,busi/benign/benign (390).png
4,train,479,busi/benign/benign (394).png
4,train,480,busi/benign/benign (396).png
4,train,481,busi/benign/benign (397).png
4,train,482,busi/benign/benign (399).png
4,train,483,busi/benign/benign (4).png
4,train,484,busi/benign/benign (40).png
4,train,485,busi/benign/benign (400).png
4,train,486,busi/benign/benign (407).png
4,train,487,busi/benign/benign (408).png
4,train,488,busi/benign/benign (409).png
4,train,489,busi/benign/benign (410).png
4,train,490,busi/benign/benign (412).png
4,train,491,busi/benign/benign (413).png
4,train,492,busi/benign/benign (414).png
4,train,493,busi/benign/benign (418).png
4,train,494,busi/benign/benign (420).png
4,train,495,busi/benign/benign (422).png
4,train,496,busi/benign/benign (424).png
4,train,497,busi/benign/benign (425).png
4,train,498,busi/benign/benign (426).png
4,train,499,busi/benign/benign (428).png
4,train,500,busi/benign/benign (429).png
4,train,501,busi/benign/benign (430).png
4,train,502,busi/benign/benign (431).png
4,train,503,busi/benign/benign (432).png
4,train,504,busi/benign/benign (434).png
4,train,505,busi/benign/benign (435).png
4,train,506,busi/benign/benign (437).png
4,train,507,busi/benign/benign (49).png
4,train,508,busi/benign/benign (5).png
4,train,509,busi/benign/benign (51).png
4,train,510,busi/benign/benign (53).png
4,train,511,busi/benign/benign (55).png
4,train,512,busi/benign/benign (6).png
4,train,513,busi/benign/benign (61).png
4,train,514,busi/benign/benign (62).png
4,train,515,busi/benign/benign (63).png
4,train,516,busi/benign/benign (64).png
4,train,517,busi/benign/benign (65).png
4,train,518,busi/benign/benign (66).png
4,train,519,busi/benign/benign (67).png
4,train,520,busi/benign/benign (68).png
4,train,521,busi/benign/benign (69).png
4,train,522,busi/benign/benign (71).png
4,train,523,busi/benign/benign (72).png
4,train,524,busi/benign/benign (74).png
4,train,525,busi/benign/benign (76).png
4,train,526,busi/benign/benign (80).png
4,train,527,busi/benign/benign (82).png
4,train,528,busi/benign/benign (83).png
4,train,529,busi/benign/benign (84).png
4,train,530,busi/benign/benign (85).png
4,train,531,busi/benign/benign (86).png
4,train,532,busi/benign/benign (87).png
4,train,533,busi/benign/benign (88).png
4,train,534,busi/benign/benign (9).png
4,train,535,busi/benign/benign (93).png
4,train,536,busi/benign/benign (95).png
4,train,537,busi/benign/benign (98).png
4,train,538,busi/benign/benign (99).png
4,train,539,busi/malignant/malignant (1).png
4,train,540,busi/malignant/malignant (10).png
4,train,541,busi/malignant/malignant (101).png
4,train,542,busi/malignant/malignant (103).png
4,train,543,busi/malignant/malignant (105).png
4,train,544,busi/malignant/malignant (106).png
4,train,545,busi/malignant/malignant (107).png
4,train,546,busi/malignant/malignant (109).png
4,train,547,busi/malignant/malignant (11).png
4,train,548,busi/malignant/malignant (110).png
4,train,549,busi/malignant/malignant (111).png
4,train,550,busi/malignant/malignant (112).png
4,train,551,busi/malignant/malignant (113).png
4,train,552,busi/malignant/malignant (115).png
4,train,553,busi/malignant/malignant (116).png
4,train,554,busi/malignant/malignant (12).png
4,train,555,busi/malignant/malignant (120).png
4,train,556,busi/malignant/malignant (121).png
4,train,557,busi/malignant/malignant (122).png
4,train,558,busi/malignant/malignant (125).png
4,train,559,busi/malignant/malignant (126).png
4,train,560,busi/malignant/malignant (127).png
4,train,561,busi/malignant/malignant (128).png
4,train,562,busi/malignant/malignant (129).png
4,train,563,busi/malignant/malignant (131).png
4,train,564,busi/malignant/malignant (133).png
4,train,565,busi/malignant/malignant (135).png
4,train,566,busi/malignant/malignant (136).png
4,train,567,busi/malignant/malignant (137).png
4,train,568,busi/malignant/malignant (138).png
4,train,569,busi/malignant/malignant (139).png
4,train,570,busi/malignant/malignant (141).png
4,train,571,busi/malignant/malignant (142).png
4,train,572,busi/malignant/malignant (143).png
4,train,573,busi/malignant/malignant (144).png
4,train,574,busi/malignant/malignant (146).png
4,train,575,busi/malignant/malignant (147).png
4,train,576,busi/malignant/malignant (148).png
4,train,577,busi/malignant/malignant (15).png
4,train,578,busi/malignant/malignant (153).png
4,train,579,busi/malignant/malignant (154).png
4,train,580,busi/malignant/malignant (155).png
4,train,581,busi/malignant/malignant (157).png
4,train,582,busi/malignant/malignant (159).png
4,train,583,busi/malignant/malignant (16).png
4,train,584,busi/malignant/malignant (162).png
4,train,585,busi/malignant/malignant (164).png
4,train,586,busi/malignant/malignant (166).png
4,train,587,busi/malignant/malignant (167).png
4,train,588,busi/malignant/malignant (168).png
4,train,589,busi/malignant/malignant (171).png
4,train,590,busi/malignant/malignant (172).png
4,train,591,busi/malignant/malignant (176).png
4,train,592,busi/malignant/malignant (177).png
4,train,593,busi/malignant/malignant (179).png
4,train,594,busi/malignant/malignant (18).png
4,train,595,busi/malignant/malignant (180).png
4,train,596,busi/malignant/malignant (181).png
4,train,597,busi/malignant/malignant (182).png
4,train,598,busi/malignant/malignant (183).png
4,train,599,busi/malignant/malignant (184).png
4,train,600,busi/malignant/malignant (185).png
4,train,601,busi/malignant/malignant (186).png
4,train,602,busi/malignant/malignant (189).png
4,train,603,busi/malignant/malignant (19).png
4,train,604,busi/malignant/malignant (190).png
4,train,605,busi/malignant/malignant (192).png
4,train,606,busi/malignant/malignant (193).png
4,train,607,busi/malignant/malignant (194).png
4,train,608,busi/malignant/malignant (195).png
4,train,609,busi/malignant/malignant (197).png
4,train,610,busi/malignant/malignant (198).png
4,train,611,busi/malignant/malignant (199).png
4,train,612,busi/malignant/malignant (2).png
4,train,613,busi/malignant/malignant (20).png
4,train,614,busi/malignant/malignant (200).png
4,train,615,busi/malignant/malignant (202).png
4,train,616,busi/malignant/malignant (204).png
4,train,617,busi/malignant/malignant (205).png
4,train,618,busi/malignant/malignant (206).png
4,train,619,busi/malignant/malignant (207).png
4,train,620,busi/malignant/malignant (21).png
4,train,621,busi/malignant/malignant (210).png
4,train,622,busi/malignant/malignant (22).png
4,train,623,busi/malignant/malignant (26).png
4,train,624,busi/malignant/malignant (27).png
4,train,625,busi/malignant/malignant (28).png
4,train,626,busi/malignant/malignant (30).png
4,train,627,busi/malignant/malignant (31).png
4,train,628,busi/malignant/malignant (33).png
4,train,629,busi/malignant/malignant (34).png
4,train,630,busi/malignant/malignant (36).png
4,train,631,busi/malignant/malignant (37).png
4,train,632,busi/malignant/malignant (39).png
4,train,633,busi/malignant/malignant (40).png
4,train,634,busi/malignant/malignant (42).png
4,train,635,busi/malignant/malignant (44).png
4,train,636,busi/malignant/malignant (45).png
4,train,637,busi/malignant/malignant (46).png
4,train,638,busi/malignant/malignant (48).png
4,train,639,busi/malignant/malignant (49).png
4,train,640,busi/malignant/malignant (50).png
4,train,641,busi/malignant/malignant (52).png
4,train,642,busi/malignant/malignant (53).png
4,train,643,busi/malignant/malignant (54).png
4,train,644,busi/malignant/malignant (56).png
4,train,645,busi/malignant/malignant (60).png
4,train,646,busi/malignant/malignant (63).png
4,train,647,busi/malignant/malignant (64).png
4,train,648,busi/malignant/malignant (65).png
4,train,649,busi/malignant/malignant (67).png
4,train,650,busi/malignant/malignant (69).png
4,train,651,busi/malignant/malignant (72).png
4,train,652,busi/malignant/malignant (73).png
4,train,653,busi/malignant/malignant (74).png
4,train,654,busi/malignant/malignant (75).png
4,train,655,busi/malignant/malignant (76).png
4,train,656,busi/malignant/malignant (77).png
4,train,657,busi/malignant/malignant (78).png
4,train,658,busi/malignant/malignant (79).png
4,train,659,busi/malignant/malignant (80).png
4,train,660,busi/malignant/malignant (82).png
4,train,661,busi/malignant/malignant (83).png
4,train,662,busi/malignant/malignant (84).png
4,train,663,busi/malignant/malignant (85).png
4,train,664,busi/malignant/malignant (87).png
4,train,665,busi/malignant/malignant (89).png
4,train,666,busi/malignant/malignant (92).png
4,train,667,busi/malignant/malignant (93).png
4,train,668,busi/malignant/malignant (95).png
4,train,669,busi/malignant/malignant (96).png
4,train,670,busi/malignant/malignant (97).png
4,train,671,busi/malignant/malignant (98).png
4,train,672,busi/malignant/malignant (99).png
4,selection,0,arc/90
4,selection,1,udiat/000121.png
4,selection,2,udiat/000145.png
4,selection,3,udiat/000091.png
4,selection,4,arc/47
4,selection,5,udiat/000139.png
4,selection,6,arc/12
4,selection,7,arc/268
4,selection,8,arc/206
4,selection,9,arc/55
4,selection,10,arc/97
4,selection,11,arc/179
4,selection,12,arc/9
4,selection,13,arc/7
4,selection,14,arc/175
4,selection,15,arc/258
4,selection,16,arc/242
4,selection,17,arc/278
4,selection,18,arc/48
4,selection,19,arc/287
4,selection,20,udiat/000038.png
4,selection,21,udiat/000090.png
4,selection,22,udiat/000092.png
4,selection,23,arc/190
4,selection,24,arc/289
4,selection,25,udiat/000050.png
4,selection,26,arc/200
4,selection,27,udiat/000013.png
4,selection,28,arc/164
4,selection,29,arc/50
4,selection,30,arc/186
4,selection,31,arc/43
4,selection,32,arc/58
4,selection,33,udiat/000131.png
4,selection,34,arc/296
4,selection,35,udiat/000076.png
4,selection,36,arc/212
4,selection,37,udiat/000070.png
4,selection,38,udiat/000108.png
4,selection,39,arc/277
4,selection,40,udiat/000035.png
4,selection,41,udiat/000099.png
4,selection,42,arc/236
4,selection,43,arc/30
4,selection,44,udiat/000028.png
4,selection,45,arc/4
4,selection,46,udiat/000024.png
4,selection,47,arc/227
4,selection,48,arc/196
4,selection,49,udiat/000135.png
4,selection,50,arc/49
4,selection,51,udiat/000061.png
4,selection,52,udiat/000114.png
4,selection,53,arc/117
4,selection,54,arc/218
4,selection,55,udiat/000133.png
4,selection,56,arc/195
4,selection,57,arc/144
4,selection,58,udiat/000032.png
4,selection,59,arc/92
4,selection,60,arc/281
4,selection,61,udiat/000009.png
4,selection,62,arc/187
4,selection,63,udiat/000302.png
4,selection,64,udiat/000084.png
4,selection,65,busi/benign/benign (105).png
4,selection,66,busi/benign/benign (118).png
4,selection,67,busi/benign/benign (120).png
4,selection,68,busi/benign/benign (125).png
4,selection,69,busi/benign/benign (129).png
4,selection,70,busi/benign/benign (132).png
4,selection,71,busi/benign/benign (138).png
4,selection,72,busi/benign/benign (153).png
4,selection,73,busi/benign/benign (156).png
4,selection,74,busi/benign/benign (169).png
4,selection,75,busi/benign/benign (178).png
4,selection,76,busi/benign/benign (188).png
4,selection,77,busi/benign/benign (196).png
4,selection,78,busi/benign/benign (198).png
4,selection,79,busi/benign/benign (202).png
4,selection,80,busi/benign/benign (204).png
4,selection,81,busi/benign/benign (208).png
4,selection,82,busi/benign/benign (210).png
4,selection,83,busi/benign/benign (24).png
4,selection,84,busi/benign/benign (240).png
4,selection,85,busi/benign/benign (244).png
4,selection,86,busi/benign/benign (245).png
4,selection,87,busi/benign/benign (249).png
4,selection,88,busi/benign/benign (25).png
4,selection,89,busi/benign/benign (255).png
4,selection,90,busi/benign/benign (271).png
4,selection,91,busi/benign/benign (277).png
4,selection,92,busi/benign/benign (282).png
4,selection,93,busi/benign/benign (291).png
4,selection,94,busi/benign/benign (298).png
4,selection,95,busi/benign/benign (301).png
4,selection,96,busi/benign/benign (305).png
4,selection,97,busi/benign/benign (31).png
4,selection,98,busi/benign/benign (310).png
4,selection,99,busi/benign/benign (312).png
4,selection,100,busi/benign/benign (319).png
4,selection,101,busi/benign/benign (331).png
4,selection,102,busi/benign/benign (333).png
4,selection,103,busi/benign/benign (339).png
4,selection,104,busi/benign/benign (354).png
4,selection,105,busi/benign/benign (359).png
4,selection,106,busi/benign/benign (362).png
4,selection,107,busi/benign/benign (366).png
4,selection,108,busi/benign/benign (38).png
4,selection,109,busi/benign/benign (380).png
4,selection,110,busi/benign/benign (382).png
4,selection,111,busi/benign/benign (383).png
4,selection,112,busi/benign/benign (385).png
4,selection,113,busi/benign/benign (387).png
4,selection,114,busi/benign/benign (391).png
4,selection,115,busi/benign/benign (393).png
4,selection,116,busi/benign/benign (398).png
4,selection,117,busi/benign/benign (402).png
4,selection,118,busi/benign/benign (405).png
4,selection,119,busi/benign/benign (406).png
4,selection,120,busi/benign/benign (416).png
4,selection,121,busi/benign/benign (417).png
4,selection,122,busi/benign/benign (421).png
4,selection,123,busi/benign/benign (423).png
4,selection,124,busi/benign/benign (43).png
4,selection,125,busi/benign/benign (44).png
4,selection,126,busi/benign/benign (46).png
4,selection,127,busi/benign/benign (56).png
4,selection,128,busi/benign/benign (60).png
4,selection,129,busi/benign/benign (70).png
4,selection,130,busi/benign/benign (77).png
4,selection,131,busi/benign/benign (79).png
4,selection,132,busi/benign/benign (90).png
4,selection,133,busi/benign/benign (91).png
4,selection,134,busi/benign/benign (92).png
4,selection,135,busi/malignant/malignant (104).png
4,selection,136,busi/malignant/malignant (108).png
4,selection,137,busi/malignant/malignant (130).png
4,selection,138,busi/malignant/malignant (134).png
4,selection,139,busi/malignant/malignant (140).png
4,selection,140,busi/malignant/malignant (150).png
4,selection,141,busi/malignant/malignant (152).png
4,selection,142,busi/malignant/malignant (156).png
4,selection,143,busi/malignant/malignant (158).png
4,selection,144,busi/malignant/malignant (160).png
4,selection,145,busi/malignant/malignant (170).png
4,selection,146,busi/malignant/malignant (174).png
4,selection,147,busi/malignant/malignant (187).png
4,selection,148,busi/malignant/malignant (191).png
4,selection,149,busi/malignant/malignant (23).png
4,selection,150,busi/malignant/malignant (24).png
4,selection,151,busi/malignant/malignant (29).png
4,selection,152,busi/malignant/malignant (3).png
4,selection,153,busi/malignant/malignant (32).png
4,selection,154,busi/malignant/malignant (4).png
4,selection,155,busi/malignant/malignant (41).png
4,selection,156,busi/malignant/malignant (5).png
4,selection,157,busi/malignant/malignant (57).png
4,selection,158,busi/malignant/malignant (6).png
4,selection,159,busi/malignant/malignant (66).png
4,selection,160,busi/malignant/malignant (68).png
4,selection,161,busi/malignant/malignant (7).png
4,selection,162,busi/malignant/malignant (8).png
4,selection,163,busi/malignant/malignant (81).png
4,selection,164,busi/malignant/malignant (86).png
4,selection,165,busi/malignant/malignant (9).png
4,selection,166,busi/malignant/malignant (90).png
4,selection,167,busi/malignant/malignant (94).png
4,test,0,arc/13
4,test,1,udiat/000083.png
4,test,2,udiat/000308.png
4,test,3,arc/63
4,test,4,arc/273
4,test,5,arc/192
4,test,6,arc/75
4,test,7,udiat/000088.png
4,test,8,arc/266
4,test,9,udiat/000014.png
4,test,10,arc/269
4,test,11,arc/136
4,test,12,udiat/000006.png
4,test,13,arc/271
4,test,14,arc/237
4,test,15,arc/244
4,test,16,arc/245
4,test,17,arc/86
4,test,18,arc/76
4,test,19,udiat/000305.png
4,test,20,udiat/000037.png
4,test,21,arc/147
4,test,22,udiat/000124.png
4,test,23,arc/151
4,test,24,udiat/000307.png
4,test,25,udiat/000058.png
4,test,26,arc/161
4,test,27,arc/231
4,test,28,udiat/000073.png
4,test,29,udiat/000306.png
4,test,30,arc/226
4,test,31,arc/189
4,test,32,udiat/000019.png
4,test,33,arc/22
4,test,34,arc/44
4,test,35,udiat/000069.png
4,test,36,arc/108
4,test,37,udiat/000054.png
4,test,38,udiat/000120.png
4,test,39,arc/131
4,test,40,arc/26
4,test,41,udiat/000041.png
4,test,42,udiat/000097.png
4,test,43,udiat/000046.png
4,test,44,arc/25
4,test,45,arc/199
4,test,46,udiat/000300.png
4,test,47,udiat/000127.png
4,test,48,arc/145
4,test,49,arc/301
4,test,50,udiat/000123.png
4,test,51,udiat/000122.png
4,test,52,udiat/000004.png
4,test,53,arc/224
4,test,54,arc/201
4,test,55,arc/235
4,test,56,arc/79
4,test,57,arc/84
4,test,58,arc/121
4,test,59,arc/128
4,test,60,udiat/000295.png
4,test,61,udiat/000011.png
4,test,62,arc/158
4,test,63,udiat/000016.png
4,test,64,arc/82
4,test,65,arc/27
4,test,66,udiat/000012.png
4,test,67,arc/54
4,test,68,udiat/000296.png
4,test,69,arc/276
4,test,70,udiat/000072.png
4,test,71,arc/298
4,test,72,udiat/000001.png
4,test,73,arc/286
4,test,74,arc/255
4,test,75,arc/302
4,test,76,udiat/000141.png
4,test,77,arc/181
4,test,78,arc/80
4,test,79,udiat/000106.png
4,test,80,arc/166
4,test,81,arc/167
4,test,82,busi/benign/benign (100).png
4,test,83,busi/benign/benign (101).png
4,test,84,busi/benign/benign (102).png
4,test,85,busi/benign/benign (103).png
4,test,86,busi/benign/benign (108).png
4,test,87,busi/benign/benign (128).png
4,test,88,busi/benign/benign (131).png
4,test,89,busi/benign/benign (134).png
4,test,90,busi/benign/benign (135).png
4,test,91,busi/benign/benign (136).png
4,test,92,busi/benign/benign (141).png
4,test,93,busi/benign/benign (15).png
4,test,94,busi/benign/benign (155).png
4,test,95,busi/benign/benign (160).png
4,test,96,busi/benign/benign (166).png
4,test,97,busi/benign/benign (168).png
4,test,98,busi/benign/benign (179).png
4,test,99,busi/benign/benign (182).png
4,test,100,busi/benign/benign (189).png
4,test,101,busi/benign/benign (195).png
4,test,102,busi/benign/benign (197).png
4,test,103,busi/benign/benign (199).png
4,test,104,busi/benign/benign (206).png
4,test,105,busi/benign/benign (207).png
4,test,106,busi/benign/benign (216).png
4,test,107,busi/benign/benign (219).png
4,test,108,busi/benign/benign (221).png
4,test,109,busi/benign/benign (222).png
4,test,110,busi/benign/benign (224).png
4,test,111,busi/benign/benign (227).png
4,test,112,busi/benign/benign (242).png
4,test,113,busi/benign/benign (248).png
4,test,114,busi/benign/benign (260).png
4,test,115,busi/benign/benign (265).png
4,test,116,busi/benign/benign (267).png
4,test,117,busi/benign/benign (269).png
4,test,118,busi/benign/benign (272).png
4,test,119,busi/benign/benign (288).png
4,test,120,busi/benign/benign (30).png
4,test,121,busi/benign/benign (303).png
4,test,122,busi/benign/benign (304).png
4,test,123,busi/benign/benign (307).png
4,test,124,busi/benign/benign (32).png
4,test,125,busi/benign/benign (324).png
4,test,126,busi/benign/benign (325).png
4,test,127,busi/benign/benign (332).png
4,test,128,busi/benign/benign (334).png
4,test,129,busi/benign/benign (336).png
4,test,130,busi/benign/benign (349).png
4,test,131,busi/benign/benign (350).png
4,test,132,busi/benign/benign (363).png
4,test,133,busi/benign/benign (368).png
4,test,134,busi/benign/benign (369).png
4,test,135,busi/benign/benign (373).png
4,test,136,busi/benign/benign (384).png
4,test,137,busi/benign/benign (389).png
4,test,138,busi/benign/benign (392).png
4,test,139,busi/benign/benign (395).png
4,test,140,busi/benign/benign (401).png
4,test,141,busi/benign/benign (403).png
4,test,142,busi/benign/benign (404).png
4,test,143,busi/benign/benign (41).png
4,test,144,busi/benign/benign (411).png
4,test,145,busi/benign/benign (415).png
4,test,146,busi/benign/benign (419).png
4,test,147,busi/benign/benign (42).png
4,test,148,busi/benign/benign (427).png
4,test,149,busi/benign/benign (436).png
4,test,150,busi/benign/benign (45).png
4,test,151,busi/benign/benign (47).png
4,test,152,busi/benign/benign (48).png
4,test,153,busi/benign/benign (50).png
4,test,154,busi/benign/benign (52).png
4,test,155,busi/benign/benign (54).png
4,test,156,busi/benign/benign (57).png
4,test,157,busi/benign/benign (58).png
4,test,158,busi/benign/benign (59).png
4,test,159,busi/benign/benign (7).png
4,test,160,busi/benign/benign (73).png
4,test,161,busi/benign/benign (75).png
4,test,162,busi/benign/benign (78).png
4,test,163,busi/benign/benign (8).png
4,test,164,busi/benign/benign (81).png
4,test,165,busi/benign/benign (89).png
4,test,166,busi/benign/benign (94).png
4,test,167,busi/benign/benign (96).png
4,test,168,busi/benign/benign (97).png
4,test,169,busi/malignant/malignant (100).png
4,test,170,busi/malignant/malignant (102).png
4,test,171,busi/malignant/malignant (114).png
4,test,172,busi/malignant/malignant (117).png
4,test,173,busi/malignant/malignant (118).png
4,test,174,busi/malignant/malignant (119).png
4,test,175,busi/malignant/malignant (123).png
4,test,176,busi/malignant/malignant (124).png
4,test,177,busi/malignant/malignant (13).png
4,test,178,busi/malignant/malignant (132).png
4,test,179,busi/malignant/malignant (14).png
4,test,180,busi/malignant/malignant (149).png
4,test,181,busi/malignant/malignant (151).png
4,test,182,busi/malignant/malignant (161).png
4,test,183,busi/malignant/malignant (163).png
4,test,184,busi/malignant/malignant (165).png
4,test,185,busi/malignant/malignant (169).png
4,test,186,busi/malignant/malignant (17).png
4,test,187,busi/malignant/malignant (173).png
4,test,188,busi/malignant/malignant (175).png
4,test,189,busi/malignant/malignant (178).png
4,test,190,busi/malignant/malignant (188).png
4,test,191,busi/malignant/malignant (196).png
4,test,192,busi/malignant/malignant (201).png
4,test,193,busi/malignant/malignant (203).png
4,test,194,busi/malignant/malignant (208).png
4,test,195,busi/malignant/malignant (209).png
4,test,196,busi/malignant/malignant (25).png
4,test,197,busi/malignant/malignant (35).png
4,test,198,busi/malignant/malignant (38).png
4,test,199,busi/malignant/malignant (43).png
4,test,200,busi/malignant/malignant (47).png
4,test,201,busi/malignant/malignant (51).png
4,test,202,busi/malignant/malignant (55).png
4,test,203,busi/malignant/malignant (58).png
4,test,204,busi/malignant/malignant (59).png
4,test,205,busi/malignant/malignant (61).png
4,test,206,busi/malignant/malignant (62).png
4,test,207,busi/malignant/malignant (70).png
4,test,208,busi/malignant/malignant (71).png
4,test,209,busi/malignant/malignant (88).png
4,test,210,busi/malignant/malignant (91).png
5,train,0,udiat/000134.png
5,train,1,arc/65
5,train,2,udiat/000103.png
5,train,3,arc/90
5,train,4,arc/13
5,train,5,arc/47
5,train,6,arc/21
5,train,7,udiat/000083.png
5,train,8,udiat/000036.png
5,train,9,arc/149
5,train,10,arc/32
5,train,11,udiat/000055.png
5,train,12,udiat/000139.png
5,train,13,arc/101
5,train,14,arc/293
5,train,15,arc/137
5,train,16,arc/63
5,train,17,arc/273
5,train,18,arc/73
5,train,19,arc/24
5,train,20,arc/215
5,train,21,arc/272
5,train,22,arc/41
5,train,23,udiat/000010.png
5,train,24,arc/206
5,train,25,udiat/000130.png
5,train,26,udiat/000147.png
5,train,27,arc/97
5,train,28,udiat/000102.png
5,train,29,arc/62
5,train,30,arc/192
5,train,31,arc/31
5,train,32,arc/179
5,train,33,udiat/000101.png
5,train,34,udiat/000144.png
5,train,35,arc/94
5,train,36,udiat/000128.png
5,train,37,arc/211
5,train,38,arc/88
5,train,39,arc/148
5,train,40,arc/75
5,train,41,arc/118
5,train,42,arc/45
5,train,43,udiat/000088.png
5,train,44,arc/172
5,train,45,arc/266
5,train,46,udiat/000015.png
5,train,47,arc/38
5,train,48,udiat/000014.png
5,train,49,arc/39
5,train,50,arc/136
5,train,51,arc/2
5,train,52,arc/254
5,train,53,udiat/000006.png
5,train,54,arc/258
5,train,55,arc/271
5,train,56,arc/237
5,train,57,arc/244
5,train,58,udiat/000045.png
5,train,59,arc/143
5,train,60,arc/288
5,train,61,arc/174
5,train,62,udiat/000060.png
5,train,63,arc/278
5,train,64,udiat/000079.png
5,train,65,udiat/000008.png
5,train,66,udiat/000305.png
5,train,67,udiat/000026.png
5,train,68,arc/48
5,train,69,udiat/000037.png
5,train,70,arc/287
5,train,71,udiat/000027.png
5,train,72,arc/85
5,train,73,arc/147
5,train,74,udiat/000124.png
5,train,75,arc/141
5,train,76,arc/151
5,train,77,udiat/000307.png
5,train,78,udiat/000058.png
5,train,79,arc/161
5,train,80,arc/230
5,train,81,arc/15
5,train,82,udiat/000087.png
5,train,83,arc/231
5,train,84,arc/68
5,train,85,arc/208
5,train,86,udiat/000005.png
5,train,87,arc/16
5,train,88,udiat/000073.png
5,train,89,arc/171
5,train,90,udiat/000301.png
5,train,91,arc/116
5,train,92,udiat/000306.png
5,train,93,arc/189
5,train,94,udiat/000068.png
5,train,95,udiat/000059.png
5,train,96,udiat/000019.png
5,train,97,arc/19
5,train,98,arc/182
5,train,99,arc/22
5,train,100,arc/291
5,train,101,arc/44
5,train,102,arc/70
5,train,103,udiat/000069.png
5,train,104,arc/289
5,train,105,udiat/000050.png
5,train,106,arc/1
5,train,107,arc/200
5,train,108,arc/238
5,train,109,udiat/000013.png
5,train,110,arc/164
5,train,111,arc/108
5,train,112,arc/77
5,train,113,udiat/000085.png
5,train,114,arc/251
5,train,115,udiat/000054.png
5,train,116,arc/297
5,train,117,udiat/000120.png
5,train,118,arc/262
5,train,119,arc/186
5,train,120,arc/131
5,train,121,arc/72
5,train,122,arc/43
5,train,123,udiat/000078.png
5,train,124,arc/26
5,train,125,udiat/000041.png
5,train,126,udiat/000097.png
5,train,127,udiat/000046.png
5,train,128,arc/296
5,train,129,arc/243
5,train,130,udiat/000039.png
5,train,131,udiat/000065.png
5,train,132,arc/17
5,train,133,arc/234
5,train,134,arc/212
5,train,135,arc/6
5,train,136,arc/127
5,train,137,arc/199
5,train,138,udiat/000112.png
5,train,139,udiat/000070.png
5,train,140,udiat/000300.png
5,train,141,udiat/000117.png
5,train,142,udiat/000127.png
5,train,143,udiat/000143.png
5,train,144,udiat/000062.png
5,train,145,udiat/000109.png
5,train,146,udiat/000089.png
5,train,147,udiat/000119.png
5,train,148,udiat/000297.png
5,train,149,udiat/000125.png
5,train,150,udiat/000025.png
5,train,151,arc/145
5,train,152,arc/301
5,train,153,udiat/000123.png
5,train,154,arc/8
5,train,155,arc/277
5,train,156,arc/170
5,train,157,udiat/000035.png
5,train,158,udiat/000122.png
5,train,159,udiat/000086.png
5,train,160,udiat/000029.png
5,train,161,udiat/000115.png
5,train,162,arc/14
5,train,163,arc/154
5,train,164,arc/224
5,train,165,arc/135
5,train,166,arc/129
5,train,167,arc/100
5,train,168,udiat/000047.png
5,train,169,arc/246
5,train,170,arc/259
5,train,171,arc/280
5,train,172,udiat/000022.png
5,train,173,arc/109
5,train,174,arc/201
5,train,175,arc/56
5,train,176,arc/236
5,train,177,arc/53
5,train,178,arc/30
5,train,179,udiat/000048.png
5,train,180,arc/169
5,train,181,arc/79
5,train,182,arc/34
5,train,183,arc/67
5,train,184,arc/121
5,train,185,arc/128
5,train,186,udiat/000295.png
5,train,187,arc/180
5,train,188,arc/102
5,train,189,arc/98
5,train,190,udiat/000007.png
5,train,191,udiat/000023.png
5,train,192,udiat/000011.png
5,train,193,arc/46
5,train,194,udiat/000024.png
5,train,195,udiat/000052.png
5,train,196,udiat/000056.png
5,train,197,arc/139
5,train,198,arc/270
5,train,199,arc/69
5,train,200,udiat/000016.png
5,train,201,arc/66
5,train,202,arc/111
5,train,203,arc/185
5,train,204,arc/82
5,train,205,udiat/000021.png
5,train,206,udiat/000049.png
5,train,207,arc/27
5,train,208,udiat/000061.png
5,train,209,arc/104
5,train,210,udiat/000002.png
5,train,211,arc/267
5,train,212,udiat/000012.png
5,train,213,arc/153
5,train,214,arc/120
5,train,215,udiat/000064.png
5,train,216,arc/54
5,train,217,arc/218
5,train,218,arc/261
5,train,219,udiat/000296.png
5,train,220,udiat/000116.png
5,train,221,udiat/000133.png
5,train,222,arc/223
5,train,223,arc/295
5,train,224,udiat/000072.png
5,train,225,udiat/000126.png
5,train,226,arc/298
5,train,227,udiat/000033.png
5,train,228,arc/168
5,train,229,udiat/000132.png
5,train,230,udiat/000001.png
5,train,231,arc/195
5,train,232,arc/144
5,train,233,udiat/000032.png
5,train,234,arc/33
5,train,235,arc/240
5,train,236,arc/92
5,train,237,arc/83
5,train,238,arc/286
5,train,239,arc/255
5,train,240,udiat/000142.png
5,train,241,udiat/000051.png
5,train,242,arc/284
5,train,243,arc/281
5,train,244,arc/264
5,train,245,arc/233
5,train,246,arc/302
5,train,247,arc/20
5,train,248,arc/28
5,train,249,udiat/000066.png
5,train,250,udiat/000141.png
5,train,251,udiat/000302.png
5,train,252,udiat/000063.png
5,train,253,udiat/000081.png
5,train,254,arc/181
5,train,255,arc/156
5,train,256,arc/166
5,train,257,arc/110
5,train,258,udiat/000074.png
5,train,259,udiat/000118.png
5,train,260,arc/167
5,train,261,udiat/000031.png
5,train,262,busi/benign/benign (10).png
5,train,263,busi/benign/benign (101).png
5,train,264,busi/benign/benign (102).png
5,train,265,busi/benign/benign (103).png
5,train,266,busi/benign/benign (104).png
5,train,267,busi/benign/benign (105).png
5,train,268,busi/benign/benign (108).png
5,train,269,busi/benign/benign (109).png
5,train,270,busi/benign/benign (11).png
5,train,271,busi/benign/benign (111).png
5,train,272,busi/benign/benign (112).png
5,train,273,busi/benign/benign (116).png
5,train,274,busi/benign/benign (117).png
5,train,275,busi/benign/benign (118).png
5,train,276,busi/benign/benign (119).png
5,train,277,busi/benign/benign (120).png
5,train,278,busi/benign/benign (122).png
5,train,279,busi/benign/benign (125).png
5,train,280,busi/benign/benign (128).png
5,train,281,busi/benign/benign (129).png
5,train,282,busi/benign/benign (130).png
5,train,283,busi/benign/benign (131).png
5,train,284,busi/benign/benign (132).png
5,train,285,busi/benign/benign (133).png
5,train,286,busi/benign/benign (134).png
5,train,287,busi/benign/benign (135).png
5,train,288,busi/benign/benign (136).png
5,train,289,busi/benign/benign (137).png
5,train,290,busi/benign/benign (138).png
5,train,291,busi/benign/benign (139).png
5,train,292,busi/benign/benign (14).png
5,train,293,busi/benign/benign (141).png
5,train,294,busi/benign/benign (142).png
5,train,295,busi/benign/benign (143).png
5,train,296,busi/benign/benign (147).png
5,train,297,busi/benign/benign (148).png
5,train,298,busi/benign/benign (149).png
5,train,299,busi/benign/benign (15).png
5,train,300,busi/benign/benign (151).png
5,train,301,busi/benign/benign (154).png
5,train,302,busi/benign/benign (156).png
5,train,303,busi/benign/benign (157).png
5,train,304,busi/benign/benign (159).png
5,train,305,busi/benign/benign (16).png
5,train,306,busi/benign/benign (160).png
5,train,307,busi/benign/benign (161).png
5,train,308,busi/benign/benign (162).png
5,train,309,busi/benign/benign (163).png
5,train,310,busi/benign/benign (166).png
5,train,311,busi/benign/benign (167).png
5,train,312,busi/benign/benign (168).png
5,train,313,busi/benign/benign (169).png
5,train,314,busi/benign/benign (17).png
5,train,315,busi/benign/benign (170).png
5,train,316,busi/benign/benign (171).png
5,train,317,busi/benign/benign (172).png
5,train,318,busi/benign/benign (175).png
5,train,319,busi/benign/benign (176).png
5,train,320,busi/benign/benign (177).png
5,train,321,busi/benign/benign (178).png
5,train,322,busi/benign/benign (179).png
5,train,323,busi/benign/benign (180).png
5,train,324,busi/benign/benign (181).png
5,train,325,busi/benign/benign (182).png
5,train,326,busi/benign/benign (183).png
5,train,327,busi/benign/benign (184).png
5,train,328,busi/benign/benign (185).png
5,train,329,busi/benign/benign (187).png
5,train,330,busi/benign/benign (189).png
5,train,331,busi/benign/benign (191).png
5,train,332,busi/benign/benign (195).png
5,train,333,busi/benign/benign (196).png
5,train,334,busi/benign/benign (197).png
5,train,335,busi/benign/benign (198).png
5,train,336,busi/benign/benign (20).png
5,train,337,busi/benign/benign (201).png
5,train,338,busi/benign/benign (204).png
5,train,339,busi/benign/benign (205).png
5,train,340,busi/benign/benign (207).png
5,train,341,busi/benign/benign (208).png
5,train,342,busi/benign/benign (209).png
5,train,343,busi/benign/benign (210).png
5,train,344,busi/benign/benign (212).png
5,train,345,busi/benign/benign (213).png
5,train,346,busi/benign/benign (217).png
5,train,347,busi/benign/benign (218).png
5,train,348,busi/benign/benign (219).png
5,train,349,busi/benign/benign (22).png
5,train,350,busi/benign/benign (220).png
5,train,351,busi/benign/benign (221).png
5,train,352,busi/benign/benign (222).png
5,train,353,busi/benign/benign (223).png
5,train,354,busi/benign/benign (224).png
5,train,355,busi/benign/benign (226).png
5,train,356,busi/benign/benign (227).png
5,train,357,busi/benign/benign (23).png
5,train,358,busi/benign/benign (231).png
5,train,359,busi/benign/benign (232).png
5,train,360,busi/benign/benign (235).png
5,train,361,busi/benign/benign (237).png
5,train,362,busi/benign/benign (238).png
5,train,363,busi/benign/benign (239).png
5,train,364,busi/benign/benign (240).png
5,train,365,busi/benign/benign (241).png
5,train,366,busi/benign/benign (242).png
5,train,367,busi/benign/benign (243).png
5,train,368,busi/benign/benign (244).png
5,train,369,busi/benign/benign (245).png
5,train,370,busi/benign/benign (249).png
5,train,371,busi/benign/benign (250).png
5,train,372,busi/benign/benign (252).png
5,train,373,busi/benign/benign (253).png
5,train,374,busi/benign/benign (255).png
5,train,375,busi/benign/benign (257).png
5,train,376,busi/benign/benign (258).png
5,train,377,busi/benign/benign (260).png
5,train,378,busi/benign/benign (262).png
5,train,379,busi/benign/benign (263).png
5,train,380,busi/benign/benign (264).png
5,train,381,busi/benign/benign (266).png
5,train,382,busi/benign/benign (267).png
5,train,383,busi/benign/benign (268).png
5,train,384,busi/benign/benign (269).png
5,train,385,busi/benign/benign (27).png
5,train,386,busi/benign/benign (272).png
5,train,387,busi/benign/benign (275).png
5,train,388,busi/benign/benign (276).png
5,train,389,busi/benign/benign (277).png
5,train,390,busi/benign/benign (278).png
5,train,391,busi/benign/benign (279).png
5,train,392,busi/benign/benign (28).png
5,train,393,busi/benign/benign (282).png
5,train,394,busi/benign/benign (284).png
5,train,395,busi/benign/benign (285).png
5,train,396,busi/benign/benign (286).png
5,train,397,busi/benign/benign (287).png
5,train,398,busi/benign/benign (288).png
5,train,399,busi/benign/benign (291).png
5,train,400,busi/benign/benign (294).png
5,train,401,busi/benign/benign (295).png
5,train,402,busi/benign/benign (296).png
5,train,403,busi/benign/benign (297).png
5,train,404,busi/benign/benign (298).png
5,train,405,busi/benign/benign (30).png
5,train,406,busi/benign/benign (300).png
5,train,407,busi/benign/benign (302).png
5,train,408,busi/benign/benign (304).png
5,train,409,busi/benign/benign (305).png
5,train,410,busi/benign/benign (307).png
5,train,411,busi/benign/benign (309).png
5,train,412,busi/benign/benign (31).png
5,train,413,busi/benign/benign (310).png
5,train,414,busi/benign/benign (312).png
5,train,415,busi/benign/benign (315).png
5,train,416,busi/benign/benign (319).png
5,train,417,busi/benign/benign (32).png
5,train,418,busi/benign/benign (323).png
5,train,419,busi/benign/benign (324).png
5,train,420,busi/benign/benign (325).png
5,train,421,busi/benign/benign (326).png
5,train,422,busi/benign/benign (327).png
5,train,423,busi/benign/benign (33).png
5,train,424,busi/benign/benign (332).png
5,train,425,busi/benign/benign (334).png
5,train,426,busi/benign/benign (335).png
5,train,427,busi/benign/benign (336).png
5,train,428,busi/benign/benign (337).png
5,train,429,busi/benign/benign (338).png
5,train,430,busi/benign/benign (339).png
5,train,431,busi/benign/benign (34).png
5,train,432,busi/benign/benign (340).png
5,train,433,busi/benign/benign (341).png
5,train,434,busi/benign/benign (342).png
5,train,435,busi/benign/benign (346).png
5,train,436,busi/benign/benign (348).png
5,train,437,busi/benign/benign (349).png
5,train,438,busi/benign/benign (35).png
5,train,439,busi/benign/benign (356).png
5,train,440,busi/benign/benign (357).png
5,train,441,busi/benign/benign (358).png
5,train,442,busi/benign/benign (359).png
5,train,443,busi/benign/benign (36).png
5,train,444,busi/benign/benign (360).png
5,train,445,busi/benign/benign (361).png
5,train,446,busi/benign/benign (365).png
5,train,447,busi/benign/benign (366).png
5,train,448,busi/benign/benign (368).png
5,train,449,busi/benign/benign (369).png
5,train,450,busi/benign/benign (370).png
5,train,451,busi/benign/benign (372).png
5,train,452,busi/benign/benign (373).png
5,train,453,busi/benign/benign (374).png
5,train,454,busi/benign/benign (376).png
5,train,455,busi/benign/benign (379).png
5,train,456,busi/benign/benign (38).png
5,train,457,busi/benign/benign (381).png
5,train,458,busi/benign/benign (383).png
5,train,459,busi/benign/benign (384).png
5,train,460,busi/benign/benign (385).png
5,train,461,busi/benign/benign (386).png
5,train,462,busi/benign/benign (387).png
5,train,463,busi/benign/benign (388).png
5,train,464,busi/benign/benign (389).png
5,train,465,busi/benign/benign (392).png
5,train,466,busi/benign/benign (393).png
5,train,467,busi/benign/benign (394).png
5,train,468,busi/benign/benign (395).png
5,train,469,busi/benign/benign (396).png
5,train,470,busi/benign/benign (399).png
5,train,471,busi/benign/benign (40).png
5,train,472,busi/benign/benign (400).png
5,train,473,busi/benign/benign (402).png
5,train,474,busi/benign/benign (403).png
5,train,475,busi/benign/benign (404).png
5,train,476,busi/benign/benign (405).png
5,train,477,busi/benign/benign (409).png
5,train,478,busi/benign/benign (41).png
5,train,479,busi/benign/benign (411).png
5,train,480,busi/benign/benign (412).png
5,train,481,busi/benign/benign (413).png
5,train,482,busi/benign/benign (415).png
5,train,483,busi/benign/benign (419).png
5,train,484,busi/benign/benign (42).png
5,train,485,busi/benign/benign (421).png
5,train,486,busi/benign/benign (422).png
5,train,487,busi/benign/benign (423).png
5,train,488,busi/benign/benign (425).png
5,train,489,busi/benign/benign (428).png
5,train,490,busi/benign/benign (43).png
5,train,491,busi/benign/benign (430).png
5,train,492,busi/benign/benign (432).png
5,train,493,busi/benign/benign (434).png
5,train,494,busi/benign/benign (435).png
5,train,495,busi/benign/benign (436).png
5,train,496,busi/benign/benign (44).png
5,train,497,busi/benign/benign (45).png
5,train,498,busi/benign/benign (46).png
5,train,499,busi/benign/benign (47).png
5,train,500,busi/benign/benign (48).png
5,train,501,busi/benign/benign (49).png
5,train,502,busi/benign/benign (50).png
5,train,503,busi/benign/benign (51).png
5,train,504,busi/benign/benign (52).png
5,train,505,busi/benign/benign (54).png
5,train,506,busi/benign/benign (58).png
5,train,507,busi/benign/benign (6).png
5,train,508,busi/benign/benign (60).png
5,train,509,busi/benign/benign (62).png
5,train,510,busi/benign/benign (63).png
5,train,511,busi/benign/benign (65).png
5,train,512,busi/benign/benign (66).png
5,train,513,busi/benign/benign (67).png
5,train,514,busi/benign/benign (68).png
5,train,515,busi/benign/benign (69).png
5,train,516,busi/benign/benign (7).png
5,train,517,busi/benign/benign (71).png
5,train,518,busi/benign/benign (72).png
5,train,519,busi/benign/benign (73).png
5,train,520,busi/benign/benign (74).png
5,train,521,busi/benign/benign (75).png
5,train,522,busi/benign/benign (76).png
5,train,523,busi/benign/benign (78).png
5,train,524,busi/benign/benign (8).png
5,train,525,busi/benign/benign (80).png
5,train,526,busi/benign/benign (81).png
5,train,527,busi/benign/benign (82).png
5,train,528,busi/benign/benign (83).png
5,train,529,busi/benign/benign (84).png
5,train,530,busi/benign/benign (86).png
5,train,531,busi/benign/benign (88).png
5,train,532,busi/benign/benign (89).png
5,train,533,busi/benign/benign (9).png
5,train,534,busi/benign/benign (90).png
5,train,535,busi/benign/benign (92).png
5,train,536,busi/benign/benign (93).png
5,train,537,busi/benign/benign (94).png
5,train,538,busi/benign/benign (95).png
5,train,539,busi/benign/benign (97).png
5,train,540,busi/benign/benign (99).png
5,train,541,busi/malignant/malignant (1).png
5,train,542,busi/malignant/malignant (10).png
5,train,543,busi/malignant/malignant (100).png
5,train,544,busi/malignant/malignant (101).png
5,train,545,busi/malignant/malignant (102).png
5,train,546,busi/malignant/malignant (103).png
5,train,547,busi/malignant/malignant (104).png
5,train,548,busi/malignant/malignant (105).png
5,train,549,busi/malignant/malignant (107).png
5,train,550,busi/malignant/malignant (110).png
5,train,551,busi/malignant/malignant (111).png
5,train,552,busi/malignant/malignant (113).png
5,train,553,busi/malignant/malignant (116).png
5,train,554,busi/malignant/malignant (117).png
5,train,555,busi/malignant/malignant (118).png
5,train,556,busi/malignant/malignant (119).png
5,train,557,busi/malignant/malignant (12).png
5,train,558,busi/malignant/malignant (120).png
5,train,559,busi/malignant/malignant (121).png
5,train,560,busi/malignant/malignant (123).png
5,train,561,busi/malignant/malignant (125).png
5,train,562,busi/malignant/malignant (126).png
5,train,563,busi/malignant/malignant (128).png
5,train,564,busi/malignant/malignant (129).png
5,train,565,busi/malignant/malignant (13).png
5,train,566,busi/malignant/malignant (130).png
5,train,567,busi/malignant/malignant (131).png
5,train,568,busi/malignant/malignant (132).png
5,train,569,busi/malignant/malignant (133).png
5,train,570,busi/malignant/malignant (136).png
5,train,571,busi/malignant/malignant (137).png
5,train,572,busi/malignant/malignant (138).png
5,train,573,busi/malignant/malignant (139).png
5,train,574,busi/malignant/malignant (14).png
5,train,575,busi/malignant/malignant (143).png
5,train,576,busi/malignant/malignant (144).png
5,train,577,busi/malignant/malignant (147).png
5,train,578,busi/malignant/malignant (148).png
5,train,579,busi/malignant/malignant (15).png
5,train,580,busi/malignant/malignant (150).png
5,train,581,busi/malignant/malignant (151).png
5,train,582,busi/malignant/malignant (155).png
5,train,583,busi/malignant/malignant (156).png
5,train,584,busi/malignant/malignant (157).png
5,train,585,busi/malignant/malignant (158).png
5,train,586,busi/malignant/malignant (159).png
5,train,587,busi/malignant/malignant (16).png
5,train,588,busi/malignant/malignant (160).png
5,train,589,busi/malignant/malignant (161).png
5,train,590,busi/malignant/malignant (162).png
5,train,591,busi/malignant/malignant (163).png
5,train,592,busi/malignant/malignant (164).png
5,train,593,busi/malignant/malignant (166).png
5,train,594,busi/malignant/malignant (167).png
5,train,595,busi/malignant/malignant (168).png
5,train,596,busi/malignant/malignant (17).png
5,train,597,busi/malignant/malignant (170).png
5,train,598,busi/malignant/malignant (171).png
5,train,599,busi/malignant/malignant (173).png
5,train,600,busi/malignant/malignant (174).png
5,train,601,busi/malignant/malignant (175).png
5,train,602,busi/malignant/malignant (177).png
5,train,603,busi/malignant/malignant (178).png
5,train,604,busi/malignant/malignant (179).png
5,train,605,busi/malignant/malignant (18).png
5,train,606,busi/malignant/malignant (181).png
5,train,607,busi/malignant/malignant (183).png
5,train,608,busi/malignant/malignant (187).png
5,train,609,busi/malignant/malignant (188).png
5,train,610,busi/malignant/malignant (19).png
5,train,611,busi/malignant/malignant (190).png
5,train,612,busi/malignant/malignant (191).png
5,train,613,busi/malignant/malignant (193).png
5,train,614,busi/malignant/malignant (195).png
5,train,615,busi/malignant/malignant (196).png
5,train,616,busi/malignant/malignant (198).png
5,train,617,busi/malignant/malignant (199).png
5,train,618,busi/malignant/malignant (2).png
5,train,619,busi/malignant/malignant (201).png
5,train,620,busi/malignant/malignant (202).png
5,train,621,busi/malignant/malignant (203).png
5,train,622,busi/malignant/malignant (204).png
5,train,623,busi/malignant/malignant (206).png
5,train,624,busi/malignant/malignant (207).png
5,train,625,busi/malignant/malignant (208).png
5,train,626,busi/malignant/malignant (209).png
5,train,627,busi/malignant/malignant (21).png
5,train,628,busi/malignant/malignant (22).png
5,train,629,busi/malignant/malignant (23).png
5,train,630,busi/malignant/malignant (24).png
5,train,631,busi/malignant/malignant (25).png
5,train,632,busi/malignant/malignant (27).png
5,train,633,busi/malignant/malignant (28).png
5,train,634,busi/malignant/malignant (30).png
5,train,635,busi/malignant/malignant (31).png
5,train,636,busi/malignant/malignant (32).png
5,train,637,busi/malignant/malignant (33).png
5,train,638,busi/malignant/malignant (34).png
5,train,639,busi/malignant/malignant (35).png
5,train,640,busi/malignant/malignant (36).png
5,train,641,busi/malignant/malignant (37).png
5,train,642,busi/malignant/malignant (38).png
5,train,643,busi/malignant/malignant (39).png
5,train,644,busi/malignant/malignant (42).png
5,train,645,busi/malignant/malignant (43).png
5,train,646,busi/malignant/malignant (44).png
5,train,647,busi/malignant/malignant (45).png
5,train,648,busi/malignant/malignant (49).png
5,train,649,busi/malignant/malignant (50).png
5,train,650,busi/malignant/malignant (51).png
5,train,651,busi/malignant/malignant (57).png
5,train,652,busi/malignant/malignant (62).png
5,train,653,busi/malignant/malignant (63).png
5,train,654,busi/malignant/malignant (64).png
5,train,655,busi/malignant/malignant (65).png
5,train,656,busi/malignant/malignant (66).png
5,train,657,busi/malignant/malignant (67).png
5,train,658,busi/malignant/malignant (69).png
5,train,659,busi/malignant/malignant (70).png
5,train,660,busi/malignant/malignant (71).png
5,train,661,busi/malignant/malignant (73).png
5,train,662,busi/malignant/malignant (76).png
5,train,663,busi/malignant/malignant (77).png
5,train,664,busi/malignant/malignant (78).png
5,train,665,busi/malignant/malignant (79).png
5,train,666,busi/malignant/malignant (80).png
5,train,667,busi/malignant/malignant (85).png
5,train,668,busi/malignant/malignant (86).png
5,train,669,busi/malignant/malignant (88).png
5,train,670,busi/malignant/malignant (91).png
5,train,671,busi/malignant/malignant (92).png
5,train,672,busi/malignant/malignant (93).png
5,train,673,busi/malignant/malignant (95).png
5,train,674,busi/malignant/malignant (96).png
5,train,675,busi/malignant/malignant (97).png
5,selection,0,udiat/000044.png
5,selection,1,arc/209
5,selection,2,arc/35
5,selection,3,udiat/000034.png
5,selection,4,udiat/000308.png
5,selection,5,udiat/000096.png
5,selection,6,arc/105
5,selection,7,udiat/000075.png
5,selection,8,arc/142
5,selection,9,arc/183
5,selection,10,arc/42
5,selection,11,arc/9
5,selection,12,arc/115
5,selection,13,arc/7
5,selection,14,arc/269
5,selection,15,arc/103
5,selection,16,udiat/000303.png
5,selection,17,udiat/000304.png
5,selection,18,arc/275
5,selection,19,arc/245
5,selection,20,arc/86
5,selection,21,arc/76
5,selection,22,udiat/000017.png
5,selection,23,arc/134
5,selection,24,udiat/000053.png
5,selection,25,udiat/000038.png
5,selection,26,udiat/000146.png
5,selection,27,arc/198
5,selection,28,udiat/000107.png
5,selection,29,udiat/000098.png
5,selection,30,arc/226
5,selection,31,arc/190
5,selection,32,udiat/000094.png
5,selection,33,arc/285
5,selection,34,arc/58
5,selection,35,arc/123
5,selection,36,arc/25
5,selection,37,udiat/000082.png
5,selection,38,arc/197
5,selection,39,arc/150
5,selection,40,udiat/000105.png
5,selection,41,udiat/000004.png
5,selection,42,arc/57
5,selection,43,arc/235
5,selection,44,udiat/000071.png
5,selection,45,arc/84
5,selection,46,udiat/000110.png
5,selection,47,arc/158
5,selection,48,arc/93
5,selection,49,arc/112
5,selection,50,arc/51
5,selection,51,arc/176
5,selection,52,arc/299
5,selection,53,udiat/000113.png
5,selection,54,arc/229
5,selection,55,udiat/000057.png
5,selection,56,udiat/000003.png
5,selection,57,arc/276
5,selection,58,arc/159
5,selection,59,udiat/000093.png
5,selection,60,arc/107
5,selection,61,udiat/000298.png
5,selection,62,arc/80
5,selection,63,udiat/000106.png
5,selection,64,arc/222
5,selection,65,udiat/000084.png
5,selection,66,busi/benign/benign (100).png
5,selection,67,busi/benign/benign (114).png
5,selection,68,busi/benign/benign (115).png
5,selection,69,busi/benign/benign (121).png
5,selection,70,busi/benign/benign (140).png
5,selection,71,busi/benign/benign (145).png
5,selection,72,busi/benign/benign (153).png
5,selection,73,busi/benign/benign (155).png
5,selection,74,busi/benign/benign (174).png
5,selection,75,busi/benign/benign (190).png
5,selection,76,busi/benign/benign (192).png
5,selection,77,busi/benign/benign (199).png
5,selection,78,busi/benign/benign (2).png
5,selection,79,busi/benign/benign (206).png
5,selection,80,busi/benign/benign (21).png
5,selection,81,busi/benign/benign (211).png
5,selection,82,busi/benign/benign (216).png
5,selection,83,busi/benign/benign (225).png
5,selection,84,busi/benign/benign (228).png
5,selection,85,busi/benign/benign (229).png
5,selection,86,busi/benign/benign (246).png
5,selection,87,busi/benign/benign (248).png
5,selection,88,busi/benign/benign (25).png
5,selection,89,busi/benign/benign (254).png
5,selection,90,busi/benign/benign (256).png
5,selection,91,busi/benign/benign (259).png
5,selection,92,busi/benign/benign (265).png
5,selection,93,busi/benign/benign (280).png
5,selection,94,busi/benign/benign (281).png
5,selection,95,busi/benign/benign (29).png
5,selection,96,busi/benign/benign (292).png
5,selection,97,busi/benign/benign (293).png
5,selection,98,busi/benign/benign (3).png
5,selection,99,busi/benign/benign (303).png
5,selection,100,busi/benign/benign (306).png
5,selection,101,busi/benign/benign (308).png
5,selection,102,busi/benign/benign (313).png
5,selection,103,busi/benign/benign (316).png
5,selection,104,busi/benign/benign (320).png
5,selection,105,busi/benign/benign (322).png
5,selection,106,busi/benign/benign (343).png
5,selection,107,busi/benign/benign (350).png
5,selection,108,busi/benign/benign (351).png
5,selection,109,busi/benign/benign (353).png
5,selection,110,busi/benign/benign (354).png
5,selection,111,busi/benign/benign (355).png
5,selection,112,busi/benign/benign (363).png
5,selection,113,busi/benign/benign (364).png
5,selection,114,busi/benign/benign (367).png
5,selection,115,busi/benign/benign (377).png
5,selection,116,busi/benign/benign (382).png
5,selection,117,busi/benign/benign (39).png
5,selection,118,busi/benign/benign (391).png
5,selection,119,busi/benign/benign (398).png
5,selection,120,busi/benign/benign (401).png
5,selection,121,busi/benign/benign (406).png
5,selection,122,busi/benign/benign (414).png
5,selection,123,busi/benign/benign (417).png
5,selection,124,busi/benign/benign (424).png
5,selection,125,busi/benign/benign (426).png
5,selection,126,busi/benign/benign (427).png
5,selection,127,busi/benign/benign (429).png
5,selection,128,busi/benign/benign (5).png
5,selection,129,busi/benign/benign (53).png
5,selection,130,busi/benign/benign (56).png
5,selection,131,busi/benign/benign (57).png
5,selection,132,busi/benign/benign (59).png
5,selection,133,busi/benign/benign (64).png
5,selection,134,busi/benign/benign (70).png
5,selection,135,busi/benign/benign (96).png
5,selection,136,busi/malignant/malignant (108).png
5,selection,137,busi/malignant/malignant (114).png
5,selection,138,busi/malignant/malignant (122).png
5,selection,139,busi/malignant/malignant (124).png
5,selection,140,busi/malignant/malignant (127).png
5,selection,141,busi/malignant/malignant (135).png
5,selection,142,busi/malignant/malignant (141).png
5,selection,143,busi/malignant/malignant (149).png
5,selection,144,busi/malignant/malignant (165).png
5,selection,145,busi/malignant/malignant (169).png
5,selection,146,busi/malignant/malignant (182).png
5,selection,147,busi/malignant/malignant (186).png
5,selection,148,busi/malignant/malignant (189).png
5,selection,149,busi/malignant/malignant (194).png
5,selection,150,busi/malignant/malignant (20).png
5,selection,151,busi/malignant/malignant (26).png
5,selection,152,busi/malignant/malignant (29).png
5,selection,153,busi/malignant/malignant (3).png
5,selection,154,busi/malignant/malignant (4).png
5,selection,155,busi/malignant/malignant (40).png
5,selection,156,busi/malignant/malignant (41).png
5,selection,157,busi/malignant/malignant (47).png
5,selection,158,busi/malignant/malignant (5).png
5,selection,159,busi/malignant/malignant (53).png
5,selection,160,busi/malignant/malignant (55).png
5,selection,161,busi/malignant/malignant (58).png
5,selection,162,busi/malignant/malignant (59).png
5,selection,163,busi/malignant/malignant (6).png
5,selection,164,busi/malignant/malignant (60).png
5,selection,165,busi/malignant/malignant (61).png
5,selection,166,busi/malignant/malignant (7).png
5,selection,167,busi/malignant/malignant (8).png
5,selection,168,busi/malignant/malignant (81).png
5,selection,169,busi/malignant/malignant (9).png
5,test,0,udiat/000030.png
5,test,1,arc/279
5,test,2,udiat/000121.png
5,test,3,arc/191
5,test,4,udiat/000145.png
5,test,5,udiat/000091.png
5,test,6,udiat/000080.png
5,test,7,arc/216
5,test,8,arc/40
5,test,9,arc/252
5,test,10,arc/12
5,test,11,arc/18
5,test,12,arc/268
5,test,13,arc/55
5,test,14,arc/173
5,test,15,udiat/000100.png
5,test,16,arc/133
5,test,17,udiat/000018.png
5,test,18,arc/122
5,test,19,udiat/000137.png
5,test,20,arc/175
5,test,21,arc/36
5,test,22,udiat/000111.png
5,test,23,arc/138
5,test,24,arc/242
5,test,25,udiat/000104.png
5,test,26,arc/303
5,test,27,arc/178
5,test,28,udiat/000095.png
5,test,29,udiat/000090.png
5,test,30,arc/274
5,test,31,udiat/000077.png
5,test,32,arc/263
5,test,33,udiat/000092.png
5,test,34,arc/282
5,test,35,arc/155
5,test,36,arc/220
5,test,37,arc/265
5,test,38,arc/11
5,test,39,arc/50
5,test,40,udiat/000067.png
5,test,41,udiat/000131.png
5,test,42,udiat/000043.png
5,test,43,udiat/000076.png
5,test,44,udiat/000108.png
5,test,45,arc/23
5,test,46,arc/64
5,test,47,udiat/000138.png
5,test,48,udiat/000099.png
5,test,49,arc/210
5,test,50,udiat/000028.png
5,test,51,arc/184
5,test,52,arc/140
5,test,53,arc/4
5,test,54,arc/227
5,test,55,arc/294
5,test,56,udiat/000136.png
5,test,57,arc/196
5,test,58,udiat/000135.png
5,test,59,arc/292
5,test,60,arc/49
5,test,61,udiat/000020.png
5,test,62,arc/214
5,test,63,udiat/000114.png
5,test,64,udiat/000140.png
5,test,65,arc/117
5,test,66,arc/253
5,test,67,arc/157
5,test,68,arc/81
5,test,69,arc/124
5,test,70,udiat/000009.png
5,test,71,arc/187
5,test,72,arc/132
5,test,73,arc/146
5,test,74,udiat/000129.png
5,test,75,arc/290
5,test,76,arc/205
5,test,77,arc/29
5,test,78,udiat/000299.png
5,test,79,busi/benign/benign (1).png
5,test,80,busi/benign/benign (106).png
5,test,81,busi/benign/benign (107).png
5,test,82,busi/benign/benign (110).png
5,test,83,busi/benign/benign (113).png
5,test,84,busi/benign/benign (12).png
5,test,85,busi/benign/benign (123).png
5,test,86,busi/benign/benign (124).png
5,test,87,busi/benign/benign (126).png
5,test,88,busi/benign/benign (127).png
5,test,89,busi/benign/benign (13).png
5,test,90,busi/benign/benign (144).png
5,test,91,busi/benign/benign (146).png
5,test,92,busi/benign/benign (150).png
5,test,93,busi/benign/benign (152).png
5,test,94,busi/benign/benign (158).png
5,test,95,busi/benign/benign (164).png
5,test,96,busi/benign/benign (165).png
5,test,97,busi/benign/benign (173).png
5,test,98,busi/benign/benign (18).png
5,test,99,busi/benign/benign (186).png
5,test,100,busi/benign/benign (188).png
5,test,101,busi/benign/benign (19).png
5,test,102,busi/benign/benign (193).png
5,test,103,busi/benign/benign (194).png
5,test,104,busi/benign/benign (200).png
5,test,105,busi/benign/benign (202).png
5,test,106,busi/benign/benign (203).png
5,test,107,busi/benign/benign (214).png
5,test,108,busi/benign/benign (215).png
5,test,109,busi/benign/benign (230).png
5,test,110,busi/benign/benign (233).png
5,test,111,busi/benign/benign (234).png
5,test,112,busi/benign/benign (236).png
5,test,113,busi/benign/benign (24).png
5,test,114,busi/benign/benign (247).png
5,test,115,busi/benign/benign (251).png
5,test,116,busi/benign/benign (26).png
5,test,117,busi/benign/benign (261).png
5,test,118,busi/benign/benign (270).png
5,test,119,busi/benign/benign (271).png
5,test,120,busi/benign/benign (273).png
5,test,121,busi/benign/benign (274).png
5,test,122,busi/benign/benign (283).png
5,test,123,busi/benign/benign (289).png
5,test,124,busi/benign/benign (290).png
5,test,125,busi/benign/benign (299).png
5,test,126,busi/benign/benign (301).png
5,test,127,busi/benign/benign (311).png
5,test,128,busi/benign/benign (314).png
5,test,129,busi/benign/benign (317).png
5,test,130,busi/benign/benign (318).png
5,test,131,busi/benign/benign (321).png
5,test,132,busi/benign/benign (328).png
5,test,133,busi/benign/benign (329).png
5,test,134,busi/benign/benign (330).png
5,test,135,busi/benign/benign (331).png
5,test,136,busi/benign/benign (333).png
5,test,137,busi/benign/benign (344).png
5,test,138,busi/benign/benign (345).png
5,test,139,busi/benign/benign (347).png
5,test,140,busi/benign/benign (352).png
5,test,141,busi/benign/benign (362).png
5,test,142,busi/benign/benign (37).png
5,test,143,busi/benign/benign (371).png
5,test,144,busi/benign/benign (375).png
5,test,145,busi/benign/benign (378).png
5,test,146,busi/benign/benign (380).png
5,test,147,busi/benign/benign (390).png
5,test,148,busi/benign/benign (397).png
5,test,149,busi/benign/benign (4).png
5,test,150,busi/benign/benign (407).png
5,test,151,busi/benign/benign (408).png
5,test,152,busi/benign/benign (410).png
5,test,153,busi/benign/benign (416).png
5,test,154,busi/benign/benign (418).png
5,test,155,busi/benign/benign (420).png
5,test,156,busi/benign/benign (431).png
5,test,157,busi/benign/benign (437).png
5,test,158,busi/benign/benign (55).png
5,test,159,busi/benign/benign (61).png
5,test,160,busi/benign/benign (77).png
5,test,161,busi/benign/benign (79).png
5,test,162,busi/benign/benign (85).png
5,test,163,busi/benign/benign (87).png
5,test,164,busi/benign/benign (91).png
5,test,165,busi/benign/benign (98).png
5,test,166,busi/malignant/malignant (106).png
5,test,167,busi/malignant/malignant (109).png
5,test,168,busi/malignant/malignant (11).png
5,test,169,busi/malignant/malignant (112).png
5,test,170,busi/malignant/malignant (115).png
5,test,171,busi/malignant/malignant (134).png
5,test,172,busi/malignant/malignant (140).png
5,test,173,busi/malignant/malignant (142).png
5,test,174,busi/malignant/malignant (146).png
5,test,175,busi/malignant/malignant (152).png
5,test,176,busi/malignant/malignant (153).png
5,test,177,busi/malignant/malignant (154).png
5,test,178,busi/malignant/malignant (172).png
5,test,179,busi/malignant/malignant (176).png
5,test,180,busi/malignant/malignant (180).png
5,test,181,busi/malignant/malignant (184).png
5,test,182,busi/malignant/malignant (185).png
5,test,183,busi/malignant/malignant (192).png
5,test,184,busi/malignant/malignant (197).png
5,test,185,busi/malignant/malignant (200).png
5,test,186,busi/malignant/malignant (205).png
5,test,187,busi/malignant/malignant (210).png
5,test,188,busi/malignant/malignant (46).png
5,test,189,busi/malignant/malignant (48).png
5,test,190,busi/malignant/malignant (52).png
5,test,191,busi/malignant/malignant (54).png
5,test,192,busi/malignant/malignant (56).png
5,test,193,busi/malignant/malignant (68).png
5,test,194,busi/malignant/malignant (72).png
5,test,195,busi/malignant/malignant (74).png
5,test,196,busi/malignant/malignant (75).png
5,test,197,busi/malignant/malignant (82).png
5,test,198,busi/malignant/malignant (83).png
5,test,199,busi/malignant/malignant (84).png
5,test,200,busi/malignant/malignant (87).png
5,test,201,busi/malignant/malignant (89).png
5,test,202,busi/malignant/malignant (90).png
5,test,203,busi/malignant/malignant (94).png
5,test,204,busi/malignant/malignant (98).png
5,test,205,busi/malignant/malignant (99).png
